[2026-08-12 13:20:18] ============================================
[2026-08-12 13:20:18] Alberth Master v3.0 iniciado (PID: 51880)
[2026-08-12 13:20:18] Monitoreando: /Users/digitalspace/.openclaw/workspace/voice_exchange/input
[2026-08-12 13:20:18] ============================================
[2026-08-12 13:20:19] Iniciando warmup del Tálamo (gemma:2b)...
[2026-08-12 13:20:19] Procesando archivos existentes en input/...
[Tálamo] Pre-calentando gemma:2b en Ollama...
[2026-08-12 13:20:19] --- PIPELINE INICIADO (AUDIO): alberth_voice_20260720_160331.wav ---
[2026-08-12 13:20:19] PASO 1: Transcribiendo audio con Groq Whisper (Cloud)...
[Tálamo] Warmup completado — gemma:2b listo en RAM.
[2026-08-12 13:20:30] STT CLOUD OK → Transcripción: Thank you.
[2026-08-12 13:20:31] FILTRO: Transcripción descartada por ser basura/silencio: 'Thank you.'
[2026-08-12 13:20:31] --- PIPELINE INICIADO (AUDIO): alberth_voice_20260720_160617.wav ---
[2026-08-12 13:20:31] PASO 1: Transcribiendo audio con Groq Whisper (Cloud)...
[2026-08-12 13:20:42] STT CLOUD OK → Transcripción: So, if you don't break, you'll be right off. You can't be right off. Okay.
[2026-08-12 13:20:42] FILTRO: Transcripción válida → 'So, if you don't break, you'll be right off. You can't be right off. Okay.'
[2026-08-12 13:20:43] PASO 1.5: Consultando Tálamo para clasificación semántica...
[Tálamo] Ollama OK → GENERAL_TALK
[2026-08-12 13:20:48] Tálamo → Tipo: GENERAL_TALK
[2026-08-12 13:20:48] PASO 2: Consultando al Agente Alberth...
[2026-08-12 13:20:48] Recuperando contexto de memoria persistente...
[2026-08-12 13:20:48] Memoria OK → Contexto recuperado (300 chars)
[2026-08-12 13:21:00] ERROR: Falló conexión con el agente. Usando fallback.
[2026-08-12 13:21:01] PASO 3: Generando audio de respuesta (TTS Premium edge-tts)...
[TTS-Premium] Sintetizando 94 caracteres con voz 'es-MX-JorgeNeural'...
[TTS-Premium] OK → Audio generado: alberth_voice_20260720_160617_response.mp3 (45 KB) | Voz: es-MX-JorgeNeural
[2026-08-12 13:21:03] TTS PREMIUM OK → Audio: /Users/digitalspace/.openclaw/workspace/voice_exchange/output/alberth_voice_20260720_160617_response.mp3 (edge-tts)
[2026-08-12 13:21:03] PASO 4: Reproduciendo respuesta...
[2026-08-12 13:21:13] --- PIPELINE COMPLETADO ---
[2026-08-12 13:21:14] --- PIPELINE INICIADO (AUDIO): alberth_voice_20260720_160638.wav ---
[2026-08-12 13:21:14] PASO 1: Transcribiendo audio con Groq Whisper (Cloud)...
[2026-08-12 13:21:24] STT CLOUD OK → Transcripción: Thank you.
[2026-08-12 13:21:25] FILTRO: Transcripción descartada por ser basura/silencio: 'Thank you.'
[2026-08-12 13:21:25] --- PIPELINE INICIADO (AUDIO): alberth_voice_20260720_160812.wav ---
[2026-08-12 13:21:25] PASO 1: Transcribiendo audio con Groq Whisper (Cloud)...
[2026-08-12 13:21:35] STT CLOUD OK → Transcripción: Thank you.
[2026-08-12 13:21:35] FILTRO: Transcripción descartada por ser basura/silencio: 'Thank you.'
[2026-08-12 13:21:36] --- PIPELINE INICIADO (AUDIO): alberth_voice_20260720_161440.wav ---
[2026-08-12 13:21:36] PASO 1: Transcribiendo audio con Groq Whisper (Cloud)...
[2026-08-12 13:21:46] STT CLOUD OK → Transcripción: Thank you.
[2026-08-12 13:21:46] FILTRO: Transcripción descartada por ser basura/silencio: 'Thank you.'
[2026-08-12 13:21:46] --- PIPELINE INICIADO (AUDIO): alberth_voice_20260720_161451.wav ---
[2026-08-12 13:21:46] PASO 1: Transcribiendo audio con Groq Whisper (Cloud)...
[2026-08-12 13:21:57] STT CLOUD OK → Transcripción: Thank you.
[2026-08-12 13:21:58] FILTRO: Transcripción descartada por ser basura/silencio: 'Thank you.'
[2026-08-12 13:21:58] --- PIPELINE INICIADO (AUDIO): alberth_voice_20260720_161453.wav ---
[2026-08-12 13:21:58] PASO 1: Transcribiendo audio con Groq Whisper (Cloud)...
[2026-08-12 13:22:10] STT CLOUD OK → Transcripción: Thank you.
[2026-08-12 13:22:10] FILTRO: Transcripción descartada por ser basura/silencio: 'Thank you.'
[2026-08-12 13:22:10] --- PIPELINE INICIADO (AUDIO): alberth_voice_20260720_161649.wav ---
[2026-08-12 13:22:11] PASO 1: Transcribiendo audio con Groq Whisper (Cloud)...
[2026-08-12 13:22:22] STT CLOUD OK → Transcripción: Thank you.
[2026-08-12 13:22:22] FILTRO: Transcripción descartada por ser basura/silencio: 'Thank you.'
[2026-08-12 13:22:23] --- PIPELINE INICIADO (AUDIO): alberth_voice_20260720_161656.wav ---
[2026-08-12 13:22:23] PASO 1: Transcribiendo audio con Groq Whisper (Cloud)...
[2026-08-12 13:22:33] STT CLOUD OK → Transcripción: Yes.
[2026-08-12 13:22:33] FILTRO: Transcripción descartada por ser basura/silencio: 'Yes.'
[2026-08-12 13:22:34] --- PIPELINE INICIADO (AUDIO): alberth_voice_20260720_161708.wav ---
[2026-08-12 13:22:34] PASO 1: Transcribiendo audio con Groq Whisper (Cloud)...
[2026-08-12 13:22:46] STT CLOUD OK → Transcripción: Transcribe the audio.
[2026-08-12 13:22:46] FILTRO: Transcripción válida → 'Transcribe the audio.'
[2026-08-12 13:22:47] PASO 1.5: Consultando Tálamo para clasificación semántica...
[Tálamo] Ollama OK → GENERAL_TALK
[2026-08-12 13:22:51] Tálamo → Tipo: GENERAL_TALK
[2026-08-12 13:22:51] PASO 2: Consultando al Agente Alberth...
[2026-08-12 13:22:51] Recuperando contexto de memoria persistente...
[2026-08-12 13:22:51] Memoria OK → Contexto recuperado (300 chars)
[2026-08-12 13:23:06] ERROR: Falló conexión con el agente. Usando fallback.
[2026-08-12 13:23:06] PASO 3: Generando audio de respuesta (TTS Premium edge-tts)...
[TTS-Premium] Sintetizando 94 caracteres con voz 'es-MX-JorgeNeural'...
[TTS-Premium] OK → Audio generado: alberth_voice_20260720_161708_response.mp3 (45 KB) | Voz: es-MX-JorgeNeural
[2026-08-12 13:23:09] TTS PREMIUM OK → Audio: /Users/digitalspace/.openclaw/workspace/voice_exchange/output/alberth_voice_20260720_161708_response.mp3 (edge-tts)
[2026-08-12 13:23:09] PASO 4: Reproduciendo respuesta...
[2026-08-12 13:23:19] --- PIPELINE COMPLETADO ---
[2026-08-12 13:23:19] --- PIPELINE INICIADO (AUDIO): alberth_voice_20260720_161914.wav ---
[2026-08-12 13:23:20] PASO 1: Transcribiendo audio con Groq Whisper (Cloud)...
[2026-08-12 13:23:31] STT CLOUD OK → Transcripción: Thank you.
[2026-08-12 13:23:31] FILTRO: Transcripción descartada por ser basura/silencio: 'Thank you.'
[2026-08-12 13:23:31] --- PIPELINE INICIADO (AUDIO): alberth_voice_20260720_162217.wav ---
[2026-08-12 13:23:31] PASO 1: Transcribiendo audio con Groq Whisper (Cloud)...
[2026-08-12 13:23:43] STT CLOUD OK → Transcripción: Thank you.
[2026-08-12 13:23:43] FILTRO: Transcripción descartada por ser basura/silencio: 'Thank you.'
[2026-08-12 13:23:44] --- PIPELINE INICIADO (AUDIO): alberth_voice_20260720_162228.wav ---
[2026-08-12 13:23:44] PASO 1: Transcribiendo audio con Groq Whisper (Cloud)...
[2026-08-12 13:23:55] STT CLOUD OK → Transcripción: Thank you.
[2026-08-12 13:23:55] FILTRO: Transcripción descartada por ser basura/silencio: 'Thank you.'
[2026-08-12 13:23:56] --- PIPELINE INICIADO (AUDIO): alberth_voice_20260720_162239.wav ---
[2026-08-12 13:23:56] PASO 1: Transcribiendo audio con Groq Whisper (Cloud)...
[2026-08-12 13:24:06] STT CLOUD OK → Transcripción: Transcribe the audio.
[2026-08-12 13:24:07] FILTRO: Transcripción válida → 'Transcribe the audio.'
[2026-08-12 13:24:07] PASO 1.5: Consultando Tálamo para clasificación semántica...
[Tálamo] Ollama OK → GENERAL_TALK
[2026-08-12 13:24:11] Tálamo → Tipo: GENERAL_TALK
[2026-08-12 13:24:11] PASO 2: Consultando al Agente Alberth...
[2026-08-12 13:24:11] Recuperando contexto de memoria persistente...
[2026-08-12 13:24:12] Memoria OK → Contexto recuperado (300 chars)
[2026-08-12 13:24:23] ERROR: Falló conexión con el agente. Usando fallback.
[2026-08-12 13:24:23] PASO 3: Generando audio de respuesta (TTS Premium edge-tts)...
[TTS-Premium] Sintetizando 94 caracteres con voz 'es-MX-JorgeNeural'...
[TTS-Premium] OK → Audio generado: alberth_voice_20260720_162239_response.mp3 (45 KB) | Voz: es-MX-JorgeNeural
[2026-08-12 13:24:27] TTS PREMIUM OK → Audio: /Users/digitalspace/.openclaw/workspace/voice_exchange/output/alberth_voice_20260720_162239_response.mp3 (edge-tts)
[2026-08-12 13:24:27] PASO 4: Reproduciendo respuesta...
[2026-08-12 13:24:37] --- PIPELINE COMPLETADO ---
[2026-08-12 13:24:38] --- PIPELINE INICIADO (AUDIO): alberth_voice_20260720_162300.wav ---
[2026-08-12 13:24:38] PASO 1: Transcribiendo audio con Groq Whisper (Cloud)...
[2026-08-12 13:24:48] STT CLOUD OK → Transcripción: Thank you.
[2026-08-12 13:24:49] FILTRO: Transcripción descartada por ser basura/silencio: 'Thank you.'
[2026-08-12 13:24:49] --- PIPELINE INICIADO (AUDIO): alberth_voice_20260720_162308.wav ---
[2026-08-12 13:24:49] PASO 1: Transcribiendo audio con Groq Whisper (Cloud)...
[2026-08-12 13:25:00] STT CLOUD OK → Transcripción: Thank you.
[2026-08-12 13:25:01] FILTRO: Transcripción descartada por ser basura/silencio: 'Thank you.'
[2026-08-12 13:25:01] --- PIPELINE INICIADO (AUDIO): alberth_voice_20260720_162327.wav ---
[2026-08-12 13:25:01] PASO 1: Transcribiendo audio con Groq Whisper (Cloud)...
[2026-08-12 13:25:13] STT CLOUD OK → Transcripción: Transcribe the audio.
[2026-08-12 13:25:14] FILTRO: Transcripción válida → 'Transcribe the audio.'
[2026-08-12 13:25:14] PASO 1.5: Consultando Tálamo para clasificación semántica...
[Tálamo] Ollama OK → GENERAL_TALK
[2026-08-12 13:25:18] Tálamo → Tipo: GENERAL_TALK
[2026-08-12 13:25:18] PASO 2: Consultando al Agente Alberth...
[2026-08-12 13:25:18] Recuperando contexto de memoria persistente...
[2026-08-12 13:25:18] Memoria OK → Contexto recuperado (300 chars)
[2026-08-12 13:25:31] ERROR: Falló conexión con el agente. Usando fallback.
[2026-08-12 13:25:31] PASO 3: Generando audio de respuesta (TTS Premium edge-tts)...
[TTS-Premium] Sintetizando 94 caracteres con voz 'es-MX-JorgeNeural'...
[TTS-Premium] OK → Audio generado: alberth_voice_20260720_162327_response.mp3 (45 KB) | Voz: es-MX-JorgeNeural
[2026-08-12 13:25:34] TTS PREMIUM OK → Audio: /Users/digitalspace/.openclaw/workspace/voice_exchange/output/alberth_voice_20260720_162327_response.mp3 (edge-tts)
[2026-08-12 13:25:34] PASO 4: Reproduciendo respuesta...
[2026-08-12 13:25:44] --- PIPELINE COMPLETADO ---
[2026-08-12 13:25:45] --- PIPELINE INICIADO (AUDIO): alberth_voice_20260720_163103.wav ---
[2026-08-12 13:25:45] PASO 1: Transcribiendo audio con Groq Whisper (Cloud)...
[2026-08-12 13:25:55] STT CLOUD OK → Transcripción: Thank you.
[2026-08-12 13:25:55] FILTRO: Transcripción descartada por ser basura/silencio: 'Thank you.'
[2026-08-12 13:25:56] --- PIPELINE INICIADO (AUDIO): alberth_voice_20260720_163305.wav ---
[2026-08-12 13:25:56] PASO 1: Transcribiendo audio con Groq Whisper (Cloud)...
[2026-08-12 13:26:07] STT CLOUD OK → Transcripción: Transcribe the audio.
[2026-08-12 13:26:08] FILTRO: Transcripción válida → 'Transcribe the audio.'
[2026-08-12 13:26:08] PASO 1.5: Consultando Tálamo para clasificación semántica...
[Tálamo] Ollama OK → GENERAL_TALK
[2026-08-12 13:26:11] Tálamo → Tipo: GENERAL_TALK
[2026-08-12 13:26:12] PASO 2: Consultando al Agente Alberth...
[2026-08-12 13:26:12] Recuperando contexto de memoria persistente...
[2026-08-12 13:26:12] Memoria OK → Contexto recuperado (300 chars)
[2026-08-12 13:26:24] ERROR: Falló conexión con el agente. Usando fallback.
[2026-08-12 13:26:25] PASO 3: Generando audio de respuesta (TTS Premium edge-tts)...
[TTS-Premium] Sintetizando 94 caracteres con voz 'es-MX-JorgeNeural'...
[TTS-Premium] OK → Audio generado: alberth_voice_20260720_163305_response.mp3 (45 KB) | Voz: es-MX-JorgeNeural
[2026-08-12 13:26:28] TTS PREMIUM OK → Audio: /Users/digitalspace/.openclaw/workspace/voice_exchange/output/alberth_voice_20260720_163305_response.mp3 (edge-tts)
[2026-08-12 13:26:28] PASO 4: Reproduciendo respuesta...
[2026-08-12 13:26:38] --- PIPELINE COMPLETADO ---
[2026-08-12 13:26:38] --- PIPELINE INICIADO (AUDIO): alberth_voice_20260720_163307.wav ---
[2026-08-12 13:26:38] PASO 1: Transcribiendo audio con Groq Whisper (Cloud)...
[2026-08-12 13:26:49] STT CLOUD OK → Transcripción: Thank you.
[2026-08-12 13:26:50] FILTRO: Transcripción descartada por ser basura/silencio: 'Thank you.'
[2026-08-12 13:26:50] --- PIPELINE INICIADO (AUDIO): alberth_voice_20260720_163325.wav ---
[2026-08-12 13:26:50] PASO 1: Transcribiendo audio con Groq Whisper (Cloud)...
[2026-08-12 13:27:01] STT CLOUD OK → Transcripción: Thank you.
[2026-08-12 13:27:01] FILTRO: Transcripción descartada por ser basura/silencio: 'Thank you.'
[2026-08-12 13:27:02] --- PIPELINE INICIADO (AUDIO): alberth_voice_20260720_163352.wav ---
[2026-08-12 13:27:02] PASO 1: Transcribiendo audio con Groq Whisper (Cloud)...
[2026-08-12 13:27:13] STT CLOUD OK → Transcripción: Thank you.
[2026-08-12 13:27:14] FILTRO: Transcripción descartada por ser basura/silencio: 'Thank you.'
[2026-08-12 13:27:14] --- PIPELINE INICIADO (AUDIO): alberth_voice_20260720_163414.wav ---
[2026-08-12 13:27:14] PASO 1: Transcribiendo audio con Groq Whisper (Cloud)...
[2026-08-12 13:27:25] STT CLOUD OK → Transcripción: Thank you.
[2026-08-12 13:27:26] FILTRO: Transcripción descartada por ser basura/silencio: 'Thank you.'
[2026-08-12 13:27:26] --- PIPELINE INICIADO (AUDIO): alberth_voice_20260720_163507.wav ---
[2026-08-12 13:27:26] PASO 1: Transcribiendo audio con Groq Whisper (Cloud)...
[2026-08-12 13:27:37] STT CLOUD OK → Transcripción: Thank you.
[2026-08-12 13:27:37] FILTRO: Transcripción descartada por ser basura/silencio: 'Thank you.'
[2026-08-12 13:27:38] --- PIPELINE INICIADO (AUDIO): alberth_voice_20260720_163650.wav ---
[2026-08-12 13:27:38] PASO 1: Transcribiendo audio con Groq Whisper (Cloud)...
[2026-08-12 13:27:48] STT CLOUD OK → Transcripción: Thank you.
[2026-08-12 13:27:49] FILTRO: Transcripción descartada por ser basura/silencio: 'Thank you.'
[2026-08-12 13:27:49] --- PIPELINE INICIADO (AUDIO): alberth_voice_20260720_163706.wav ---
[2026-08-12 13:27:49] PASO 1: Transcribiendo audio con Groq Whisper (Cloud)...
[2026-08-12 13:28:00] STT CLOUD OK → Transcripción: Thank you.
[2026-08-12 13:28:00] FILTRO: Transcripción descartada por ser basura/silencio: 'Thank you.'
[2026-08-12 13:28:01] --- PIPELINE INICIADO (AUDIO): alberth_voice_20260720_163744.wav ---
[2026-08-12 13:28:01] PASO 1: Transcribiendo audio con Groq Whisper (Cloud)...
[2026-08-12 13:28:12] STT CLOUD OK → Transcripción: Thank you.
[2026-08-12 13:28:13] FILTRO: Transcripción descartada por ser basura/silencio: 'Thank you.'
[2026-08-12 13:28:13] --- PIPELINE INICIADO (AUDIO): alberth_voice_20260720_163848.wav ---
[2026-08-12 13:28:13] PASO 1: Transcribiendo audio con Groq Whisper (Cloud)...
[2026-08-12 13:28:24] STT CLOUD OK → Transcripción: Thank you.
[2026-08-12 13:28:24] FILTRO: Transcripción descartada por ser basura/silencio: 'Thank you.'
[2026-08-12 13:28:24] --- PIPELINE INICIADO (AUDIO): alberth_voice_20260720_163853.wav ---
[2026-08-12 13:28:25] PASO 1: Transcribiendo audio con Groq Whisper (Cloud)...
[2026-08-12 13:28:35] STT CLOUD OK → Transcripción: Thank you.
[2026-08-12 13:28:35] FILTRO: Transcripción descartada por ser basura/silencio: 'Thank you.'
[2026-08-12 13:28:35] --- PIPELINE INICIADO (AUDIO): alberth_voice_20260720_163919.wav ---
[2026-08-12 13:28:36] PASO 1: Transcribiendo audio con Groq Whisper (Cloud)...
[2026-08-12 13:28:47] STT CLOUD OK → Transcripción: Transcribe the audio.
[2026-08-12 13:28:47] FILTRO: Transcripción válida → 'Transcribe the audio.'
[2026-08-12 13:28:48] PASO 1.5: Consultando Tálamo para clasificación semántica...
[Tálamo] Ollama OK → GENERAL_TALK
[2026-08-12 13:28:51] Tálamo → Tipo: GENERAL_TALK
[2026-08-12 13:28:51] PASO 2: Consultando al Agente Alberth...
[2026-08-12 13:28:51] Recuperando contexto de memoria persistente...
[2026-08-12 13:28:52] Memoria OK → Contexto recuperado (300 chars)
[2026-08-12 13:29:07] ERROR: Falló conexión con el agente. Usando fallback.
[2026-08-12 13:29:07] PASO 3: Generando audio de respuesta (TTS Premium edge-tts)...
[TTS-Premium] Sintetizando 94 caracteres con voz 'es-MX-JorgeNeural'...
[TTS-Premium] OK → Audio generado: alberth_voice_20260720_163919_response.mp3 (45 KB) | Voz: es-MX-JorgeNeural
[2026-08-12 13:29:11] TTS PREMIUM OK → Audio: /Users/digitalspace/.openclaw/workspace/voice_exchange/output/alberth_voice_20260720_163919_response.mp3 (edge-tts)
[2026-08-12 13:29:11] PASO 4: Reproduciendo respuesta...
[2026-08-12 13:29:21] --- PIPELINE COMPLETADO ---
[2026-08-12 13:29:21] --- PIPELINE INICIADO (AUDIO): alberth_voice_20260720_164147.wav ---
[2026-08-12 13:29:21] PASO 1: Transcribiendo audio con Groq Whisper (Cloud)...
[2026-08-12 13:29:33] STT CLOUD OK → Transcripción: Thank you.
[2026-08-12 13:29:33] FILTRO: Transcripción descartada por ser basura/silencio: 'Thank you.'
[2026-08-12 13:29:33] --- PIPELINE INICIADO (AUDIO): alberth_voice_20260720_164152.wav ---
[2026-08-12 13:29:33] PASO 1: Transcribiendo audio con Groq Whisper (Cloud)...
[2026-08-12 13:29:44] STT CLOUD OK → Transcripción: Danny, how are you going to read the radio?
[2026-08-12 13:29:45] FILTRO: Transcripción válida → 'Danny, how are you going to read the radio?'
[2026-08-12 13:29:45] PASO 1.5: Consultando Tálamo para clasificación semántica...
[Tálamo] Ollama OK → GENERAL_TALK
[2026-08-12 13:29:49] Tálamo → Tipo: GENERAL_TALK
[2026-08-12 13:29:49] PASO 2: Consultando al Agente Alberth...
[2026-08-12 13:29:49] Recuperando contexto de memoria persistente...
[2026-08-12 13:29:50] Memoria OK → Contexto recuperado (300 chars)
[2026-08-12 13:30:04] ERROR: Falló conexión con el agente. Usando fallback.
[2026-08-12 13:30:04] PASO 3: Generando audio de respuesta (TTS Premium edge-tts)...
[TTS-Premium] Sintetizando 94 caracteres con voz 'es-MX-JorgeNeural'...
[TTS-Premium] OK → Audio generado: alberth_voice_20260720_164152_response.mp3 (45 KB) | Voz: es-MX-JorgeNeural
[2026-08-12 13:30:08] TTS PREMIUM OK → Audio: /Users/digitalspace/.openclaw/workspace/voice_exchange/output/alberth_voice_20260720_164152_response.mp3 (edge-tts)
[2026-08-12 13:30:08] PASO 4: Reproduciendo respuesta...
[2026-08-12 13:30:18] --- PIPELINE COMPLETADO ---
[2026-08-12 13:30:18] --- PIPELINE INICIADO (AUDIO): alberth_voice_20260720_164216.wav ---
[2026-08-12 13:30:18] PASO 1: Transcribiendo audio con Groq Whisper (Cloud)...
[2026-08-12 13:30:38] STT CLOUD OK → Transcripción: ¿Cree que Javier del cambio que le pregunta en la mañana? Ya está creo. ¿Por qué no pude? La verdad no le pregunté, pero ahorita le pregunto rapidito. Dame un segundo. Me dijo que ya está solucionado.
[2026-08-12 13:30:38] FILTRO: Transcripción válida → '¿Cree que Javier del cambio que le pregunta en la mañana? Ya está creo. ¿Por qué no pude? La verdad no le pregunté, pero ahorita le pregunto rapidito. Dame un segundo. Me dijo que ya está solucionado.'
[2026-08-12 13:30:39] PASO 1.5: Consultando Tálamo para clasificación semántica...
[Tálamo] Ollama OK → GENERAL_TALK
[2026-08-12 13:30:45] Tálamo → Tipo: GENERAL_TALK
[2026-08-12 13:30:46] PASO 2: Consultando al Agente Alberth...
[2026-08-12 13:30:46] Recuperando contexto de memoria persistente...
[2026-08-12 13:30:46] Memoria OK → Contexto recuperado (300 chars)
[2026-08-12 13:31:04] ERROR: Falló conexión con el agente. Usando fallback.
[2026-08-12 13:31:04] PASO 3: Generando audio de respuesta (TTS Premium edge-tts)...
[TTS-Premium] Sintetizando 94 caracteres con voz 'es-MX-JorgeNeural'...
[TTS-Premium] OK → Audio generado: alberth_voice_20260720_164216_response.mp3 (45 KB) | Voz: es-MX-JorgeNeural
[2026-08-12 13:31:10] TTS PREMIUM OK → Audio: /Users/digitalspace/.openclaw/workspace/voice_exchange/output/alberth_voice_20260720_164216_response.mp3 (edge-tts)
[2026-08-12 13:31:10] PASO 4: Reproduciendo respuesta...
[2026-08-12 13:31:20] --- PIPELINE COMPLETADO ---
[2026-08-12 13:31:21] --- PIPELINE INICIADO (AUDIO): alberth_voice_20260720_164239.wav ---
[2026-08-12 13:31:21] PASO 1: Transcribiendo audio con Groq Whisper (Cloud)...
[2026-08-12 13:31:47] STT CLOUD OK → Transcripción: A ver cuénteme. Para esta actualización. Ya. A ver. A ver.
[2026-08-12 13:31:47] FILTRO: Transcripción válida → 'A ver cuénteme. Para esta actualización. Ya. A ver. A ver.'
[2026-08-12 13:31:48] PASO 1.5: Consultando Tálamo para clasificación semántica...
[Tálamo] Ollama OK → GENERAL_TALK
[2026-08-12 13:31:53] Tálamo → Tipo: GENERAL_TALK
[2026-08-12 13:31:53] PASO 2: Consultando al Agente Alberth...
[2026-08-12 13:31:53] Recuperando contexto de memoria persistente...
[2026-08-12 13:31:54] Memoria OK → Contexto recuperado (300 chars)
[2026-08-12 13:32:18] ERROR: Falló conexión con el agente. Usando fallback.
[2026-08-12 13:32:19] PASO 3: Generando audio de respuesta (TTS Premium edge-tts)...
[TTS-Premium] Sintetizando 94 caracteres con voz 'es-MX-JorgeNeural'...
[TTS-Premium] OK → Audio generado: alberth_voice_20260720_164239_response.mp3 (45 KB) | Voz: es-MX-JorgeNeural
[2026-08-12 13:32:25] TTS PREMIUM OK → Audio: /Users/digitalspace/.openclaw/workspace/voice_exchange/output/alberth_voice_20260720_164239_response.mp3 (edge-tts)
[2026-08-12 13:32:25] PASO 4: Reproduciendo respuesta...
[2026-08-12 13:32:35] --- PIPELINE COMPLETADO ---
[2026-08-12 13:32:36] --- PIPELINE INICIADO (AUDIO): alberth_voice_20260720_164409.wav ---
[2026-08-12 13:32:36] PASO 1: Transcribiendo audio con Groq Whisper (Cloud)...
[2026-08-12 13:32:49] STT CLOUD OK → Transcripción: Thank you.
[2026-08-12 13:32:50] FILTRO: Transcripción descartada por ser basura/silencio: 'Thank you.'
[2026-08-12 13:32:50] --- PIPELINE INICIADO (AUDIO): alberth_voice_20260720_164421.wav ---
[2026-08-12 13:32:50] PASO 1: Transcribiendo audio con Groq Whisper (Cloud)...
[2026-08-12 13:33:05] STT CLOUD OK → Transcripción: Thank you.
[2026-08-12 13:33:06] FILTRO: Transcripción descartada por ser basura/silencio: 'Thank you.'
[2026-08-12 13:33:06] --- PIPELINE INICIADO (AUDIO): alberth_voice_20260720_164543.wav ---
[2026-08-12 13:33:06] PASO 1: Transcribiendo audio con Groq Whisper (Cloud)...
[2026-08-12 13:33:20] STT CLOUD OK → Transcripción: Puede ser que tal vez hubo un pequeño corte al servidor, no se estuvo comunicando.
[2026-08-12 13:33:20] FILTRO: Transcripción válida → 'Puede ser que tal vez hubo un pequeño corte al servidor, no se estuvo comunicando.'
[2026-08-12 13:33:21] PASO 1.5: Consultando Tálamo para clasificación semántica...
[Tálamo] Ollama OK → GENERAL_TALK
[2026-08-12 13:33:26] Tálamo → Tipo: GENERAL_TALK
[2026-08-12 13:33:26] PASO 2: Consultando al Agente Alberth...
[2026-08-12 13:33:27] Recuperando contexto de memoria persistente...
[2026-08-12 13:33:27] Memoria OK → Contexto recuperado (300 chars)
[2026-08-12 13:33:43] ERROR: Falló conexión con el agente. Usando fallback.
[2026-08-12 13:33:43] PASO 3: Generando audio de respuesta (TTS Premium edge-tts)...
[TTS-Premium] Sintetizando 94 caracteres con voz 'es-MX-JorgeNeural'...
[TTS-Premium] OK → Audio generado: alberth_voice_20260720_164543_response.mp3 (45 KB) | Voz: es-MX-JorgeNeural
[2026-08-12 13:33:49] TTS PREMIUM OK → Audio: /Users/digitalspace/.openclaw/workspace/voice_exchange/output/alberth_voice_20260720_164543_response.mp3 (edge-tts)
[2026-08-12 13:33:49] PASO 4: Reproduciendo respuesta...
[2026-08-12 13:33:59] --- PIPELINE COMPLETADO ---
[2026-08-12 13:33:59] --- PIPELINE INICIADO (AUDIO): alberth_voice_20260720_164621.wav ---
[2026-08-12 13:33:59] PASO 1: Transcribiendo audio con Groq Whisper (Cloud)...
[2026-08-12 13:34:13] STT CLOUD OK → Transcripción: It's a Nalva, right?
[2026-08-12 13:34:13] FILTRO: Transcripción válida → 'It's a Nalva, right?'
[2026-08-12 13:34:13] PASO 1.5: Consultando Tálamo para clasificación semántica...
[Tálamo] Ollama OK → GENERAL_TALK
[2026-08-12 13:34:18] Tálamo → Tipo: GENERAL_TALK
[2026-08-12 13:34:18] PASO 2: Consultando al Agente Alberth...
[2026-08-12 13:34:19] Recuperando contexto de memoria persistente...
[2026-08-12 13:34:19] Memoria OK → Contexto recuperado (300 chars)
[2026-08-12 13:34:35] ERROR: Falló conexión con el agente. Usando fallback.
[2026-08-12 13:34:36] PASO 3: Generando audio de respuesta (TTS Premium edge-tts)...
[TTS-Premium] Sintetizando 94 caracteres con voz 'es-MX-JorgeNeural'...
[TTS-Premium] OK → Audio generado: alberth_voice_20260720_164621_response.mp3 (45 KB) | Voz: es-MX-JorgeNeural
[2026-08-12 13:34:39] TTS PREMIUM OK → Audio: /Users/digitalspace/.openclaw/workspace/voice_exchange/output/alberth_voice_20260720_164621_response.mp3 (edge-tts)
[2026-08-12 13:34:39] PASO 4: Reproduciendo respuesta...
[2026-08-12 13:34:50] --- PIPELINE COMPLETADO ---
[2026-08-12 13:34:51] --- PIPELINE INICIADO (AUDIO): alberth_voice_20260720_164646.wav ---
[2026-08-12 13:34:51] PASO 1: Transcribiendo audio con Groq Whisper (Cloud)...
[2026-08-12 13:35:04] STT CLOUD OK → Transcripción: Registro de gastos deducibles.
[2026-08-12 13:35:04] FILTRO: Transcripción válida → 'Registro de gastos deducibles.'
[2026-08-12 13:35:05] PASO 1.5: Consultando Tálamo para clasificación semántica...
[Tálamo] Ollama OK → GENERAL_TALK
[2026-08-12 13:35:10] Tálamo → Tipo: GENERAL_TALK
[2026-08-12 13:35:10] PASO 2: Consultando al Agente Alberth...
[2026-08-12 13:35:10] Recuperando contexto de memoria persistente...
[2026-08-12 13:35:11] Memoria OK → Contexto recuperado (300 chars)
[2026-08-12 13:35:27] ERROR: Falló conexión con el agente. Usando fallback.
[2026-08-12 13:35:27] PASO 3: Generando audio de respuesta (TTS Premium edge-tts)...
[TTS-Premium] Sintetizando 94 caracteres con voz 'es-MX-JorgeNeural'...
[TTS-Premium] OK → Audio generado: alberth_voice_20260720_164646_response.mp3 (45 KB) | Voz: es-MX-JorgeNeural
[2026-08-12 13:35:29] TTS PREMIUM OK → Audio: /Users/digitalspace/.openclaw/workspace/voice_exchange/output/alberth_voice_20260720_164646_response.mp3 (edge-tts)
[2026-08-12 13:35:29] PASO 4: Reproduciendo respuesta...
[2026-08-12 13:35:39] --- PIPELINE COMPLETADO ---
[2026-08-12 13:35:40] --- PIPELINE INICIADO (AUDIO): alberth_voice_20260720_164908.wav ---
[2026-08-12 13:35:40] PASO 1: Transcribiendo audio con Groq Whisper (Cloud)...
[2026-08-12 13:35:54] STT CLOUD OK → Transcripción: ¿Qué es lo que se demore un poco el leer los datos? Aquí está clarito. Fanalba, ¿verdad? Los datos deducibles, la comisión, etc. Esto fue, mire, el corto, tal, tal, y de ahí venimos nosotros a hacer eso. Sí, pero ahorita ya está normal.
[2026-08-12 13:35:54] FILTRO: Transcripción válida → '¿Qué es lo que se demore un poco el leer los datos? Aquí está clarito. Fanalba, ¿verdad? Los datos deducibles, la comisión, etc. Esto fue, mire, el corto, tal, tal, y de ahí venimos nosotros a hacer eso. Sí, pero ahorita ya está normal.'
[2026-08-12 13:35:55] PASO 1.5: Consultando Tálamo para clasificación semántica...
[Tálamo] Ollama OK → GENERAL_TALK
[2026-08-12 13:36:02] Tálamo → Tipo: GENERAL_TALK
[2026-08-12 13:36:02] PASO 2: Consultando al Agente Alberth...
[2026-08-12 13:36:02] Recuperando contexto de memoria persistente...
[2026-08-12 13:36:03] Memoria OK → Contexto recuperado (300 chars)
[2026-08-12 13:36:19] ERROR: Falló conexión con el agente. Usando fallback.
[2026-08-12 13:36:19] PASO 3: Generando audio de respuesta (TTS Premium edge-tts)...
[TTS-Premium] Sintetizando 94 caracteres con voz 'es-MX-JorgeNeural'...
[TTS-Premium] OK → Audio generado: alberth_voice_20260720_164908_response.mp3 (45 KB) | Voz: es-MX-JorgeNeural
[2026-08-12 13:36:23] TTS PREMIUM OK → Audio: /Users/digitalspace/.openclaw/workspace/voice_exchange/output/alberth_voice_20260720_164908_response.mp3 (edge-tts)
[2026-08-12 13:36:23] PASO 4: Reproduciendo respuesta...
[2026-08-12 13:36:33] --- PIPELINE COMPLETADO ---
[2026-08-12 13:36:34] --- PIPELINE INICIADO (AUDIO): alberth_voice_20260720_164940.wav ---
[2026-08-12 13:36:34] PASO 1: Transcribiendo audio con Groq Whisper (Cloud)...
[2026-08-12 13:36:48] STT CLOUD OK → Transcripción: Sí. Mira, ahí ya está, ya está normal. Ahorita ya está registrando lo de Robatis. Ya está normal. Thank you.
[2026-08-12 13:36:48] FILTRO: Transcripción válida → 'Sí. Mira, ahí ya está, ya está normal. Ahorita ya está registrando lo de Robatis. Ya está normal. Thank you.'
[2026-08-12 13:36:49] PASO 1.5: Consultando Tálamo para clasificación semántica...
[Tálamo] Ollama OK → GENERAL_TALK
[2026-08-12 13:36:55] Tálamo → Tipo: GENERAL_TALK
[2026-08-12 13:36:55] PASO 2: Consultando al Agente Alberth...
[2026-08-12 13:36:55] Recuperando contexto de memoria persistente...
[2026-08-12 13:36:56] Memoria OK → Contexto recuperado (300 chars)
[2026-08-12 13:37:12] ERROR: Falló conexión con el agente. Usando fallback.
[2026-08-12 13:37:12] PASO 3: Generando audio de respuesta (TTS Premium edge-tts)...
[TTS-Premium] Sintetizando 94 caracteres con voz 'es-MX-JorgeNeural'...
[TTS-Premium] OK → Audio generado: alberth_voice_20260720_164940_response.mp3 (45 KB) | Voz: es-MX-JorgeNeural
[2026-08-12 13:37:15] TTS PREMIUM OK → Audio: /Users/digitalspace/.openclaw/workspace/voice_exchange/output/alberth_voice_20260720_164940_response.mp3 (edge-tts)
[2026-08-12 13:37:15] PASO 4: Reproduciendo respuesta...
[2026-08-12 13:37:25] --- PIPELINE COMPLETADO ---
[2026-08-12 13:37:26] --- PIPELINE INICIADO (AUDIO): alberth_voice_20260720_165014.wav ---
[2026-08-12 13:37:26] PASO 1: Transcribiendo audio con Groq Whisper (Cloud)...
[2026-08-12 13:37:37] STT CLOUD OK → Transcripción: Thank you.
[2026-08-12 13:37:37] FILTRO: Transcripción descartada por ser basura/silencio: 'Thank you.'
[2026-08-12 13:37:38] --- PIPELINE INICIADO (AUDIO): alberth_voice_20260720_165037.wav ---
[2026-08-12 13:37:38] PASO 1: Transcribiendo audio con Groq Whisper (Cloud)...
[2026-08-12 13:37:49] STT CLOUD OK → Transcripción: Thank you.
[2026-08-12 13:37:49] FILTRO: Transcripción descartada por ser basura/silencio: 'Thank you.'
[2026-08-12 13:37:50] --- PIPELINE INICIADO (AUDIO): alberth_voice_20260720_165104.wav ---
[2026-08-12 13:37:50] PASO 1: Transcribiendo audio con Groq Whisper (Cloud)...
[2026-08-12 13:38:01] STT CLOUD OK → Transcripción: Transcribe the audio.
[2026-08-12 13:38:01] FILTRO: Transcripción válida → 'Transcribe the audio.'
[2026-08-12 13:38:01] PASO 1.5: Consultando Tálamo para clasificación semántica...
[Tálamo] Ollama OK → GENERAL_TALK
[2026-08-12 13:38:06] Tálamo → Tipo: GENERAL_TALK
[2026-08-12 13:38:06] PASO 2: Consultando al Agente Alberth...
[2026-08-12 13:38:06] Recuperando contexto de memoria persistente...
[2026-08-12 13:38:07] Memoria OK → Contexto recuperado (300 chars)
[2026-08-12 13:38:23] ERROR: Falló conexión con el agente. Usando fallback.
[2026-08-12 13:38:23] PASO 3: Generando audio de respuesta (TTS Premium edge-tts)...
[TTS-Premium] Sintetizando 94 caracteres con voz 'es-MX-JorgeNeural'...
[TTS-Premium] OK → Audio generado: alberth_voice_20260720_165104_response.mp3 (45 KB) | Voz: es-MX-JorgeNeural
[2026-08-12 13:38:26] TTS PREMIUM OK → Audio: /Users/digitalspace/.openclaw/workspace/voice_exchange/output/alberth_voice_20260720_165104_response.mp3 (edge-tts)
[2026-08-12 13:38:26] PASO 4: Reproduciendo respuesta...
[2026-08-12 13:38:36] --- PIPELINE COMPLETADO ---
[2026-08-12 13:38:37] --- PIPELINE INICIADO (AUDIO): alberth_voice_20260720_173906.wav ---
[2026-08-12 13:38:37] PASO 1: Transcribiendo audio con Groq Whisper (Cloud)...
[2026-08-12 13:38:48] STT CLOUD OK → Transcripción: Thank you.
[2026-08-12 13:38:49] FILTRO: Transcripción descartada por ser basura/silencio: 'Thank you.'
[2026-08-12 13:38:49] --- PIPELINE INICIADO (AUDIO): alberth_voice_20260721_172617.wav ---
[2026-08-12 13:38:49] PASO 1: Transcribiendo audio con Groq Whisper (Cloud)...
[2026-08-12 13:38:59] STT CLOUD OK → Transcripción: Thank you.
[2026-08-12 13:39:00] FILTRO: Transcripción descartada por ser basura/silencio: 'Thank you.'
[2026-08-12 13:39:00] --- PIPELINE INICIADO (AUDIO): alberth_voice_20260723_173313.wav ---
[2026-08-12 13:39:00] PASO 1: Transcribiendo audio con Groq Whisper (Cloud)...
[2026-08-12 13:39:12] STT CLOUD OK → Transcripción: Thank you.
[2026-08-12 13:39:12] FILTRO: Transcripción descartada por ser basura/silencio: 'Thank you.'
[2026-08-12 13:39:12] --- PIPELINE INICIADO (AUDIO): alberth_voice_20260725_094223.wav ---
[2026-08-12 13:39:12] PASO 1: Transcribiendo audio con Groq Whisper (Cloud)...
[2026-08-12 13:39:23] STT CLOUD OK → Transcripción: .
[2026-08-12 13:39:24] FILTRO: Transcripción descartada por ser basura/silencio: '.'
[2026-08-12 13:39:24] --- PIPELINE INICIADO (AUDIO): alberth_voice_20260725_114638.wav ---
[2026-08-12 13:39:24] PASO 1: Transcribiendo audio con Groq Whisper (Cloud)...
[2026-08-12 13:39:35] STT CLOUD OK → Transcripción: .
[2026-08-12 13:39:35] FILTRO: Transcripción descartada por ser basura/silencio: '.'
[2026-08-12 13:39:35] --- PIPELINE INICIADO (AUDIO): alberth_voice_20260727_170642.wav ---
[2026-08-12 13:39:36] PASO 1: Transcribiendo audio con Groq Whisper (Cloud)...
[2026-08-12 13:39:46] STT CLOUD OK → Transcripción: .
[2026-08-12 13:39:46] FILTRO: Transcripción descartada por ser basura/silencio: '.'
[2026-08-12 13:39:47] --- PIPELINE INICIADO (AUDIO): alberth_voice_20260727_210922.wav ---
[2026-08-12 13:39:47] PASO 1: Transcribiendo audio con Groq Whisper (Cloud)...
[2026-08-12 13:39:58] STT CLOUD OK → Transcripción: Thank you.
[2026-08-12 13:39:58] FILTRO: Transcripción descartada por ser basura/silencio: 'Thank you.'
[2026-08-12 13:39:58] --- PIPELINE INICIADO (AUDIO): alberth_voice_20260728_001153.wav ---
[2026-08-12 13:39:58] PASO 1: Transcribiendo audio con Groq Whisper (Cloud)...
[2026-08-12 13:40:10] STT CLOUD OK → Transcripción: .
[2026-08-12 13:40:10] FILTRO: Transcripción descartada por ser basura/silencio: '.'
[2026-08-12 13:40:10] --- PIPELINE INICIADO (AUDIO): alberth_voice_20260809_213553.wav ---
[2026-08-12 13:40:10] PASO 1: Transcribiendo audio con Groq Whisper (Cloud)...
[2026-08-12 13:40:21] STT CLOUD OK → Transcripción: Oh, that's beautiful. And look, I found the pictures that you can see. I have another question. I found the father's house in a house. With the content of the house, I saw the house. I saw the house. I saw the house. I saw the house. I saw the house. I saw the house. I saw the house. I saw the house.
[2026-08-12 13:40:22] FILTRO: Transcripción válida → 'Oh, that's beautiful. And look, I found the pictures that you can see. I have another question. I found the father's house in a house. With the content of the house, I saw the house. I saw the house. I saw the house. I saw the house. I saw the house. I saw the house. I saw the house. I saw the house.'
[2026-08-12 13:40:22] PASO 1.5: Consultando Tálamo para clasificación semántica...
[Tálamo] Ollama OK → GENERAL_TALK
[2026-08-12 13:40:27] Tálamo → Tipo: GENERAL_TALK
[2026-08-12 13:40:27] PASO 2: Consultando al Agente Alberth...
[2026-08-12 13:40:28] Recuperando contexto de memoria persistente...
[2026-08-12 13:40:28] Memoria OK → Contexto recuperado (300 chars)
[2026-08-12 13:40:43] ERROR: Falló conexión con el agente. Usando fallback.
[2026-08-12 13:40:43] PASO 3: Generando audio de respuesta (TTS Premium edge-tts)...
[TTS-Premium] Sintetizando 94 caracteres con voz 'es-MX-JorgeNeural'...
[TTS-Premium] OK → Audio generado: alberth_voice_20260809_213553_response.mp3 (45 KB) | Voz: es-MX-JorgeNeural
[2026-08-12 13:40:47] TTS PREMIUM OK → Audio: /Users/digitalspace/.openclaw/workspace/voice_exchange/output/alberth_voice_20260809_213553_response.mp3 (edge-tts)
[2026-08-12 13:40:47] PASO 4: Reproduciendo respuesta...
[2026-08-12 13:40:57] --- PIPELINE COMPLETADO ---
[2026-08-12 13:40:58] --- PIPELINE INICIADO (AUDIO): alberth_voice_20260809_213600.wav ---
[2026-08-12 13:40:58] PASO 1: Transcribiendo audio con Groq Whisper (Cloud)...
[2026-08-12 13:41:10] STT CLOUD OK → Transcripción: Thank you.
[2026-08-12 13:41:10] FILTRO: Transcripción descartada por ser basura/silencio: 'Thank you.'
[2026-08-12 13:41:10] --- PIPELINE INICIADO (AUDIO): alberth_voice_20260809_213630.wav ---
[2026-08-12 13:41:10] PASO 1: Transcribiendo audio con Groq Whisper (Cloud)...
[2026-08-12 13:41:22] STT CLOUD OK → Transcripción: Transcribe the audio.
[2026-08-12 13:41:23] FILTRO: Transcripción válida → 'Transcribe the audio.'
[2026-08-12 13:41:23] PASO 1.5: Consultando Tálamo para clasificación semántica...
[Tálamo] Ollama OK → GENERAL_TALK
[2026-08-12 13:41:27] Tálamo → Tipo: GENERAL_TALK
[2026-08-12 13:41:27] PASO 2: Consultando al Agente Alberth...
[2026-08-12 13:41:27] Recuperando contexto de memoria persistente...
[2026-08-12 13:41:28] Memoria OK → Contexto recuperado (300 chars)
[2026-08-12 13:41:41] ERROR: Falló conexión con el agente. Usando fallback.
[2026-08-12 13:41:41] PASO 3: Generando audio de respuesta (TTS Premium edge-tts)...
[TTS-Premium] Sintetizando 94 caracteres con voz 'es-MX-JorgeNeural'...
[TTS-Premium] OK → Audio generado: alberth_voice_20260809_213630_response.mp3 (45 KB) | Voz: es-MX-JorgeNeural
[2026-08-12 13:41:44] TTS PREMIUM OK → Audio: /Users/digitalspace/.openclaw/workspace/voice_exchange/output/alberth_voice_20260809_213630_response.mp3 (edge-tts)
[2026-08-12 13:41:44] PASO 4: Reproduciendo respuesta...
[2026-08-12 13:41:54] --- PIPELINE COMPLETADO ---
[2026-08-12 13:41:55] --- PIPELINE INICIADO (AUDIO): alberth_voice_20260809_213642.wav ---
[2026-08-12 13:41:55] PASO 1: Transcribiendo audio con Groq Whisper (Cloud)...
[2026-08-12 13:42:06] STT CLOUD OK → Transcripción: Transcribe the audio.
[2026-08-12 13:42:06] FILTRO: Transcripción válida → 'Transcribe the audio.'
[2026-08-12 13:42:07] PASO 1.5: Consultando Tálamo para clasificación semántica...
[Tálamo] Ollama OK → GENERAL_TALK
[2026-08-12 13:42:10] Tálamo → Tipo: GENERAL_TALK
[2026-08-12 13:42:11] PASO 2: Consultando al Agente Alberth...
[2026-08-12 13:42:11] Recuperando contexto de memoria persistente...
[2026-08-12 13:42:11] Memoria OK → Contexto recuperado (300 chars)
[2026-08-12 13:42:24] ERROR: Falló conexión con el agente. Usando fallback.
[2026-08-12 13:42:24] PASO 3: Generando audio de respuesta (TTS Premium edge-tts)...
[TTS-Premium] Sintetizando 94 caracteres con voz 'es-MX-JorgeNeural'...
[TTS-Premium] OK → Audio generado: alberth_voice_20260809_213642_response.mp3 (45 KB) | Voz: es-MX-JorgeNeural
[2026-08-12 13:42:26] TTS PREMIUM OK → Audio: /Users/digitalspace/.openclaw/workspace/voice_exchange/output/alberth_voice_20260809_213642_response.mp3 (edge-tts)
[2026-08-12 13:42:26] PASO 4: Reproduciendo respuesta...
[2026-08-12 13:42:36] --- PIPELINE COMPLETADO ---
[2026-08-12 13:42:37] --- PIPELINE INICIADO (AUDIO): alberth_voice_20260809_213646.wav ---
[2026-08-12 13:42:37] PASO 1: Transcribiendo audio con Groq Whisper (Cloud)...
[2026-08-12 13:42:49] STT CLOUD OK → Transcripción: Thank you.
[2026-08-12 13:42:50] FILTRO: Transcripción descartada por ser basura/silencio: 'Thank you.'
[2026-08-12 13:42:50] --- PIPELINE INICIADO (AUDIO): alberth_voice_20260809_213712.wav ---
[2026-08-12 13:42:50] PASO 1: Transcribiendo audio con Groq Whisper (Cloud)...
[2026-08-12 13:43:01] STT CLOUD OK → Transcripción: Transcribe the audio.
[2026-08-12 13:43:02] FILTRO: Transcripción válida → 'Transcribe the audio.'
[2026-08-12 13:43:02] PASO 1.5: Consultando Tálamo para clasificación semántica...
[Tálamo] Ollama OK → GENERAL_TALK
[2026-08-12 13:43:06] Tálamo → Tipo: GENERAL_TALK
[2026-08-12 13:43:06] PASO 2: Consultando al Agente Alberth...
[2026-08-12 13:43:06] Recuperando contexto de memoria persistente...
[2026-08-12 13:43:07] Memoria OK → Contexto recuperado (300 chars)
[2026-08-12 13:43:20] ERROR: Falló conexión con el agente. Usando fallback.
[2026-08-12 13:43:20] PASO 3: Generando audio de respuesta (TTS Premium edge-tts)...
[TTS-Premium] Sintetizando 94 caracteres con voz 'es-MX-JorgeNeural'...
[TTS-Premium] OK → Audio generado: alberth_voice_20260809_213712_response.mp3 (45 KB) | Voz: es-MX-JorgeNeural
[2026-08-12 13:43:36] TTS PREMIUM OK → Audio: /Users/digitalspace/.openclaw/workspace/voice_exchange/output/alberth_voice_20260809_213712_response.mp3 (edge-tts)
[2026-08-12 13:43:36] PASO 4: Reproduciendo respuesta...
[2026-08-12 13:43:46] --- PIPELINE COMPLETADO ---
[2026-08-12 13:43:47] --- PIPELINE INICIADO (AUDIO): alberth_voice_20260809_213729.wav ---
[2026-08-12 13:43:47] PASO 1: Transcribiendo audio con Groq Whisper (Cloud)...
[2026-08-12 13:44:18] WARN: Groq Whisper Cloud falló (sin conexión o API error). Activando fallback local...
[2026-08-12 13:44:18] PASO 1b: Transcripción local con Whisper (modelo: base)...
[2026-08-12 13:45:20] STT LOCAL OK → Transcripción: y cru"...
¿Esta subtley?
[2026-08-12 13:45:20] FILTRO: Transcripción válida → 'y cru"...
¿Esta subtley?'
[2026-08-12 13:45:21] PASO 1.5: Consultando Tálamo para clasificación semántica...
[Tálamo] Ollama OK → GENERAL_TALK
[2026-08-12 13:45:26] Tálamo → Tipo: GENERAL_TALK
[2026-08-12 13:45:26] PASO 2: Consultando al Agente Alberth...
[2026-08-12 13:45:27] Recuperando contexto de memoria persistente...
[2026-08-12 13:45:27] Memoria OK → Contexto recuperado (300 chars)
[2026-08-12 13:45:46] ERROR: Falló conexión con el agente. Usando fallback.
[2026-08-12 13:45:46] PASO 3: Generando audio de respuesta (TTS Premium edge-tts)...
[TTS-Premium] Sintetizando 94 caracteres con voz 'es-MX-JorgeNeural'...
[TTS-Premium] OK → Audio generado: alberth_voice_20260809_213729_response.mp3 (45 KB) | Voz: es-MX-JorgeNeural
[2026-08-12 13:45:49] TTS PREMIUM OK → Audio: /Users/digitalspace/.openclaw/workspace/voice_exchange/output/alberth_voice_20260809_213729_response.mp3 (edge-tts)
[2026-08-12 13:45:49] PASO 4: Reproduciendo respuesta...
[2026-08-12 13:45:59] --- PIPELINE COMPLETADO ---
[2026-08-12 13:46:00] --- PIPELINE INICIADO (AUDIO): alberth_voice_20260809_213830.wav ---
[2026-08-12 13:46:00] PASO 1: Transcribiendo audio con Groq Whisper (Cloud)...
[2026-08-12 13:46:11] STT CLOUD OK → Transcripción: Tornado. Tú y yo la vamos a alcanzar. Tornado.
[2026-08-12 13:46:11] FILTRO: Transcripción válida → 'Tornado. Tú y yo la vamos a alcanzar. Tornado.'
[2026-08-12 13:46:11] PASO 1.5: Consultando Tálamo para clasificación semántica...
[Tálamo] Ollama OK → WEB_SEARCH
[2026-08-12 13:46:16] Tálamo → Tipo: WEB_SEARCH
[2026-08-12 13:46:16] PASO 2: Consultando al Agente Alberth...
[2026-08-12 13:46:16] Tálamo → Enrutando a WEB_SEARCH...
[2026-08-12 13:46:19] BÚSQUEDA OK
[2026-08-12 13:46:20] Recuperando contexto de memoria persistente...
[2026-08-12 13:46:20] Memoria OK → Contexto recuperado (300 chars)
[2026-08-12 13:46:33] ERROR: Falló conexión con el agente. Usando fallback.
[2026-08-12 13:46:33] PASO 3: Generando audio de respuesta (TTS Premium edge-tts)...
[TTS-Premium] Sintetizando 94 caracteres con voz 'es-MX-JorgeNeural'...
[TTS-Premium] OK → Audio generado: alberth_voice_20260809_213830_response.mp3 (45 KB) | Voz: es-MX-JorgeNeural
[2026-08-12 13:46:38] TTS PREMIUM OK → Audio: /Users/digitalspace/.openclaw/workspace/voice_exchange/output/alberth_voice_20260809_213830_response.mp3 (edge-tts)
[2026-08-12 13:46:38] PASO 4: Reproduciendo respuesta...
[2026-08-12 13:46:48] --- PIPELINE COMPLETADO ---
[2026-08-12 13:46:48] --- PIPELINE INICIADO (AUDIO): alberth_voice_20260809_213849.wav ---
[2026-08-12 13:46:48] PASO 1: Transcribiendo audio con Groq Whisper (Cloud)...
[2026-08-12 13:47:00] STT CLOUD OK → Transcripción: Thank you.
[2026-08-12 13:47:00] FILTRO: Transcripción descartada por ser basura/silencio: 'Thank you.'
[2026-08-12 13:47:00] --- PIPELINE INICIADO (AUDIO): alberth_voice_20260809_213915.wav ---
[2026-08-12 13:47:00] PASO 1: Transcribiendo audio con Groq Whisper (Cloud)...
[2026-08-12 13:47:11] STT CLOUD OK → Transcripción: Transcribe the audio.
[2026-08-12 13:47:11] FILTRO: Transcripción válida → 'Transcribe the audio.'
[2026-08-12 13:47:12] PASO 1.5: Consultando Tálamo para clasificación semántica...
[Tálamo] Ollama OK → GENERAL_TALK
[2026-08-12 13:47:16] Tálamo → Tipo: GENERAL_TALK
[2026-08-12 13:47:16] PASO 2: Consultando al Agente Alberth...
[2026-08-12 13:47:17] Recuperando contexto de memoria persistente...
[2026-08-12 13:47:17] Memoria OK → Contexto recuperado (300 chars)
[2026-08-12 13:47:29] ERROR: Falló conexión con el agente. Usando fallback.
[2026-08-12 13:47:30] PASO 3: Generando audio de respuesta (TTS Premium edge-tts)...
[TTS-Premium] Sintetizando 94 caracteres con voz 'es-MX-JorgeNeural'...
[TTS-Premium] OK → Audio generado: alberth_voice_20260809_213915_response.mp3 (45 KB) | Voz: es-MX-JorgeNeural
[2026-08-12 13:47:32] TTS PREMIUM OK → Audio: /Users/digitalspace/.openclaw/workspace/voice_exchange/output/alberth_voice_20260809_213915_response.mp3 (edge-tts)
[2026-08-12 13:47:32] PASO 4: Reproduciendo respuesta...
[2026-08-12 13:47:42] --- PIPELINE COMPLETADO ---
[2026-08-12 13:47:42] --- PIPELINE INICIADO (AUDIO): alberth_voice_20260809_213922.wav ---
[2026-08-12 13:47:42] PASO 1: Transcribiendo audio con Groq Whisper (Cloud)...
[2026-08-12 13:47:52] STT CLOUD OK → Transcripción: Thank you.
[2026-08-12 13:47:52] FILTRO: Transcripción descartada por ser basura/silencio: 'Thank you.'
[2026-08-12 13:47:53] --- PIPELINE INICIADO (AUDIO): alberth_voice_20260809_213936.wav ---
[2026-08-12 13:47:53] PASO 1: Transcribiendo audio con Groq Whisper (Cloud)...
[2026-08-12 13:48:04] STT CLOUD OK → Transcripción: Wow.
[2026-08-12 13:48:04] FILTRO: Transcripción válida → 'Wow.'
[2026-08-12 13:48:04] PASO 1.5: Consultando Tálamo para clasificación semántica...
[Tálamo] Ollama OK → GENERAL_TALK
[2026-08-12 13:48:09] Tálamo → Tipo: GENERAL_TALK
[2026-08-12 13:48:09] PASO 2: Consultando al Agente Alberth...
[2026-08-12 13:48:09] Recuperando contexto de memoria persistente...
[2026-08-12 13:48:09] Memoria OK → Contexto recuperado (300 chars)
[2026-08-12 13:48:24] ERROR: Falló conexión con el agente. Usando fallback.
[2026-08-12 13:48:24] PASO 3: Generando audio de respuesta (TTS Premium edge-tts)...
[TTS-Premium] Sintetizando 94 caracteres con voz 'es-MX-JorgeNeural'...
[TTS-Premium] OK → Audio generado: alberth_voice_20260809_213936_response.mp3 (45 KB) | Voz: es-MX-JorgeNeural
[2026-08-12 13:48:28] TTS PREMIUM OK → Audio: /Users/digitalspace/.openclaw/workspace/voice_exchange/output/alberth_voice_20260809_213936_response.mp3 (edge-tts)
[2026-08-12 13:48:28] PASO 4: Reproduciendo respuesta...
[2026-08-12 13:48:38] --- PIPELINE COMPLETADO ---
[2026-08-12 13:48:39] --- PIPELINE INICIADO (AUDIO): alberth_voice_20260809_213940.wav ---
[2026-08-12 13:48:39] PASO 1: Transcribiendo audio con Groq Whisper (Cloud)...
[2026-08-12 13:48:50] STT CLOUD OK → Transcripción: It's a little bit.
[2026-08-12 13:48:50] FILTRO: Transcripción válida → 'It's a little bit.'
[2026-08-12 13:48:50] PASO 1.5: Consultando Tálamo para clasificación semántica...
[Tálamo] Ollama OK → GENERAL_TALK
[2026-08-12 13:48:54] Tálamo → Tipo: GENERAL_TALK
[2026-08-12 13:48:54] PASO 2: Consultando al Agente Alberth...
[2026-08-12 13:48:54] Recuperando contexto de memoria persistente...
[2026-08-12 13:48:55] Memoria OK → Contexto recuperado (300 chars)
[2026-08-12 13:49:07] ERROR: Falló conexión con el agente. Usando fallback.
[2026-08-12 13:49:08] PASO 3: Generando audio de respuesta (TTS Premium edge-tts)...
[TTS-Premium] Sintetizando 94 caracteres con voz 'es-MX-JorgeNeural'...
[TTS-Premium] OK → Audio generado: alberth_voice_20260809_213940_response.mp3 (45 KB) | Voz: es-MX-JorgeNeural
[2026-08-12 13:49:10] TTS PREMIUM OK → Audio: /Users/digitalspace/.openclaw/workspace/voice_exchange/output/alberth_voice_20260809_213940_response.mp3 (edge-tts)
[2026-08-12 13:49:10] PASO 4: Reproduciendo respuesta...
[2026-08-12 13:49:20] --- PIPELINE COMPLETADO ---
[2026-08-12 13:49:20] --- PIPELINE INICIADO (AUDIO): alberth_voice_20260809_214015.wav ---
[2026-08-12 13:49:20] PASO 1: Transcribiendo audio con Groq Whisper (Cloud)...
[2026-08-12 13:49:31] STT CLOUD OK → Transcripción: Hola, Sheldon. Hola, ¿en qué buenos servicios? Tienes algo que quieren. Vale. Mamá me dijo que esto le pasa a los cuartos en la ciudad. No, sólo tenemos información. No, pero eso tengo mucha. Acá sí. ¿Oí que dice la casa del padre Howard? Correcto. ¿Qué decía? No puedo decir que negra y impide la confidencialidad entre organizador y organizador.
[2026-08-12 13:49:32] FILTRO: Transcripción válida → 'Hola, Sheldon. Hola, ¿en qué buenos servicios? Tienes algo que quieren. Vale. Mamá me dijo que esto le pasa a los cuartos en la ciudad. No, sólo tenemos información. No, pero eso tengo mucha. Acá sí. ¿Oí que dice la casa del padre Howard? Correcto. ¿Qué decía? No puedo decir que negra y impide la confidencialidad entre organizador y organizador.'
[2026-08-12 13:49:32] PASO 1.5: Consultando Tálamo para clasificación semántica...
[Tálamo] Ollama OK → GENERAL_TALK
[2026-08-12 13:49:38] Tálamo → Tipo: GENERAL_TALK
[2026-08-12 13:49:38] PASO 2: Consultando al Agente Alberth...
[2026-08-12 13:49:38] Recuperando contexto de memoria persistente...
[2026-08-12 13:49:39] Memoria OK → Contexto recuperado (300 chars)
[2026-08-12 13:49:52] ERROR: Falló conexión con el agente. Usando fallback.
[2026-08-12 13:49:52] PASO 3: Generando audio de respuesta (TTS Premium edge-tts)...
[TTS-Premium] Sintetizando 94 caracteres con voz 'es-MX-JorgeNeural'...
[TTS-Premium] OK → Audio generado: alberth_voice_20260809_214015_response.mp3 (45 KB) | Voz: es-MX-JorgeNeural
[2026-08-12 13:49:54] TTS PREMIUM OK → Audio: /Users/digitalspace/.openclaw/workspace/voice_exchange/output/alberth_voice_20260809_214015_response.mp3 (edge-tts)
[2026-08-12 13:49:54] PASO 4: Reproduciendo respuesta...
[2026-08-12 13:50:04] --- PIPELINE COMPLETADO ---
[2026-08-12 13:50:04] --- PIPELINE INICIADO (AUDIO): alberth_voice_20260809_214028.wav ---
[2026-08-12 13:50:04] PASO 1: Transcribiendo audio con Groq Whisper (Cloud)...
[2026-08-12 13:50:15] STT CLOUD OK → Transcripción: Tampoco existe la regla de darle la mano a tu novia en el cine. Si, y eso no te implica atacarle como un hambre en todo otro, un bote de basura. ¿Qué es lo que se llama?
[2026-08-12 13:50:16] FILTRO: Transcripción válida → 'Tampoco existe la regla de darle la mano a tu novia en el cine. Si, y eso no te implica atacarle como un hambre en todo otro, un bote de basura. ¿Qué es lo que se llama?'
[2026-08-12 13:50:16] PASO 1.5: Consultando Tálamo para clasificación semántica...
[Tálamo] Ollama OK → GENERAL_TALK
[2026-08-12 13:50:21] Tálamo → Tipo: GENERAL_TALK
[2026-08-12 13:50:21] PASO 2: Consultando al Agente Alberth...
[2026-08-12 13:50:21] Recuperando contexto de memoria persistente...
[2026-08-12 13:50:22] Memoria OK → Contexto recuperado (300 chars)
[2026-08-12 13:50:34] ERROR: Falló conexión con el agente. Usando fallback.
[2026-08-12 13:50:34] PASO 3: Generando audio de respuesta (TTS Premium edge-tts)...
[TTS-Premium] Sintetizando 94 caracteres con voz 'es-MX-JorgeNeural'...
[TTS-Premium] OK → Audio generado: alberth_voice_20260809_214028_response.mp3 (45 KB) | Voz: es-MX-JorgeNeural
[2026-08-12 13:50:37] TTS PREMIUM OK → Audio: /Users/digitalspace/.openclaw/workspace/voice_exchange/output/alberth_voice_20260809_214028_response.mp3 (edge-tts)
[2026-08-12 13:50:37] PASO 4: Reproduciendo respuesta...
[2026-08-12 13:50:47] --- PIPELINE COMPLETADO ---
[2026-08-12 13:50:47] --- PIPELINE INICIADO (AUDIO): alberth_voice_20260809_214046.wav ---
[2026-08-12 13:50:47] PASO 1: Transcribiendo audio con Groq Whisper (Cloud)...
[2026-08-12 13:51:01] STT CLOUD OK → Transcripción: TRISTAR 1
[2026-08-12 13:51:01] FILTRO: Transcripción válida → 'TRISTAR 1'
[2026-08-12 13:51:01] PASO 1.5: Consultando Tálamo para clasificación semántica...
[Tálamo] Ollama OK → REMINDER_TIMER
[2026-08-12 13:51:07] Tálamo → Tipo: REMINDER_TIMER
[2026-08-12 13:51:07] PASO 2: Consultando al Agente Alberth...
[2026-08-12 13:51:07] Tálamo → Enrutando a SYSTEM_UTILS...
[2026-08-12 13:51:08] WARN: Sistema helper devolvió código 1. Resultado: No se detectó ninguna acción de sistema reconocible en la consulta.
[2026-08-12 13:51:08] Recuperando contexto de memoria persistente...
[2026-08-12 13:51:08] Memoria OK → Contexto recuperado (300 chars)
[2026-08-12 13:51:25] ERROR: Falló conexión con el agente. Usando fallback.
[2026-08-12 13:51:25] PASO 3: Generando audio de respuesta (TTS Premium edge-tts)...
[TTS-Premium] Sintetizando 94 caracteres con voz 'es-MX-JorgeNeural'...
[TTS-Premium] OK → Audio generado: alberth_voice_20260809_214046_response.mp3 (45 KB) | Voz: es-MX-JorgeNeural
[2026-08-12 13:51:28] TTS PREMIUM OK → Audio: /Users/digitalspace/.openclaw/workspace/voice_exchange/output/alberth_voice_20260809_214046_response.mp3 (edge-tts)
[2026-08-12 13:51:28] PASO 4: Reproduciendo respuesta...
[2026-08-12 13:51:38] --- PIPELINE COMPLETADO ---
[2026-08-12 13:51:39] --- PIPELINE INICIADO (AUDIO): alberth_voice_20260809_214057.wav ---
[2026-08-12 13:51:39] PASO 1: Transcribiendo audio con Groq Whisper (Cloud)...
[2026-08-12 13:51:52] STT CLOUD OK → Transcripción: .
[2026-08-12 13:51:52] FILTRO: Transcripción descartada por ser basura/silencio: '.'
[2026-08-12 13:51:52] --- PIPELINE INICIADO (AUDIO): alberth_voice_20260809_214108.wav ---
[2026-08-12 13:51:52] PASO 1: Transcribiendo audio con Groq Whisper (Cloud)...
[2026-08-12 13:52:04] STT CLOUD OK → Transcripción: Transcribe the audio.
[2026-08-12 13:52:04] FILTRO: Transcripción válida → 'Transcribe the audio.'
[2026-08-12 13:52:04] PASO 1.5: Consultando Tálamo para clasificación semántica...
[Tálamo] Ollama OK → GENERAL_TALK
[2026-08-12 13:52:09] Tálamo → Tipo: GENERAL_TALK
[2026-08-12 13:52:09] PASO 2: Consultando al Agente Alberth...
[2026-08-12 13:52:09] Recuperando contexto de memoria persistente...
[2026-08-12 13:52:10] Memoria OK → Contexto recuperado (300 chars)
[2026-08-12 13:52:22] ERROR: Falló conexión con el agente. Usando fallback.
[2026-08-12 13:52:22] PASO 3: Generando audio de respuesta (TTS Premium edge-tts)...
[TTS-Premium] Sintetizando 94 caracteres con voz 'es-MX-JorgeNeural'...
[TTS-Premium] OK → Audio generado: alberth_voice_20260809_214108_response.mp3 (45 KB) | Voz: es-MX-JorgeNeural
[2026-08-12 13:52:26] TTS PREMIUM OK → Audio: /Users/digitalspace/.openclaw/workspace/voice_exchange/output/alberth_voice_20260809_214108_response.mp3 (edge-tts)
[2026-08-12 13:52:26] PASO 4: Reproduciendo respuesta...
[2026-08-12 13:52:36] --- PIPELINE COMPLETADO ---
[2026-08-12 13:52:36] --- PIPELINE INICIADO (AUDIO): alberth_voice_20260809_214141.wav ---
[2026-08-12 13:52:36] PASO 1: Transcribiendo audio con Groq Whisper (Cloud)...
[2026-08-12 13:52:51] STT CLOUD OK → Transcripción: I think that's a lot of people. Because I'm going to ask you to help me. I'm going to ask you to help me. Well, I'll be back in the morning. I'm going to ask you to help me. Now, what you need is to help me. I'm going to ask you to help me. Thank you.
[2026-08-12 13:52:51] FILTRO: Transcripción válida → 'I think that's a lot of people. Because I'm going to ask you to help me. I'm going to ask you to help me. Well, I'll be back in the morning. I'm going to ask you to help me. Now, what you need is to help me. I'm going to ask you to help me. Thank you.'
[2026-08-12 13:52:51] PASO 1.5: Consultando Tálamo para clasificación semántica...
[Tálamo] Ollama OK → GENERAL_TALK
[2026-08-12 13:52:57] Tálamo → Tipo: GENERAL_TALK
[2026-08-12 13:52:57] PASO 2: Consultando al Agente Alberth...
[2026-08-12 13:52:57] Recuperando contexto de memoria persistente...
[2026-08-12 13:52:58] Memoria OK → Contexto recuperado (300 chars)
[2026-08-12 13:53:10] ERROR: Falló conexión con el agente. Usando fallback.
[2026-08-12 13:53:10] PASO 3: Generando audio de respuesta (TTS Premium edge-tts)...
[TTS-Premium] Sintetizando 94 caracteres con voz 'es-MX-JorgeNeural'...
[TTS-Premium] OK → Audio generado: alberth_voice_20260809_214141_response.mp3 (45 KB) | Voz: es-MX-JorgeNeural
[2026-08-12 13:53:12] TTS PREMIUM OK → Audio: /Users/digitalspace/.openclaw/workspace/voice_exchange/output/alberth_voice_20260809_214141_response.mp3 (edge-tts)
[2026-08-12 13:53:13] PASO 4: Reproduciendo respuesta...
[2026-08-12 13:53:23] --- PIPELINE COMPLETADO ---
[2026-08-12 13:53:23] --- PIPELINE INICIADO (AUDIO): alberth_voice_20260809_214251.wav ---
[2026-08-12 13:53:23] PASO 1: Transcribiendo audio con Groq Whisper (Cloud)...
[2026-08-12 13:53:36] STT CLOUD OK → Transcripción: Transcribe the audio. Transcribe the audio. Transcribe the audio.
[2026-08-12 13:53:36] FILTRO: Transcripción válida → 'Transcribe the audio. Transcribe the audio. Transcribe the audio.'
[2026-08-12 13:53:36] PASO 1.5: Consultando Tálamo para clasificación semántica...
[Tálamo] Ollama OK → GENERAL_TALK
[2026-08-12 13:53:42] Tálamo → Tipo: GENERAL_TALK
[2026-08-12 13:53:42] PASO 2: Consultando al Agente Alberth...
[2026-08-12 13:53:42] Recuperando contexto de memoria persistente...
[2026-08-12 13:53:42] Memoria OK → Contexto recuperado (300 chars)
[2026-08-12 13:53:54] ERROR: Falló conexión con el agente. Usando fallback.
[2026-08-12 13:53:55] PASO 3: Generando audio de respuesta (TTS Premium edge-tts)...
[TTS-Premium] Sintetizando 94 caracteres con voz 'es-MX-JorgeNeural'...
[TTS-Premium] OK → Audio generado: alberth_voice_20260809_214251_response.mp3 (45 KB) | Voz: es-MX-JorgeNeural
[2026-08-12 13:53:57] TTS PREMIUM OK → Audio: /Users/digitalspace/.openclaw/workspace/voice_exchange/output/alberth_voice_20260809_214251_response.mp3 (edge-tts)
[2026-08-12 13:53:57] PASO 4: Reproduciendo respuesta...
[2026-08-12 13:54:07] --- PIPELINE COMPLETADO ---
[2026-08-12 13:54:07] --- PIPELINE INICIADO (AUDIO): alberth_voice_20260809_214307.wav ---
[2026-08-12 13:54:07] PASO 1: Transcribiendo audio con Groq Whisper (Cloud)...
[2026-08-12 13:54:18] STT CLOUD OK → Transcripción: Thank you.
[2026-08-12 13:54:18] FILTRO: Transcripción descartada por ser basura/silencio: 'Thank you.'
[2026-08-12 13:54:19] --- PIPELINE INICIADO (AUDIO): alberth_voice_20260809_214319.wav ---
[2026-08-12 13:54:19] PASO 1: Transcribiendo audio con Groq Whisper (Cloud)...
[2026-08-12 13:54:30] STT CLOUD OK → Transcripción: Transcribe the audio.
[2026-08-12 13:54:31] FILTRO: Transcripción válida → 'Transcribe the audio.'
[2026-08-12 13:54:31] PASO 1.5: Consultando Tálamo para clasificación semántica...
[Tálamo] Ollama OK → GENERAL_TALK
[2026-08-12 13:54:35] Tálamo → Tipo: GENERAL_TALK
[2026-08-12 13:54:35] PASO 2: Consultando al Agente Alberth...
[2026-08-12 13:54:35] Recuperando contexto de memoria persistente...
[2026-08-12 13:54:36] Memoria OK → Contexto recuperado (300 chars)
[2026-08-12 13:54:49] ERROR: Falló conexión con el agente. Usando fallback.
[2026-08-12 13:54:50] PASO 3: Generando audio de respuesta (TTS Premium edge-tts)...
[TTS-Premium] Sintetizando 94 caracteres con voz 'es-MX-JorgeNeural'...
[TTS-Premium] OK → Audio generado: alberth_voice_20260809_214319_response.mp3 (45 KB) | Voz: es-MX-JorgeNeural
[2026-08-12 13:54:52] TTS PREMIUM OK → Audio: /Users/digitalspace/.openclaw/workspace/voice_exchange/output/alberth_voice_20260809_214319_response.mp3 (edge-tts)
[2026-08-12 13:54:52] PASO 4: Reproduciendo respuesta...
[2026-08-12 13:55:02] --- PIPELINE COMPLETADO ---
[2026-08-12 13:55:02] --- PIPELINE INICIADO (AUDIO): alberth_voice_20260809_214330.wav ---
[2026-08-12 13:55:02] PASO 1: Transcribiendo audio con Groq Whisper (Cloud)...
[2026-08-12 13:55:15] STT CLOUD OK → Transcripción: It's a ridiculous to have to go up so many stairs. Yes, yes, yes. Yes, yes.
[2026-08-12 13:55:15] FILTRO: Transcripción válida → 'It's a ridiculous to have to go up so many stairs. Yes, yes, yes. Yes, yes.'
[2026-08-12 13:55:16] PASO 1.5: Consultando Tálamo para clasificación semántica...
[Tálamo] Ollama OK → GENERAL_TALK
[2026-08-12 13:55:20] Tálamo → Tipo: GENERAL_TALK
[2026-08-12 13:55:20] PASO 2: Consultando al Agente Alberth...
[2026-08-12 13:55:21] Recuperando contexto de memoria persistente...
[2026-08-12 13:55:21] Memoria OK → Contexto recuperado (300 chars)
[2026-08-12 13:55:33] ERROR: Falló conexión con el agente. Usando fallback.
[2026-08-12 13:55:34] PASO 3: Generando audio de respuesta (TTS Premium edge-tts)...
[TTS-Premium] Sintetizando 94 caracteres con voz 'es-MX-JorgeNeural'...
[TTS-Premium] OK → Audio generado: alberth_voice_20260809_214330_response.mp3 (45 KB) | Voz: es-MX-JorgeNeural
[2026-08-12 13:55:37] TTS PREMIUM OK → Audio: /Users/digitalspace/.openclaw/workspace/voice_exchange/output/alberth_voice_20260809_214330_response.mp3 (edge-tts)
[2026-08-12 13:55:37] PASO 4: Reproduciendo respuesta...
[2026-08-12 13:55:47] --- PIPELINE COMPLETADO ---
[2026-08-12 13:55:48] --- PIPELINE INICIADO (AUDIO): alberth_voice_20260809_214346.wav ---
[2026-08-12 13:55:48] PASO 1: Transcribiendo audio con Groq Whisper (Cloud)...
[2026-08-12 13:55:58] STT CLOUD OK → Transcripción: Shut up, fuck yourself, you're the bastard. What the heck?
[2026-08-12 13:55:58] FILTRO: Transcripción válida → 'Shut up, fuck yourself, you're the bastard. What the heck?'
[2026-08-12 13:55:59] PASO 1.5: Consultando Tálamo para clasificación semántica...
[Tálamo] Ollama OK → GENERAL_TALK
[2026-08-12 13:56:03] Tálamo → Tipo: GENERAL_TALK
[2026-08-12 13:56:03] PASO 2: Consultando al Agente Alberth...
[2026-08-12 13:56:03] Recuperando contexto de memoria persistente...
[2026-08-12 13:56:04] Memoria OK → Contexto recuperado (300 chars)
[2026-08-12 13:56:17] ERROR: Falló conexión con el agente. Usando fallback.
[2026-08-12 13:56:17] PASO 3: Generando audio de respuesta (TTS Premium edge-tts)...
[TTS-Premium] Sintetizando 94 caracteres con voz 'es-MX-JorgeNeural'...
[TTS-Premium] OK → Audio generado: alberth_voice_20260809_214346_response.mp3 (45 KB) | Voz: es-MX-JorgeNeural
[2026-08-12 13:56:20] TTS PREMIUM OK → Audio: /Users/digitalspace/.openclaw/workspace/voice_exchange/output/alberth_voice_20260809_214346_response.mp3 (edge-tts)
[2026-08-12 13:56:20] PASO 4: Reproduciendo respuesta...
[2026-08-12 13:56:30] --- PIPELINE COMPLETADO ---
[2026-08-12 13:56:30] --- PIPELINE INICIADO (AUDIO): alberth_voice_20260809_214408.wav ---
[2026-08-12 13:56:30] PASO 1: Transcribiendo audio con Groq Whisper (Cloud)...
[2026-08-12 13:56:41] STT CLOUD OK → Transcripción: Me obligé a decirlo. ¿No? ¿Qué más lo saben? Yo sé. ¡Qué poca vergüenza! Así que todo el mundo sabe lo que tenía la carta de nuestro. Sí, somos ex contra uno, ya ríndete.
[2026-08-12 13:56:41] FILTRO: Transcripción válida → 'Me obligé a decirlo. ¿No? ¿Qué más lo saben? Yo sé. ¡Qué poca vergüenza! Así que todo el mundo sabe lo que tenía la carta de nuestro. Sí, somos ex contra uno, ya ríndete.'
[2026-08-12 13:56:41] PASO 1.5: Consultando Tálamo para clasificación semántica...
[Tálamo] Ollama OK → GENERAL_TALK
[2026-08-12 13:56:46] Tálamo → Tipo: GENERAL_TALK
[2026-08-12 13:56:47] PASO 2: Consultando al Agente Alberth...
[2026-08-12 13:56:47] Recuperando contexto de memoria persistente...
[2026-08-12 13:56:47] Memoria OK → Contexto recuperado (300 chars)
[2026-08-12 13:57:01] ERROR: Falló conexión con el agente. Usando fallback.
[2026-08-12 13:57:01] PASO 3: Generando audio de respuesta (TTS Premium edge-tts)...
[TTS-Premium] Sintetizando 94 caracteres con voz 'es-MX-JorgeNeural'...
[TTS-Premium] OK → Audio generado: alberth_voice_20260809_214408_response.mp3 (45 KB) | Voz: es-MX-JorgeNeural
[2026-08-12 13:57:04] TTS PREMIUM OK → Audio: /Users/digitalspace/.openclaw/workspace/voice_exchange/output/alberth_voice_20260809_214408_response.mp3 (edge-tts)
[2026-08-12 13:57:05] PASO 4: Reproduciendo respuesta...
[2026-08-12 13:57:15] --- PIPELINE COMPLETADO ---
[2026-08-12 13:57:15] --- PIPELINE INICIADO (AUDIO): alberth_voice_20260809_214423.wav ---
[2026-08-12 13:57:15] PASO 1: Transcribiendo audio con Groq Whisper (Cloud)...
[2026-08-12 13:57:26] STT CLOUD OK → Transcripción: .
[2026-08-12 13:57:26] FILTRO: Transcripción descartada por ser basura/silencio: '.'
[2026-08-12 13:57:26] --- PIPELINE INICIADO (AUDIO): alberth_voice_20260809_214440.wav ---
[2026-08-12 13:57:27] PASO 1: Transcribiendo audio con Groq Whisper (Cloud)...
[2026-08-12 13:57:39] STT CLOUD OK → Transcripción: Transcribe the audio.
[2026-08-12 13:57:39] FILTRO: Transcripción válida → 'Transcribe the audio.'
[2026-08-12 13:57:39] PASO 1.5: Consultando Tálamo para clasificación semántica...
[Tálamo] Ollama OK → GENERAL_TALK
[2026-08-12 13:57:43] Tálamo → Tipo: GENERAL_TALK
[2026-08-12 13:57:44] PASO 2: Consultando al Agente Alberth...
[2026-08-12 13:57:44] Recuperando contexto de memoria persistente...
[2026-08-12 13:57:44] Memoria OK → Contexto recuperado (300 chars)
[2026-08-12 13:57:56] ERROR: Falló conexión con el agente. Usando fallback.
[2026-08-12 13:57:56] PASO 3: Generando audio de respuesta (TTS Premium edge-tts)...
[TTS-Premium] Sintetizando 94 caracteres con voz 'es-MX-JorgeNeural'...
[TTS-Premium] OK → Audio generado: alberth_voice_20260809_214440_response.mp3 (45 KB) | Voz: es-MX-JorgeNeural
[2026-08-12 13:58:00] TTS PREMIUM OK → Audio: /Users/digitalspace/.openclaw/workspace/voice_exchange/output/alberth_voice_20260809_214440_response.mp3 (edge-tts)
[2026-08-12 13:58:00] PASO 4: Reproduciendo respuesta...
[2026-08-12 13:58:10] --- PIPELINE COMPLETADO ---
[2026-08-12 13:58:10] --- PIPELINE INICIADO (AUDIO): alberth_voice_20260809_214523.wav ---
[2026-08-12 13:58:10] PASO 1: Transcribiendo audio con Groq Whisper (Cloud)...
[2026-08-12 13:58:21] STT CLOUD OK → Transcripción: What is that? Photos of my father and my son. I can tell you that the autobobus is molest, because the concept of the adult is so... ...and it's a job organizing the inspectors of the family. Look at this! Photos of the family Warwick's family that the father is forever. Look at this, Darwin's 9 years old, but... Transcribe the audio.
[2026-08-12 13:58:21] FILTRO: Transcripción válida → 'What is that? Photos of my father and my son. I can tell you that the autobobus is molest, because the concept of the adult is so... ...and it's a job organizing the inspectors of the family. Look at this! Photos of the family Warwick's family that the father is forever. Look at this, Darwin's 9 years old, but... Transcribe the audio.'
[2026-08-12 13:58:22] PASO 1.5: Consultando Tálamo para clasificación semántica...
[Tálamo] Ollama OK → GENERAL_TALK
[2026-08-12 13:58:37] Tálamo → Tipo: GENERAL_TALK
[2026-08-12 13:58:38] PASO 2: Consultando al Agente Alberth...
[2026-08-12 13:58:38] Recuperando contexto de memoria persistente...
[2026-08-12 13:58:38] Memoria OK → Contexto recuperado (300 chars)
[2026-08-12 13:58:51] ERROR: Falló conexión con el agente. Usando fallback.
[2026-08-12 13:58:51] PASO 3: Generando audio de respuesta (TTS Premium edge-tts)...
[TTS-Premium] Sintetizando 94 caracteres con voz 'es-MX-JorgeNeural'...
[TTS-Premium] OK → Audio generado: alberth_voice_20260809_214523_response.mp3 (45 KB) | Voz: es-MX-JorgeNeural
[2026-08-12 13:58:56] TTS PREMIUM OK → Audio: /Users/digitalspace/.openclaw/workspace/voice_exchange/output/alberth_voice_20260809_214523_response.mp3 (edge-tts)
[2026-08-12 13:58:56] PASO 4: Reproduciendo respuesta...
[2026-08-12 13:59:06] --- PIPELINE COMPLETADO ---
[2026-08-12 13:59:07] --- PIPELINE INICIADO (AUDIO): alberth_voice_20260809_214542.wav ---
[2026-08-12 13:59:07] PASO 1: Transcribiendo audio con Groq Whisper (Cloud)...
[2026-08-12 13:59:20] STT CLOUD OK → Transcripción: Vamos al restaurante. Te tengo una sorpresa ahí. Tengo. Cierto. No tengo muchas ganas de tener sexo hoy. Tengo que poderme ir. No sabéis si de verdad estás muy bien. ¿Pero?
[2026-08-12 13:59:20] FILTRO: Transcripción válida → 'Vamos al restaurante. Te tengo una sorpresa ahí. Tengo. Cierto. No tengo muchas ganas de tener sexo hoy. Tengo que poderme ir. No sabéis si de verdad estás muy bien. ¿Pero?'
[2026-08-12 13:59:20] PASO 1.5: Consultando Tálamo para clasificación semántica...
[Tálamo] Ollama OK → GENERAL_TALK
[2026-08-12 13:59:26] Tálamo → Tipo: GENERAL_TALK
[2026-08-12 13:59:26] PASO 2: Consultando al Agente Alberth...
[2026-08-12 13:59:26] Recuperando contexto de memoria persistente...
[2026-08-12 13:59:26] Memoria OK → Contexto recuperado (300 chars)
[2026-08-12 13:59:39] ERROR: Falló conexión con el agente. Usando fallback.
[2026-08-12 13:59:39] PASO 3: Generando audio de respuesta (TTS Premium edge-tts)...
[TTS-Premium] Sintetizando 94 caracteres con voz 'es-MX-JorgeNeural'...
[TTS-Premium] OK → Audio generado: alberth_voice_20260809_214542_response.mp3 (45 KB) | Voz: es-MX-JorgeNeural
[2026-08-12 13:59:43] TTS PREMIUM OK → Audio: /Users/digitalspace/.openclaw/workspace/voice_exchange/output/alberth_voice_20260809_214542_response.mp3 (edge-tts)
[2026-08-12 13:59:43] PASO 4: Reproduciendo respuesta...
[2026-08-12 13:59:52] --- PIPELINE COMPLETADO ---
[2026-08-12 13:59:53] --- PIPELINE INICIADO (AUDIO): alberth_voice_20260809_214614.wav ---
[2026-08-12 13:59:53] PASO 1: Transcribiendo audio con Groq Whisper (Cloud)...
[2026-08-12 14:00:14] STT CLOUD OK → Transcripción: ¿Qué es lo que se llama?
[2026-08-12 14:00:14] FILTRO: Transcripción válida → '¿Qué es lo que se llama?'
[2026-08-12 14:00:15] PASO 1.5: Consultando Tálamo para clasificación semántica...
[Tálamo] Ollama OK → GENERAL_TALK
[2026-08-12 14:00:19] Tálamo → Tipo: GENERAL_TALK
[2026-08-12 14:00:19] PASO 2: Consultando al Agente Alberth...
[2026-08-12 14:00:20] Recuperando contexto de memoria persistente...
[2026-08-12 14:00:20] Memoria OK → Contexto recuperado (300 chars)
[2026-08-12 14:00:34] ERROR: Falló conexión con el agente. Usando fallback.
[2026-08-12 14:00:35] PASO 3: Generando audio de respuesta (TTS Premium edge-tts)...
[TTS-Premium] Sintetizando 94 caracteres con voz 'es-MX-JorgeNeural'...
[TTS-Premium] OK → Audio generado: alberth_voice_20260809_214614_response.mp3 (45 KB) | Voz: es-MX-JorgeNeural
[2026-08-12 14:00:37] TTS PREMIUM OK → Audio: /Users/digitalspace/.openclaw/workspace/voice_exchange/output/alberth_voice_20260809_214614_response.mp3 (edge-tts)
[2026-08-12 14:00:37] PASO 4: Reproduciendo respuesta...
[2026-08-12 14:00:47] --- PIPELINE COMPLETADO ---
[2026-08-12 14:00:47] --- PIPELINE INICIADO (AUDIO): alberth_voice_20260809_214642.wav ---
[2026-08-12 14:00:47] PASO 1: Transcribiendo audio con Groq Whisper (Cloud)...
[2026-08-12 14:01:01] STT CLOUD OK → Transcripción: It's like a castle.
[2026-08-12 14:01:01] FILTRO: Transcripción válida → 'It's like a castle.'
[2026-08-12 14:01:01] PASO 1.5: Consultando Tálamo para clasificación semántica...
[Tálamo] Ollama OK → GENERAL_TALK
[2026-08-12 14:01:06] Tálamo → Tipo: GENERAL_TALK
[2026-08-12 14:01:06] PASO 2: Consultando al Agente Alberth...
[2026-08-12 14:01:07] Recuperando contexto de memoria persistente...
[2026-08-12 14:01:07] Memoria OK → Contexto recuperado (300 chars)
[2026-08-12 14:01:24] ERROR: Falló conexión con el agente. Usando fallback.
[2026-08-12 14:01:24] PASO 3: Generando audio de respuesta (TTS Premium edge-tts)...
[TTS-Premium] Sintetizando 94 caracteres con voz 'es-MX-JorgeNeural'...
[TTS-Premium] OK → Audio generado: alberth_voice_20260809_214642_response.mp3 (45 KB) | Voz: es-MX-JorgeNeural
[2026-08-12 14:01:26] TTS PREMIUM OK → Audio: /Users/digitalspace/.openclaw/workspace/voice_exchange/output/alberth_voice_20260809_214642_response.mp3 (edge-tts)
[2026-08-12 14:01:26] PASO 4: Reproduciendo respuesta...
[2026-08-12 14:01:36] --- PIPELINE COMPLETADO ---
[2026-08-12 14:01:37] --- PIPELINE INICIADO (AUDIO): alberth_voice_20260809_214655.wav ---
[2026-08-12 14:01:37] PASO 1: Transcribiendo audio con Groq Whisper (Cloud)...
[2026-08-12 14:01:50] STT CLOUD OK → Transcripción: Transcribe the audio.
[2026-08-12 14:01:50] FILTRO: Transcripción válida → 'Transcribe the audio.'
[2026-08-12 14:01:51] PASO 1.5: Consultando Tálamo para clasificación semántica...
[Tálamo] Ollama OK → GENERAL_TALK
[2026-08-12 14:01:54] Tálamo → Tipo: GENERAL_TALK
[2026-08-12 14:01:54] PASO 2: Consultando al Agente Alberth...
[2026-08-12 14:01:55] Recuperando contexto de memoria persistente...
[2026-08-12 14:01:55] Memoria OK → Contexto recuperado (300 chars)
[2026-08-12 14:02:13] ERROR: Falló conexión con el agente. Usando fallback.
[2026-08-12 14:02:13] PASO 3: Generando audio de respuesta (TTS Premium edge-tts)...
[TTS-Premium] Sintetizando 94 caracteres con voz 'es-MX-JorgeNeural'...
[TTS-Premium] OK → Audio generado: alberth_voice_20260809_214655_response.mp3 (45 KB) | Voz: es-MX-JorgeNeural
[2026-08-12 14:02:15] TTS PREMIUM OK → Audio: /Users/digitalspace/.openclaw/workspace/voice_exchange/output/alberth_voice_20260809_214655_response.mp3 (edge-tts)
[2026-08-12 14:02:15] PASO 4: Reproduciendo respuesta...
[2026-08-12 14:02:25] --- PIPELINE COMPLETADO ---
[2026-08-12 14:02:26] --- PIPELINE INICIADO (AUDIO): alberth_voice_20260809_214710.wav ---
[2026-08-12 14:02:26] PASO 1: Transcribiendo audio con Groq Whisper (Cloud)...
[2026-08-12 14:02:41] STT CLOUD OK → Transcripción: So, you can hear the music.
[2026-08-12 14:02:41] FILTRO: Transcripción válida → 'So, you can hear the music.'
[2026-08-12 14:02:42] PASO 1.5: Consultando Tálamo para clasificación semántica...
[Tálamo] Ollama OK → WEB_SEARCH
[2026-08-12 14:02:48] Tálamo → Tipo: WEB_SEARCH
[2026-08-12 14:02:48] PASO 2: Consultando al Agente Alberth...
[2026-08-12 14:02:48] Tálamo → Enrutando a WEB_SEARCH...
[2026-08-12 14:02:51] BÚSQUEDA OK
[2026-08-12 14:02:51] Recuperando contexto de memoria persistente...
[2026-08-12 14:02:52] Memoria OK → Contexto recuperado (300 chars)
[2026-08-12 14:03:07] ERROR: Falló conexión con el agente. Usando fallback.
[2026-08-12 14:03:07] PASO 3: Generando audio de respuesta (TTS Premium edge-tts)...
[TTS-Premium] Sintetizando 94 caracteres con voz 'es-MX-JorgeNeural'...
[TTS-Premium] OK → Audio generado: alberth_voice_20260809_214710_response.mp3 (45 KB) | Voz: es-MX-JorgeNeural
[2026-08-12 14:03:10] TTS PREMIUM OK → Audio: /Users/digitalspace/.openclaw/workspace/voice_exchange/output/alberth_voice_20260809_214710_response.mp3 (edge-tts)
[2026-08-12 14:03:10] PASO 4: Reproduciendo respuesta...
[2026-08-12 14:03:20] --- PIPELINE COMPLETADO ---
[2026-08-12 14:03:21] --- PIPELINE INICIADO (AUDIO): alberth_voice_20260809_214722.wav ---
[2026-08-12 14:03:21] PASO 1: Transcribiendo audio con Groq Whisper (Cloud)...
[2026-08-12 14:03:36] STT CLOUD OK → Transcripción: It was a map that was only a pirate.
[2026-08-12 14:03:36] FILTRO: Transcripción válida → 'It was a map that was only a pirate.'
[2026-08-12 14:03:36] PASO 1.5: Consultando Tálamo para clasificación semántica...
[Tálamo] Ollama OK → IMAGE_GEN
[2026-08-12 14:03:43] Tálamo → Tipo: IMAGE_GEN
[2026-08-12 14:03:43] Tálamo → Enrutando a IMAGE HELPER...
[ImageHelper] Generando: 'It was a map that was only a pirate.'
[ImageHelper] URL: https://image.pollinations.ai/prompt/It%20was%20a%20map%20that%20was%20only%20a%20pirate.?width=1024&height=768&seed=1786561423&nologo=true
[ImageHelper] Imagen descargada: /tmp/alberth_image_1786561423.png (76 KB)
[2026-08-12 14:03:46] IMAGE OK → Señor, ¡Imagen generada con éxito! Abriendo en Preview... (76 KB)
[TTS-Premium] Sintetizando 65 caracteres con voz 'es-MX-JorgeNeural'...
[TTS-Premium] OK → Audio generado: alberth_voice_20260809_214722_response.mp3 (50 KB) | Voz: es-MX-JorgeNeural
[2026-08-12 14:03:48] --- PIPELINE COMPLETADO (IMAGE_GEN) ---
[2026-08-12 14:03:49] --- PIPELINE INICIADO (AUDIO): alberth_voice_20260809_214728.wav ---
[2026-08-12 14:03:49] PASO 1: Transcribiendo audio con Groq Whisper (Cloud)...
[2026-08-12 14:04:02] STT CLOUD OK → Transcripción: Thank you.
[2026-08-12 14:04:02] FILTRO: Transcripción descartada por ser basura/silencio: 'Thank you.'
[2026-08-12 14:04:03] --- PIPELINE INICIADO (AUDIO): alberth_voice_20260809_214738.wav ---
[2026-08-12 14:04:03] PASO 1: Transcribiendo audio con Groq Whisper (Cloud)...
[2026-08-12 14:04:13] STT CLOUD OK → Transcripción: No lo sufriste, pero tu padre es como mi auditorio con tu favor.
[2026-08-12 14:04:14] FILTRO: Transcripción válida → 'No lo sufriste, pero tu padre es como mi auditorio con tu favor.'
[2026-08-12 14:04:14] PASO 1.5: Consultando Tálamo para clasificación semántica...
[Tálamo] Ollama OK → GENERAL_TALK
[2026-08-12 14:04:19] Tálamo → Tipo: GENERAL_TALK
[2026-08-12 14:04:19] PASO 2: Consultando al Agente Alberth...
[2026-08-12 14:04:19] Recuperando contexto de memoria persistente...
[2026-08-12 14:04:19] Memoria OK → Contexto recuperado (300 chars)
[2026-08-12 14:04:32] ERROR: Falló conexión con el agente. Usando fallback.
[2026-08-12 14:04:32] PASO 3: Generando audio de respuesta (TTS Premium edge-tts)...
[TTS-Premium] Sintetizando 94 caracteres con voz 'es-MX-JorgeNeural'...
[TTS-Premium] OK → Audio generado: alberth_voice_20260809_214738_response.mp3 (45 KB) | Voz: es-MX-JorgeNeural
[2026-08-12 14:04:35] TTS PREMIUM OK → Audio: /Users/digitalspace/.openclaw/workspace/voice_exchange/output/alberth_voice_20260809_214738_response.mp3 (edge-tts)
[2026-08-12 14:04:36] PASO 4: Reproduciendo respuesta...
[2026-08-12 14:04:45] --- PIPELINE COMPLETADO ---
[2026-08-12 14:04:46] --- PIPELINE INICIADO (AUDIO): alberth_voice_20260809_214742.wav ---
[2026-08-12 14:04:46] PASO 1: Transcribiendo audio con Groq Whisper (Cloud)...
[2026-08-12 14:04:59] STT CLOUD OK → Transcripción: Thank you.
[2026-08-12 14:05:00] FILTRO: Transcripción descartada por ser basura/silencio: 'Thank you.'
[2026-08-12 14:05:00] --- PIPELINE INICIADO (AUDIO): alberth_voice_20260809_214749.wav ---
[2026-08-12 14:05:00] PASO 1: Transcribiendo audio con Groq Whisper (Cloud)...
[2026-08-12 14:05:13] STT CLOUD OK → Transcripción: .
[2026-08-12 14:05:13] FILTRO: Transcripción descartada por ser basura/silencio: '.'
[2026-08-12 14:05:14] --- PIPELINE INICIADO (AUDIO): alberth_voice_20260809_214815.wav ---
[2026-08-12 14:05:14] PASO 1: Transcribiendo audio con Groq Whisper (Cloud)...
[2026-08-12 14:05:25] STT CLOUD OK → Transcripción: Okay.
[2026-08-12 14:05:26] FILTRO: Transcripción válida → 'Okay.'
[2026-08-12 14:05:26] PASO 1.5: Consultando Tálamo para clasificación semántica...
[Tálamo] Ollama OK → FINANCE_TICKER
[2026-08-12 14:05:31] Tálamo → Tipo: FINANCE_TICKER
[2026-08-12 14:05:31] Tálamo → Enrutando a FINANCE HELPER...
[2026-08-12 14:05:33] FINANCE OK → 📈 **Bitcoin** (Crypto)
  Precio: $63,342.00
  Cambio 24h: +0.06%
  Market Cap: $1,271,181,167,275
[TTS-Premium] Sintetizando 97 caracteres con voz 'es-MX-JorgeNeural'...
[TTS-Premium] OK → Audio generado: alberth_voice_20260809_214815_response.mp3 (139 KB) | Voz: es-MX-JorgeNeural
[2026-08-12 14:05:36] --- PIPELINE COMPLETADO (FINANCE) ---
[2026-08-12 14:05:37] --- PIPELINE INICIADO (AUDIO): alberth_voice_20260809_214826.wav ---
[2026-08-12 14:05:37] PASO 1: Transcribiendo audio con Groq Whisper (Cloud)...
[2026-08-12 14:05:48] STT CLOUD OK → Transcripción: Transcribe the audio.
[2026-08-12 14:05:49] FILTRO: Transcripción válida → 'Transcribe the audio.'
[2026-08-12 14:05:49] PASO 1.5: Consultando Tálamo para clasificación semántica...
[Tálamo] Ollama OK → GENERAL_TALK
[2026-08-12 14:05:53] Tálamo → Tipo: GENERAL_TALK
[2026-08-12 14:05:53] PASO 2: Consultando al Agente Alberth...
[2026-08-12 14:05:54] Recuperando contexto de memoria persistente...
[2026-08-12 14:05:54] Memoria OK → Contexto recuperado (300 chars)
[2026-08-12 14:06:08] ERROR: Falló conexión con el agente. Usando fallback.
[2026-08-12 14:06:08] PASO 3: Generando audio de respuesta (TTS Premium edge-tts)...
[TTS-Premium] Sintetizando 94 caracteres con voz 'es-MX-JorgeNeural'...
[TTS-Premium] OK → Audio generado: alberth_voice_20260809_214826_response.mp3 (45 KB) | Voz: es-MX-JorgeNeural
[2026-08-12 14:06:10] TTS PREMIUM OK → Audio: /Users/digitalspace/.openclaw/workspace/voice_exchange/output/alberth_voice_20260809_214826_response.mp3 (edge-tts)
[2026-08-12 14:06:11] PASO 4: Reproduciendo respuesta...
[2026-08-12 14:06:21] --- PIPELINE COMPLETADO ---
[2026-08-12 14:06:21] --- PIPELINE INICIADO (AUDIO): alberth_voice_20260809_214910.wav ---
[2026-08-12 14:06:21] PASO 1: Transcribiendo audio con Groq Whisper (Cloud)...
[2026-08-12 14:06:33] STT CLOUD OK → Transcripción: Thank you.
[2026-08-12 14:06:33] FILTRO: Transcripción descartada por ser basura/silencio: 'Thank you.'
[2026-08-12 14:06:34] --- PIPELINE INICIADO (AUDIO): alberth_voice_20260809_214922.wav ---
[2026-08-12 14:06:34] PASO 1: Transcribiendo audio con Groq Whisper (Cloud)...
[2026-08-12 14:06:47] STT CLOUD OK → Transcripción: De hecho, no importa. Yo quiero que todo lo que sea. Una vez. Gracias.
[2026-08-12 14:06:47] FILTRO: Transcripción válida → 'De hecho, no importa. Yo quiero que todo lo que sea. Una vez. Gracias.'
[2026-08-12 14:06:48] PASO 1.5: Consultando Tálamo para clasificación semántica...
[Tálamo] Ollama OK → GENERAL_TALK
[2026-08-12 14:06:53] Tálamo → Tipo: GENERAL_TALK
[2026-08-12 14:06:53] PASO 2: Consultando al Agente Alberth...
[2026-08-12 14:06:53] Recuperando contexto de memoria persistente...
[2026-08-12 14:06:54] Memoria OK → Contexto recuperado (300 chars)
[2026-08-12 14:07:10] ERROR: Falló conexión con el agente. Usando fallback.
[2026-08-12 14:07:11] PASO 3: Generando audio de respuesta (TTS Premium edge-tts)...
[TTS-Premium] Sintetizando 94 caracteres con voz 'es-MX-JorgeNeural'...
[TTS-Premium] OK → Audio generado: alberth_voice_20260809_214922_response.mp3 (45 KB) | Voz: es-MX-JorgeNeural
[2026-08-12 14:07:13] TTS PREMIUM OK → Audio: /Users/digitalspace/.openclaw/workspace/voice_exchange/output/alberth_voice_20260809_214922_response.mp3 (edge-tts)
[2026-08-12 14:07:13] PASO 4: Reproduciendo respuesta...
[2026-08-12 14:07:23] --- PIPELINE COMPLETADO ---
[2026-08-12 14:07:24] --- PIPELINE INICIADO (AUDIO): alberth_voice_20260809_214946.wav ---
[2026-08-12 14:07:24] PASO 1: Transcribiendo audio con Groq Whisper (Cloud)...
[2026-08-12 14:07:36] STT CLOUD OK → Transcripción: La sorpresa è che la carta di tuo papà è molto più interessante che il tuo prego. È il piano di terra che è molto inserente. Shedon, non ti attreva. La notte per il tuo pezzo non si è percorrata a salvo con il mio. Aste bagno.
[2026-08-12 14:07:36] FILTRO: Transcripción válida → 'La sorpresa è che la carta di tuo papà è molto più interessante che il tuo prego. È il piano di terra che è molto inserente. Shedon, non ti attreva. La notte per il tuo pezzo non si è percorrata a salvo con il mio. Aste bagno.'
[2026-08-12 14:07:37] PASO 1.5: Consultando Tálamo para clasificación semántica...
[Tálamo] Ollama OK → GENERAL_TALK
[2026-08-12 14:07:48] Tálamo → Tipo: GENERAL_TALK
[2026-08-12 14:07:49] PASO 2: Consultando al Agente Alberth...
[2026-08-12 14:07:49] Recuperando contexto de memoria persistente...
[2026-08-12 14:07:49] Memoria OK → Contexto recuperado (300 chars)
[2026-08-12 14:08:07] ERROR: Falló conexión con el agente. Usando fallback.
[2026-08-12 14:08:07] PASO 3: Generando audio de respuesta (TTS Premium edge-tts)...
[TTS-Premium] Sintetizando 94 caracteres con voz 'es-MX-JorgeNeural'...
[TTS-Premium] OK → Audio generado: alberth_voice_20260809_214946_response.mp3 (45 KB) | Voz: es-MX-JorgeNeural
[2026-08-12 14:08:09] TTS PREMIUM OK → Audio: /Users/digitalspace/.openclaw/workspace/voice_exchange/output/alberth_voice_20260809_214946_response.mp3 (edge-tts)
[2026-08-12 14:08:10] PASO 4: Reproduciendo respuesta...
[2026-08-12 14:08:20] --- PIPELINE COMPLETADO ---
[2026-08-12 14:08:21] --- PIPELINE INICIADO (AUDIO): alberth_voice_20260809_214956.wav ---
[2026-08-12 14:08:21] PASO 1: Transcribiendo audio con Groq Whisper (Cloud)...
[2026-08-12 14:08:34] STT CLOUD OK → Transcripción: Thank you.
[2026-08-12 14:08:34] FILTRO: Transcripción descartada por ser basura/silencio: 'Thank you.'
[2026-08-12 14:08:34] --- PIPELINE INICIADO (AUDIO): alberth_voice_20260809_215004.wav ---
[2026-08-12 14:08:35] PASO 1: Transcribiendo audio con Groq Whisper (Cloud)...
[2026-08-12 14:08:45] STT CLOUD OK → Transcripción: Thank you.
[2026-08-12 14:08:46] FILTRO: Transcripción descartada por ser basura/silencio: 'Thank you.'
[2026-08-12 14:08:46] --- PIPELINE INICIADO (AUDIO): alberth_voice_20260809_215030.wav ---
[2026-08-12 14:08:46] PASO 1: Transcribiendo audio con Groq Whisper (Cloud)...
[2026-08-12 14:08:57] STT CLOUD OK → Transcripción: .
[2026-08-12 14:08:57] FILTRO: Transcripción descartada por ser basura/silencio: '.'
[2026-08-12 14:08:58] --- PIPELINE INICIADO (AUDIO): alberth_voice_20260809_215040.wav ---
[2026-08-12 14:08:58] PASO 1: Transcribiendo audio con Groq Whisper (Cloud)...
[2026-08-12 14:09:08] STT CLOUD OK → Transcripción: Porque, Felipe, tengo un par de preguntas sobre tu prótesis. ¿Hay alguna razón por la que tenga este test muerto?
[2026-08-12 14:09:08] FILTRO: Transcripción válida → 'Porque, Felipe, tengo un par de preguntas sobre tu prótesis. ¿Hay alguna razón por la que tenga este test muerto?'
[2026-08-12 14:09:09] PASO 1.5: Consultando Tálamo para clasificación semántica...
[Tálamo] Ollama OK → GENERAL_TALK
[2026-08-12 14:09:13] Tálamo → Tipo: GENERAL_TALK
[2026-08-12 14:09:13] PASO 2: Consultando al Agente Alberth...
[2026-08-12 14:09:14] Recuperando contexto de memoria persistente...
[2026-08-12 14:09:14] Memoria OK → Contexto recuperado (300 chars)
[2026-08-12 14:09:28] ERROR: Falló conexión con el agente. Usando fallback.
[2026-08-12 14:09:28] PASO 3: Generando audio de respuesta (TTS Premium edge-tts)...
[TTS-Premium] Sintetizando 94 caracteres con voz 'es-MX-JorgeNeural'...
[TTS-Premium] OK → Audio generado: alberth_voice_20260809_215040_response.mp3 (45 KB) | Voz: es-MX-JorgeNeural
[2026-08-12 14:09:31] TTS PREMIUM OK → Audio: /Users/digitalspace/.openclaw/workspace/voice_exchange/output/alberth_voice_20260809_215040_response.mp3 (edge-tts)
[2026-08-12 14:09:31] PASO 4: Reproduciendo respuesta...
[2026-08-12 14:09:41] --- PIPELINE COMPLETADO ---
[2026-08-12 14:09:41] --- PIPELINE INICIADO (AUDIO): alberth_voice_20260809_215058.wav ---
[2026-08-12 14:09:41] PASO 1: Transcribiendo audio con Groq Whisper (Cloud)...
[2026-08-12 14:09:52] STT CLOUD OK → Transcripción: Transcribe the audio.
[2026-08-12 14:09:53] FILTRO: Transcripción válida → 'Transcribe the audio.'
[2026-08-12 14:09:53] PASO 1.5: Consultando Tálamo para clasificación semántica...
[Tálamo] Ollama OK → GENERAL_TALK
[2026-08-12 14:09:57] Tálamo → Tipo: GENERAL_TALK
[2026-08-12 14:09:58] PASO 2: Consultando al Agente Alberth...
[2026-08-12 14:09:58] Recuperando contexto de memoria persistente...
[2026-08-12 14:09:58] Memoria OK → Contexto recuperado (300 chars)
[2026-08-12 14:10:14] ERROR: Falló conexión con el agente. Usando fallback.
[2026-08-12 14:10:14] PASO 3: Generando audio de respuesta (TTS Premium edge-tts)...
[TTS-Premium] Sintetizando 94 caracteres con voz 'es-MX-JorgeNeural'...
[TTS-Premium] OK → Audio generado: alberth_voice_20260809_215058_response.mp3 (45 KB) | Voz: es-MX-JorgeNeural
[2026-08-12 14:10:18] TTS PREMIUM OK → Audio: /Users/digitalspace/.openclaw/workspace/voice_exchange/output/alberth_voice_20260809_215058_response.mp3 (edge-tts)
[2026-08-12 14:10:18] PASO 4: Reproduciendo respuesta...
[2026-08-12 14:10:28] --- PIPELINE COMPLETADO ---
[2026-08-12 14:10:28] --- PIPELINE INICIADO (AUDIO): alberth_voice_20260809_215209.wav ---
[2026-08-12 14:10:28] PASO 1: Transcribiendo audio con Groq Whisper (Cloud)...
[2026-08-12 14:10:40] STT CLOUD OK → Transcripción: TRISTAN
[2026-08-12 14:10:40] FILTRO: Transcripción válida → 'TRISTAN'
[2026-08-12 14:10:41] PASO 1.5: Consultando Tálamo para clasificación semántica...
[Tálamo] Ollama OK → GENERAL_TALK
[2026-08-12 14:10:45] Tálamo → Tipo: GENERAL_TALK
[2026-08-12 14:10:45] PASO 2: Consultando al Agente Alberth...
[2026-08-12 14:10:45] Recuperando contexto de memoria persistente...
[2026-08-12 14:10:45] Memoria OK → Contexto recuperado (300 chars)
[2026-08-12 14:10:58] ERROR: Falló conexión con el agente. Usando fallback.
[2026-08-12 14:10:58] PASO 3: Generando audio de respuesta (TTS Premium edge-tts)...
[TTS-Premium] Sintetizando 94 caracteres con voz 'es-MX-JorgeNeural'...
[TTS-Premium] OK → Audio generado: alberth_voice_20260809_215209_response.mp3 (45 KB) | Voz: es-MX-JorgeNeural
[2026-08-12 14:11:02] TTS PREMIUM OK → Audio: /Users/digitalspace/.openclaw/workspace/voice_exchange/output/alberth_voice_20260809_215209_response.mp3 (edge-tts)
[2026-08-12 14:11:02] PASO 4: Reproduciendo respuesta...
[2026-08-12 14:11:12] --- PIPELINE COMPLETADO ---
[2026-08-12 14:11:13] --- PIPELINE INICIADO (AUDIO): alberth_voice_20260809_215237.wav ---
[2026-08-12 14:11:13] PASO 1: Transcribiendo audio con Groq Whisper (Cloud)...
[2026-08-12 14:11:30] STT CLOUD OK → Transcripción: .
[2026-08-12 14:11:30] FILTRO: Transcripción descartada por ser basura/silencio: '.'
[2026-08-12 14:11:30] --- PIPELINE INICIADO (AUDIO): alberth_voice_20260809_215310.wav ---
[2026-08-12 14:11:30] PASO 1: Transcribiendo audio con Groq Whisper (Cloud)...
[2026-08-12 14:11:46] STT CLOUD OK → Transcripción: Transcribe the audio. Thank you.
[2026-08-12 14:11:46] FILTRO: Transcripción válida → 'Transcribe the audio. Thank you.'
[2026-08-12 14:11:47] PASO 1.5: Consultando Tálamo para clasificación semántica...
[Tálamo] Ollama OK → GENERAL_TALK
[2026-08-12 14:11:51] Tálamo → Tipo: GENERAL_TALK
[2026-08-12 14:11:51] PASO 2: Consultando al Agente Alberth...
[2026-08-12 14:11:51] Recuperando contexto de memoria persistente...
[2026-08-12 14:11:52] Memoria OK → Contexto recuperado (300 chars)
[2026-08-12 14:12:05] ERROR: Falló conexión con el agente. Usando fallback.
[2026-08-12 14:12:05] PASO 3: Generando audio de respuesta (TTS Premium edge-tts)...
[TTS-Premium] Sintetizando 94 caracteres con voz 'es-MX-JorgeNeural'...
[TTS-Premium] OK → Audio generado: alberth_voice_20260809_215310_response.mp3 (45 KB) | Voz: es-MX-JorgeNeural
[2026-08-12 14:12:08] TTS PREMIUM OK → Audio: /Users/digitalspace/.openclaw/workspace/voice_exchange/output/alberth_voice_20260809_215310_response.mp3 (edge-tts)
[2026-08-12 14:12:08] PASO 4: Reproduciendo respuesta...
[2026-08-12 14:12:19] --- PIPELINE COMPLETADO ---
[2026-08-12 14:12:19] --- PIPELINE INICIADO (AUDIO): alberth_voice_20260809_215353.wav ---
[2026-08-12 14:12:19] PASO 1: Transcribiendo audio con Groq Whisper (Cloud)...
[2026-08-12 14:13:32] STT CLOUD OK → Transcripción: Transcribe the audio. Transcribe the audio.
[2026-08-12 14:13:33] FILTRO: Transcripción válida → 'Transcribe the audio. Transcribe the audio.'
[2026-08-12 14:13:33] PASO 1.5: Consultando Tálamo para clasificación semántica...
[Tálamo] Ollama OK → GENERAL_TALK
[2026-08-12 14:13:38] Tálamo → Tipo: GENERAL_TALK
[2026-08-12 14:13:38] PASO 2: Consultando al Agente Alberth...
[2026-08-12 14:13:38] Recuperando contexto de memoria persistente...
[2026-08-12 14:13:38] Memoria OK → Contexto recuperado (300 chars)
[2026-08-12 14:13:54] ERROR: Falló conexión con el agente. Usando fallback.
[2026-08-12 14:13:54] PASO 3: Generando audio de respuesta (TTS Premium edge-tts)...
[TTS-Premium] Sintetizando 94 caracteres con voz 'es-MX-JorgeNeural'...
[TTS-Premium] OK → Audio generado: alberth_voice_20260809_215353_response.mp3 (45 KB) | Voz: es-MX-JorgeNeural
[2026-08-12 14:13:56] TTS PREMIUM OK → Audio: /Users/digitalspace/.openclaw/workspace/voice_exchange/output/alberth_voice_20260809_215353_response.mp3 (edge-tts)
[2026-08-12 14:13:56] PASO 4: Reproduciendo respuesta...
[2026-08-12 14:14:06] --- PIPELINE COMPLETADO ---
[2026-08-12 14:14:07] --- PIPELINE INICIADO (AUDIO): alberth_voice_20260809_215430.wav ---
[2026-08-12 14:14:07] PASO 1: Transcribiendo audio con Groq Whisper (Cloud)...
[2026-08-12 14:14:19] STT CLOUD OK → Transcripción: .
[2026-08-12 14:14:19] FILTRO: Transcripción descartada por ser basura/silencio: '.'
[2026-08-12 14:14:20] --- PIPELINE INICIADO (AUDIO): alberth_voice_20260809_215449.wav ---
[2026-08-12 14:14:20] PASO 1: Transcribiendo audio con Groq Whisper (Cloud)...
[2026-08-12 14:14:36] STT CLOUD OK → Transcripción: Transcribe the audio.
[2026-08-12 14:14:37] FILTRO: Transcripción válida → 'Transcribe the audio.'
[2026-08-12 14:14:37] PASO 1.5: Consultando Tálamo para clasificación semántica...
[Tálamo] Ollama OK → GENERAL_TALK
[2026-08-12 14:14:41] Tálamo → Tipo: GENERAL_TALK
[2026-08-12 14:14:41] PASO 2: Consultando al Agente Alberth...
[2026-08-12 14:14:41] Recuperando contexto de memoria persistente...
[2026-08-12 14:14:42] Memoria OK → Contexto recuperado (300 chars)
[2026-08-12 14:14:57] ERROR: Falló conexión con el agente. Usando fallback.
[2026-08-12 14:14:57] PASO 3: Generando audio de respuesta (TTS Premium edge-tts)...
[TTS-Premium] Sintetizando 94 caracteres con voz 'es-MX-JorgeNeural'...
[TTS-Premium] OK → Audio generado: alberth_voice_20260809_215449_response.mp3 (45 KB) | Voz: es-MX-JorgeNeural
[2026-08-12 14:15:00] TTS PREMIUM OK → Audio: /Users/digitalspace/.openclaw/workspace/voice_exchange/output/alberth_voice_20260809_215449_response.mp3 (edge-tts)
[2026-08-12 14:15:00] PASO 4: Reproduciendo respuesta...
[2026-08-12 14:15:10] --- PIPELINE COMPLETADO ---
[2026-08-12 14:15:10] --- PIPELINE INICIADO (AUDIO): alberth_voice_20260809_215513.wav ---
[2026-08-12 14:15:10] PASO 1: Transcribiendo audio con Groq Whisper (Cloud)...
[2026-08-12 14:15:21] STT CLOUD OK → Transcripción: .
[2026-08-12 14:15:21] FILTRO: Transcripción descartada por ser basura/silencio: '.'
[2026-08-12 14:15:22] --- PIPELINE INICIADO (AUDIO): alberth_voice_20260809_215558.wav ---
[2026-08-12 14:15:22] PASO 1: Transcribiendo audio con Groq Whisper (Cloud)...
[2026-08-12 14:15:33] STT CLOUD OK → Transcripción: Transcribe the audio.
[2026-08-12 14:15:33] FILTRO: Transcripción válida → 'Transcribe the audio.'
[2026-08-12 14:15:34] PASO 1.5: Consultando Tálamo para clasificación semántica...
[Tálamo] Ollama OK → GENERAL_TALK
[2026-08-12 14:15:37] Tálamo → Tipo: GENERAL_TALK
[2026-08-12 14:15:37] PASO 2: Consultando al Agente Alberth...
[2026-08-12 14:15:37] Recuperando contexto de memoria persistente...
[2026-08-12 14:15:38] Memoria OK → Contexto recuperado (300 chars)
[2026-08-12 14:15:51] ERROR: Falló conexión con el agente. Usando fallback.
[2026-08-12 14:15:51] PASO 3: Generando audio de respuesta (TTS Premium edge-tts)...
[TTS-Premium] Sintetizando 94 caracteres con voz 'es-MX-JorgeNeural'...
[TTS-Premium] OK → Audio generado: alberth_voice_20260809_215558_response.mp3 (45 KB) | Voz: es-MX-JorgeNeural
[2026-08-12 14:15:53] TTS PREMIUM OK → Audio: /Users/digitalspace/.openclaw/workspace/voice_exchange/output/alberth_voice_20260809_215558_response.mp3 (edge-tts)
[2026-08-12 14:15:53] PASO 4: Reproduciendo respuesta...
[2026-08-12 14:16:03] --- PIPELINE COMPLETADO ---
[2026-08-12 14:16:04] --- PIPELINE INICIADO (AUDIO): alberth_voice_20260809_215616.wav ---
[2026-08-12 14:16:04] PASO 1: Transcribiendo audio con Groq Whisper (Cloud)...
[2026-08-12 14:16:18] STT CLOUD OK → Transcripción: And the other one is the one.
[2026-08-12 14:16:18] FILTRO: Transcripción válida → 'And the other one is the one.'
[2026-08-12 14:16:19] PASO 1.5: Consultando Tálamo para clasificación semántica...
[Tálamo] Ollama OK → GENERAL_TALK
[2026-08-12 14:16:23] Tálamo → Tipo: GENERAL_TALK
[2026-08-12 14:16:23] PASO 2: Consultando al Agente Alberth...
[2026-08-12 14:16:23] Recuperando contexto de memoria persistente...
[2026-08-12 14:16:23] Memoria OK → Contexto recuperado (300 chars)
[2026-08-12 14:16:38] ERROR: Falló conexión con el agente. Usando fallback.
[2026-08-12 14:16:38] PASO 3: Generando audio de respuesta (TTS Premium edge-tts)...
[TTS-Premium] Sintetizando 94 caracteres con voz 'es-MX-JorgeNeural'...
[TTS-Premium] OK → Audio generado: alberth_voice_20260809_215616_response.mp3 (45 KB) | Voz: es-MX-JorgeNeural
[2026-08-12 14:16:42] TTS PREMIUM OK → Audio: /Users/digitalspace/.openclaw/workspace/voice_exchange/output/alberth_voice_20260809_215616_response.mp3 (edge-tts)
[2026-08-12 14:16:42] PASO 4: Reproduciendo respuesta...
[2026-08-12 14:16:52] --- PIPELINE COMPLETADO ---
[2026-08-12 14:16:52] --- PIPELINE INICIADO (AUDIO): alberth_voice_20260809_215708.wav ---
[2026-08-12 14:16:52] PASO 1: Transcribiendo audio con Groq Whisper (Cloud)...
[2026-08-12 14:17:04] STT CLOUD OK → Transcripción: Até a próxima.
[2026-08-12 14:17:04] FILTRO: Transcripción válida → 'Até a próxima.'
[2026-08-12 14:17:05] PASO 1.5: Consultando Tálamo para clasificación semántica...
[Tálamo] Ollama OK → FINANCE_TICKER
[2026-08-12 14:17:10] Tálamo → Tipo: FINANCE_TICKER
[2026-08-12 14:17:10] Tálamo → Enrutando a FINANCE HELPER...
[2026-08-12 14:17:11] FINANCE OK → 📈 **Bitcoin** (Crypto)
  Precio: $63,341.00
  Cambio 24h: +0.18%
  Market Cap: $1,271,169,338,181
[TTS-Premium] Sintetizando 97 caracteres con voz 'es-MX-JorgeNeural'...
[TTS-Premium] OK → Audio generado: alberth_voice_20260809_215708_response.mp3 (138 KB) | Voz: es-MX-JorgeNeural
[2026-08-12 14:17:15] --- PIPELINE COMPLETADO (FINANCE) ---
[2026-08-12 14:17:15] --- PIPELINE INICIADO (AUDIO): alberth_voice_20260809_215714.wav ---
[2026-08-12 14:17:15] PASO 1: Transcribiendo audio con Groq Whisper (Cloud)...
[2026-08-12 14:17:26] STT CLOUD OK → Transcripción: Thank you.
[2026-08-12 14:17:26] FILTRO: Transcripción descartada por ser basura/silencio: 'Thank you.'
[2026-08-12 14:17:26] --- PIPELINE INICIADO (AUDIO): alberth_voice_20260809_215747.wav ---
[2026-08-12 14:17:27] PASO 1: Transcribiendo audio con Groq Whisper (Cloud)...
[2026-08-12 14:17:39] STT CLOUD OK → Transcripción: Hey, you're the baby. Hey. What are you doing? I'm preparing for the eternal. Yes, it's possible. You don't need to see the baby. Thank you. My father is a problem with the gravity. The gravity is very intense.
[2026-08-12 14:17:39] FILTRO: Transcripción válida → 'Hey, you're the baby. Hey. What are you doing? I'm preparing for the eternal. Yes, it's possible. You don't need to see the baby. Thank you. My father is a problem with the gravity. The gravity is very intense.'
[2026-08-12 14:17:40] PASO 1.5: Consultando Tálamo para clasificación semántica...
[Tálamo] Ollama OK → GENERAL_TALK
[2026-08-12 14:17:45] Tálamo → Tipo: GENERAL_TALK
[2026-08-12 14:17:46] PASO 2: Consultando al Agente Alberth...
[2026-08-12 14:17:46] Recuperando contexto de memoria persistente...
[2026-08-12 14:17:46] Memoria OK → Contexto recuperado (300 chars)
[2026-08-12 14:17:59] ERROR: Falló conexión con el agente. Usando fallback.
[2026-08-12 14:17:59] PASO 3: Generando audio de respuesta (TTS Premium edge-tts)...
[TTS-Premium] Sintetizando 94 caracteres con voz 'es-MX-JorgeNeural'...
[TTS-Premium] OK → Audio generado: alberth_voice_20260809_215747_response.mp3 (45 KB) | Voz: es-MX-JorgeNeural
[2026-08-12 14:18:02] TTS PREMIUM OK → Audio: /Users/digitalspace/.openclaw/workspace/voice_exchange/output/alberth_voice_20260809_215747_response.mp3 (edge-tts)
[2026-08-12 14:18:02] PASO 4: Reproduciendo respuesta...
[2026-08-12 14:18:12] --- PIPELINE COMPLETADO ---
[2026-08-12 14:18:12] --- PIPELINE INICIADO (AUDIO): alberth_voice_20260809_215751.wav ---
[2026-08-12 14:18:12] PASO 1: Transcribiendo audio con Groq Whisper (Cloud)...
[2026-08-12 14:18:24] STT CLOUD OK → Transcripción: Thank you.
[2026-08-12 14:18:24] FILTRO: Transcripción descartada por ser basura/silencio: 'Thank you.'
[2026-08-12 14:18:25] --- PIPELINE INICIADO (AUDIO): alberth_voice_20260809_215801.wav ---
[2026-08-12 14:18:25] PASO 1: Transcribiendo audio con Groq Whisper (Cloud)...
[2026-08-12 14:18:37] STT CLOUD OK → Transcripción: No conozco este modelo. ¿Cómo lo enciendo? Presiona el cinturón.
[2026-08-12 14:18:37] FILTRO: Transcripción válida → 'No conozco este modelo. ¿Cómo lo enciendo? Presiona el cinturón.'
[2026-08-12 14:18:37] PASO 1.5: Consultando Tálamo para clasificación semántica...
[Tálamo] Ollama OK → GENERAL_TALK
[2026-08-12 14:18:41] Tálamo → Tipo: GENERAL_TALK
[2026-08-12 14:18:41] PASO 2: Consultando al Agente Alberth...
[2026-08-12 14:18:42] Recuperando contexto de memoria persistente...
[2026-08-12 14:18:42] Memoria OK → Contexto recuperado (300 chars)
[2026-08-12 14:18:58] ERROR: Falló conexión con el agente. Usando fallback.
[2026-08-12 14:18:58] PASO 3: Generando audio de respuesta (TTS Premium edge-tts)...
[TTS-Premium] Sintetizando 94 caracteres con voz 'es-MX-JorgeNeural'...
[TTS-Premium] OK → Audio generado: alberth_voice_20260809_215801_response.mp3 (45 KB) | Voz: es-MX-JorgeNeural
[2026-08-12 14:19:02] TTS PREMIUM OK → Audio: /Users/digitalspace/.openclaw/workspace/voice_exchange/output/alberth_voice_20260809_215801_response.mp3 (edge-tts)
[2026-08-12 14:19:02] PASO 4: Reproduciendo respuesta...
[2026-08-12 14:19:13] --- PIPELINE COMPLETADO ---
[2026-08-12 14:19:13] --- PIPELINE INICIADO (AUDIO): alberth_voice_20260809_215806.wav ---
[2026-08-12 14:19:13] PASO 1: Transcribiendo audio con Groq Whisper (Cloud)...
[2026-08-12 14:19:24] STT CLOUD OK → Transcripción: Thank you.
[2026-08-12 14:19:24] FILTRO: Transcripción descartada por ser basura/silencio: 'Thank you.'
[2026-08-12 14:19:24] --- PIPELINE INICIADO (AUDIO): alberth_voice_20260809_215918.wav ---
[2026-08-12 14:19:25] PASO 1: Transcribiendo audio con Groq Whisper (Cloud)...
[2026-08-12 14:19:39] STT CLOUD OK → Transcripción: ¿Quieres decir qué? No voy a intentar. Flor. Muy bien, estaría pendiente. Hola, Oscar. No te había visto aquí desde... No, nunca. Largo. De aquí. Ya ni de hacer un ronante. Hola, Margarita. ¿Qué?
[2026-08-12 14:19:39] FILTRO: Transcripción válida → '¿Quieres decir qué? No voy a intentar. Flor. Muy bien, estaría pendiente. Hola, Oscar. No te había visto aquí desde... No, nunca. Largo. De aquí. Ya ni de hacer un ronante. Hola, Margarita. ¿Qué?'
[2026-08-12 14:19:39] PASO 1.5: Consultando Tálamo para clasificación semántica...
[Tálamo] Ollama OK → GENERAL_TALK
[2026-08-12 14:19:44] Tálamo → Tipo: GENERAL_TALK
[2026-08-12 14:19:44] PASO 2: Consultando al Agente Alberth...
[2026-08-12 14:19:45] Recuperando contexto de memoria persistente...
[2026-08-12 14:19:45] Memoria OK → Contexto recuperado (300 chars)
[2026-08-12 14:19:58] ERROR: Falló conexión con el agente. Usando fallback.
[2026-08-12 14:19:58] PASO 3: Generando audio de respuesta (TTS Premium edge-tts)...
[TTS-Premium] Sintetizando 94 caracteres con voz 'es-MX-JorgeNeural'...
[TTS-Premium] OK → Audio generado: alberth_voice_20260809_215918_response.mp3 (45 KB) | Voz: es-MX-JorgeNeural
[2026-08-12 14:20:04] TTS PREMIUM OK → Audio: /Users/digitalspace/.openclaw/workspace/voice_exchange/output/alberth_voice_20260809_215918_response.mp3 (edge-tts)
[2026-08-12 14:20:04] PASO 4: Reproduciendo respuesta...
[2026-08-12 14:20:14] --- PIPELINE COMPLETADO ---
[2026-08-12 14:20:15] --- PIPELINE INICIADO (AUDIO): alberth_voice_20260809_215955.wav ---
[2026-08-12 14:20:15] PASO 1: Transcribiendo audio con Groq Whisper (Cloud)...
[2026-08-12 14:20:28] STT CLOUD OK → Transcripción: Tres una caloría. Ah, que va de temprano. A quemar el pan de banana que te diga. Si, esta va delicioso mucho. ¿A qué? Si, me gusta ese pan. Tengo una receta. Tu cuesta es... De la mía por mes. ¿Esto? Al entero. ¿Quieres subir de nivel? Claro. Es que... Suficiente cambio para mí. Yo me empiezo de antes de dar tres. Good Christmas.
[2026-08-12 14:20:28] FILTRO: Transcripción válida → 'Tres una caloría. Ah, que va de temprano. A quemar el pan de banana que te diga. Si, esta va delicioso mucho. ¿A qué? Si, me gusta ese pan. Tengo una receta. Tu cuesta es... De la mía por mes. ¿Esto? Al entero. ¿Quieres subir de nivel? Claro. Es que... Suficiente cambio para mí. Yo me empiezo de antes de dar tres. Good Christmas.'
[2026-08-12 14:20:29] PASO 1.5: Consultando Tálamo para clasificación semántica...
[Tálamo] Ollama OK → FINANCE_TICKER
[2026-08-12 14:20:36] Tálamo → Tipo: FINANCE_TICKER
[2026-08-12 14:20:37] Tálamo → Enrutando a FINANCE HELPER...
[2026-08-12 14:20:38] FINANCE OK → 📈 **Bitcoin** (Crypto)
  Precio: $63,349.00
  Cambio 24h: +0.12%
  Market Cap: $1,271,348,453,972
[TTS-Premium] Sintetizando 97 caracteres con voz 'es-MX-JorgeNeural'...
[TTS-Premium] OK → Audio generado: alberth_voice_20260809_215955_response.mp3 (142 KB) | Voz: es-MX-JorgeNeural
[2026-08-12 14:20:42] --- PIPELINE COMPLETADO (FINANCE) ---
[2026-08-12 14:20:42] --- PIPELINE INICIADO (AUDIO): alberth_voice_20260809_220001.wav ---
[2026-08-12 14:20:42] PASO 1: Transcribiendo audio con Groq Whisper (Cloud)...
[2026-08-12 14:20:54] STT CLOUD OK → Transcripción: Thank you.
[2026-08-12 14:20:54] FILTRO: Transcripción descartada por ser basura/silencio: 'Thank you.'
[2026-08-12 14:20:54] --- PIPELINE INICIADO (AUDIO): alberth_voice_20260809_221009.wav ---
[2026-08-12 14:20:54] PASO 1: Transcribiendo audio con Groq Whisper (Cloud)...
[2026-08-12 14:21:10] STT CLOUD OK → Transcripción: Thank you. Transcribe the audio. Tornando. Grazie.
[2026-08-12 14:21:10] FILTRO: Transcripción válida → 'Thank you. Transcribe the audio. Tornando. Grazie.'
[2026-08-12 14:21:11] PASO 1.5: Consultando Tálamo para clasificación semántica...
[Tálamo] Ollama OK → GENERAL_TALK
[2026-08-12 14:21:16] Tálamo → Tipo: GENERAL_TALK
[2026-08-12 14:21:16] PASO 2: Consultando al Agente Alberth...
[2026-08-12 14:21:16] Recuperando contexto de memoria persistente...
[2026-08-12 14:21:16] Memoria OK → Contexto recuperado (300 chars)
[2026-08-12 14:21:29] ERROR: Falló conexión con el agente. Usando fallback.
[2026-08-12 14:21:29] PASO 3: Generando audio de respuesta (TTS Premium edge-tts)...
[TTS-Premium] Sintetizando 94 caracteres con voz 'es-MX-JorgeNeural'...
[TTS-Premium] OK → Audio generado: alberth_voice_20260809_221009_response.mp3 (45 KB) | Voz: es-MX-JorgeNeural
[2026-08-12 14:21:31] TTS PREMIUM OK → Audio: /Users/digitalspace/.openclaw/workspace/voice_exchange/output/alberth_voice_20260809_221009_response.mp3 (edge-tts)
[2026-08-12 14:21:31] PASO 4: Reproduciendo respuesta...
[2026-08-12 14:21:42] --- PIPELINE COMPLETADO ---
[2026-08-12 14:21:42] --- PIPELINE INICIADO (AUDIO): alberth_voice_20260809_221709.wav ---
[2026-08-12 14:21:42] PASO 1: Transcribiendo audio con Groq Whisper (Cloud)...
[2026-08-12 14:22:57] STT CLOUD OK → Transcripción: Transcribe the audio. Yeah And this is a very familiar To protect the human rights we will be able to live And this is another part of the film. It's a very common theme. No, no, no. Thank you Thank you. Thank you Transcribe the audio. Thank you.
[2026-08-12 14:22:57] FILTRO: Transcripción válida → 'Transcribe the audio. Yeah And this is a very familiar To protect the human rights we will be able to live And this is another part of the film. It's a very common theme. No, no, no. Thank you Thank you. Thank you Transcribe the audio. Thank you.'
[2026-08-12 14:22:58] PASO 1.5: Consultando Tálamo para clasificación semántica...
[Tálamo] Ollama OK → WEB_SEARCH
[2026-08-12 14:23:03] Tálamo → Tipo: WEB_SEARCH
[2026-08-12 14:23:03] PASO 2: Consultando al Agente Alberth...
[2026-08-12 14:23:04] Tálamo → Enrutando a WEB_SEARCH...
[2026-08-12 14:23:07] BÚSQUEDA OK
[2026-08-12 14:23:07] Recuperando contexto de memoria persistente...
[2026-08-12 14:23:07] Memoria OK → Contexto recuperado (300 chars)
[2026-08-12 14:23:22] ERROR: Falló conexión con el agente. Usando fallback.
[2026-08-12 14:23:23] PASO 3: Generando audio de respuesta (TTS Premium edge-tts)...
[TTS-Premium] Sintetizando 94 caracteres con voz 'es-MX-JorgeNeural'...
[TTS-Premium] OK → Audio generado: alberth_voice_20260809_221709_response.mp3 (45 KB) | Voz: es-MX-JorgeNeural
[2026-08-12 14:23:27] TTS PREMIUM OK → Audio: /Users/digitalspace/.openclaw/workspace/voice_exchange/output/alberth_voice_20260809_221709_response.mp3 (edge-tts)
[2026-08-12 14:23:27] PASO 4: Reproduciendo respuesta...
[2026-08-12 14:23:37] --- PIPELINE COMPLETADO ---
[2026-08-12 14:23:37] --- PIPELINE INICIADO (AUDIO): alberth_voice_20260809_221839.wav ---
[2026-08-12 14:23:37] PASO 1: Transcribiendo audio con Groq Whisper (Cloud)...
[2026-08-12 14:24:09] STT CLOUD OK → Transcripción: Thank you. Transcribe the audio. Transcribe the audio.
[2026-08-12 14:24:10] FILTRO: Transcripción válida → 'Thank you. Transcribe the audio. Transcribe the audio.'
[2026-08-12 14:24:10] PASO 1.5: Consultando Tálamo para clasificación semántica...
[Tálamo] Ollama OK → GENERAL_TALK
[2026-08-12 14:24:14] Tálamo → Tipo: GENERAL_TALK
[2026-08-12 14:24:14] PASO 2: Consultando al Agente Alberth...
[2026-08-12 14:24:14] Recuperando contexto de memoria persistente...
[2026-08-12 14:24:15] Memoria OK → Contexto recuperado (300 chars)
[2026-08-12 14:24:32] ERROR: Falló conexión con el agente. Usando fallback.
[2026-08-12 14:24:32] PASO 3: Generando audio de respuesta (TTS Premium edge-tts)...
[TTS-Premium] Sintetizando 94 caracteres con voz 'es-MX-JorgeNeural'...
[TTS-Premium] OK → Audio generado: alberth_voice_20260809_221839_response.mp3 (45 KB) | Voz: es-MX-JorgeNeural
[2026-08-12 14:24:36] TTS PREMIUM OK → Audio: /Users/digitalspace/.openclaw/workspace/voice_exchange/output/alberth_voice_20260809_221839_response.mp3 (edge-tts)
[2026-08-12 14:24:36] PASO 4: Reproduciendo respuesta...
[2026-08-12 14:24:46] --- PIPELINE COMPLETADO ---
[2026-08-12 14:24:47] --- PIPELINE INICIADO (AUDIO): alberth_voice_20260809_221948.wav ---
[2026-08-12 14:24:47] PASO 1: Transcribiendo audio con Groq Whisper (Cloud)...
[2026-08-12 14:24:58] STT CLOUD OK → Transcripción: Transcribe the audio. All right. Thank you.
[2026-08-12 14:24:58] FILTRO: Transcripción válida → 'Transcribe the audio. All right. Thank you.'
[2026-08-12 14:24:59] PASO 1.5: Consultando Tálamo para clasificación semántica...
[Tálamo] Ollama OK → GENERAL_TALK
[2026-08-12 14:25:03] Tálamo → Tipo: GENERAL_TALK
[2026-08-12 14:25:03] PASO 2: Consultando al Agente Alberth...
[2026-08-12 14:25:03] Recuperando contexto de memoria persistente...
[2026-08-12 14:25:03] Memoria OK → Contexto recuperado (300 chars)
[2026-08-12 14:25:17] ERROR: Falló conexión con el agente. Usando fallback.
[2026-08-12 14:25:17] PASO 3: Generando audio de respuesta (TTS Premium edge-tts)...
[TTS-Premium] Sintetizando 94 caracteres con voz 'es-MX-JorgeNeural'...
[TTS-Premium] OK → Audio generado: alberth_voice_20260809_221948_response.mp3 (45 KB) | Voz: es-MX-JorgeNeural
[2026-08-12 14:25:20] TTS PREMIUM OK → Audio: /Users/digitalspace/.openclaw/workspace/voice_exchange/output/alberth_voice_20260809_221948_response.mp3 (edge-tts)
[2026-08-12 14:25:20] PASO 4: Reproduciendo respuesta...
[2026-08-12 14:25:30] --- PIPELINE COMPLETADO ---
[2026-08-12 14:25:30] --- PIPELINE INICIADO (AUDIO): alberth_voice_20260809_222133.wav ---
[2026-08-12 14:25:30] PASO 1: Transcribiendo audio con Groq Whisper (Cloud)...
[2026-08-12 14:25:43] STT CLOUD OK → Transcripción: Transcribe the audio. Transcribe the audio. Tornando. .
[2026-08-12 14:25:43] FILTRO: Transcripción válida → 'Transcribe the audio. Transcribe the audio. Tornando. .'
[2026-08-12 14:25:44] PASO 1.5: Consultando Tálamo para clasificación semántica...
[Tálamo] Ollama OK → GENERAL_TALK
[2026-08-12 14:25:48] Tálamo → Tipo: GENERAL_TALK
[2026-08-12 14:25:48] PASO 2: Consultando al Agente Alberth...
[2026-08-12 14:25:48] Recuperando contexto de memoria persistente...
[2026-08-12 14:25:49] Memoria OK → Contexto recuperado (300 chars)
[2026-08-12 14:26:02] ERROR: Falló conexión con el agente. Usando fallback.
[2026-08-12 14:26:02] PASO 3: Generando audio de respuesta (TTS Premium edge-tts)...
[TTS-Premium] Sintetizando 94 caracteres con voz 'es-MX-JorgeNeural'...
[TTS-Premium] OK → Audio generado: alberth_voice_20260809_222133_response.mp3 (45 KB) | Voz: es-MX-JorgeNeural
[2026-08-12 14:26:07] TTS PREMIUM OK → Audio: /Users/digitalspace/.openclaw/workspace/voice_exchange/output/alberth_voice_20260809_222133_response.mp3 (edge-tts)
[2026-08-12 14:26:07] PASO 4: Reproduciendo respuesta...
[2026-08-12 14:26:17] --- PIPELINE COMPLETADO ---
[2026-08-12 14:26:17] --- PIPELINE INICIADO (AUDIO): alberth_voice_20260809_222248.wav ---
[2026-08-12 14:26:17] PASO 1: Transcribiendo audio con Groq Whisper (Cloud)...
[2026-08-12 14:26:29] STT CLOUD OK → Transcripción: Transcribe the audio. TRISTANA Danna, Llegó Matías. Ya.
[2026-08-12 14:26:30] FILTRO: Transcripción válida → 'Transcribe the audio. TRISTANA Danna, Llegó Matías. Ya.'
[2026-08-12 14:26:30] PASO 1.5: Consultando Tálamo para clasificación semántica...
[Tálamo] Ollama OK → WEB_SEARCH
[2026-08-12 14:26:35] Tálamo → Tipo: WEB_SEARCH
[2026-08-12 14:26:35] PASO 2: Consultando al Agente Alberth...
[2026-08-12 14:26:35] Tálamo → Enrutando a WEB_SEARCH...
[2026-08-12 14:26:37] BÚSQUEDA OK
[2026-08-12 14:26:37] Recuperando contexto de memoria persistente...
[2026-08-12 14:26:38] Memoria OK → Contexto recuperado (300 chars)
[2026-08-12 14:26:50] ERROR: Falló conexión con el agente. Usando fallback.
[2026-08-12 14:26:51] PASO 3: Generando audio de respuesta (TTS Premium edge-tts)...
[TTS-Premium] Sintetizando 94 caracteres con voz 'es-MX-JorgeNeural'...
[TTS-Premium] OK → Audio generado: alberth_voice_20260809_222248_response.mp3 (45 KB) | Voz: es-MX-JorgeNeural
[2026-08-12 14:26:55] TTS PREMIUM OK → Audio: /Users/digitalspace/.openclaw/workspace/voice_exchange/output/alberth_voice_20260809_222248_response.mp3 (edge-tts)
[2026-08-12 14:26:55] PASO 4: Reproduciendo respuesta...
[2026-08-12 14:27:05] --- PIPELINE COMPLETADO ---
[2026-08-12 14:27:05] --- PIPELINE INICIADO (AUDIO): alberth_voice_20260809_222327.wav ---
[2026-08-12 14:27:06] PASO 1: Transcribiendo audio con Groq Whisper (Cloud)...
[2026-08-12 14:27:17] STT CLOUD OK → Transcripción: Thank you. ¿Ellos son? Esos grandotes, creo que son enfermitos.
[2026-08-12 14:27:18] FILTRO: Transcripción válida → 'Thank you. ¿Ellos son? Esos grandotes, creo que son enfermitos.'
[2026-08-12 14:27:18] PASO 1.5: Consultando Tálamo para clasificación semántica...
[Tálamo] Ollama OK → GENERAL_TALK
[2026-08-12 14:27:23] Tálamo → Tipo: GENERAL_TALK
[2026-08-12 14:27:23] PASO 2: Consultando al Agente Alberth...
[2026-08-12 14:27:23] Recuperando contexto de memoria persistente...
[2026-08-12 14:27:23] Memoria OK → Contexto recuperado (300 chars)
[2026-08-12 14:27:36] ERROR: Falló conexión con el agente. Usando fallback.
[2026-08-12 14:27:36] PASO 3: Generando audio de respuesta (TTS Premium edge-tts)...
[TTS-Premium] Sintetizando 94 caracteres con voz 'es-MX-JorgeNeural'...
[TTS-Premium] OK → Audio generado: alberth_voice_20260809_222327_response.mp3 (45 KB) | Voz: es-MX-JorgeNeural
[2026-08-12 14:27:39] TTS PREMIUM OK → Audio: /Users/digitalspace/.openclaw/workspace/voice_exchange/output/alberth_voice_20260809_222327_response.mp3 (edge-tts)
[2026-08-12 14:27:39] PASO 4: Reproduciendo respuesta...
[2026-08-12 14:27:50] --- PIPELINE COMPLETADO ---
[2026-08-12 14:27:50] --- PIPELINE INICIADO (AUDIO): alberth_voice_20260809_222435.wav ---
[2026-08-12 14:27:50] PASO 1: Transcribiendo audio con Groq Whisper (Cloud)...
[2026-08-12 14:28:05] STT CLOUD OK → Transcripción: Transcribe the audio. Thank you. And the other one.
[2026-08-12 14:28:05] FILTRO: Transcripción válida → 'Transcribe the audio. Thank you. And the other one.'
[2026-08-12 14:28:06] PASO 1.5: Consultando Tálamo para clasificación semántica...
[Tálamo] Ollama OK → GENERAL_TALK
[2026-08-12 14:28:11] Tálamo → Tipo: GENERAL_TALK
[2026-08-12 14:28:11] PASO 2: Consultando al Agente Alberth...
[2026-08-12 14:28:11] Recuperando contexto de memoria persistente...
[2026-08-12 14:28:12] Memoria OK → Contexto recuperado (300 chars)
[2026-08-12 14:28:24] ERROR: Falló conexión con el agente. Usando fallback.
[2026-08-12 14:28:24] PASO 3: Generando audio de respuesta (TTS Premium edge-tts)...
[TTS-Premium] Sintetizando 94 caracteres con voz 'es-MX-JorgeNeural'...
[TTS-Premium] OK → Audio generado: alberth_voice_20260809_222435_response.mp3 (45 KB) | Voz: es-MX-JorgeNeural
[2026-08-12 14:28:27] TTS PREMIUM OK → Audio: /Users/digitalspace/.openclaw/workspace/voice_exchange/output/alberth_voice_20260809_222435_response.mp3 (edge-tts)
[2026-08-12 14:28:28] PASO 4: Reproduciendo respuesta...
[2026-08-12 14:28:38] --- PIPELINE COMPLETADO ---
[2026-08-12 14:28:38] --- PIPELINE INICIADO (AUDIO): alberth_voice_20260809_222602.wav ---
[2026-08-12 14:28:38] PASO 1: Transcribiendo audio con Groq Whisper (Cloud)...
[2026-08-12 14:29:09] STT CLOUD OK → Transcripción: Thank you. . . . . . . . . . . . no son tan y por explicación
[2026-08-12 14:29:10] FILTRO: Transcripción válida → 'Thank you. . . . . . . . . . . . no son tan y por explicación'
[2026-08-12 14:29:10] PASO 1.5: Consultando Tálamo para clasificación semántica...
[Tálamo] Ollama OK → GENERAL_TALK
[2026-08-12 14:29:14] Tálamo → Tipo: GENERAL_TALK
[2026-08-12 14:29:14] PASO 2: Consultando al Agente Alberth...
[2026-08-12 14:29:15] Recuperando contexto de memoria persistente...
[2026-08-12 14:29:15] Memoria OK → Contexto recuperado (300 chars)
[2026-08-12 14:29:27] ERROR: Falló conexión con el agente. Usando fallback.
[2026-08-12 14:29:28] PASO 3: Generando audio de respuesta (TTS Premium edge-tts)...
[TTS-Premium] Sintetizando 94 caracteres con voz 'es-MX-JorgeNeural'...
[TTS-Premium] OK → Audio generado: alberth_voice_20260809_222602_response.mp3 (45 KB) | Voz: es-MX-JorgeNeural
[2026-08-12 14:29:30] TTS PREMIUM OK → Audio: /Users/digitalspace/.openclaw/workspace/voice_exchange/output/alberth_voice_20260809_222602_response.mp3 (edge-tts)
[2026-08-12 14:29:30] PASO 4: Reproduciendo respuesta...
[2026-08-12 14:29:40] --- PIPELINE COMPLETADO ---
[2026-08-12 14:29:41] --- PIPELINE INICIADO (AUDIO): alberth_voice_20260809_222856.wav ---
[2026-08-12 14:29:41] PASO 1: Transcribiendo audio con Groq Whisper (Cloud)...
[2026-08-12 14:30:04] STT CLOUD OK → Transcripción: Thank you. Thank you. Transcribe the audio Thank you 2 2 3 4 4 4 de estos va de entrego Agregamos Agregamos al carril. Lo dejamos en el carril. Aquí te dice. Aquí puedes decir, el valor a pagar son $13,50. ¿Por qué? $12 de pedido más $150 del delirio. Porque está el delivery. Pero si yo pongo retiro en el local, automáticamente se quedan dosis. ¿Ya? Pero, pongámosle delivery. Y la palabra. Aquí ya le decimos, para realizar el pedido. Aquí le decimos que hasta el lugar, el pedido, soltata, inoceptivo. El total apagar, el envío. Uno puede apagar. Ya, quedó confirmado, verse 1. Aquí me dice que el pedido lo ha recibido KFC. ¿Ya? Entonces nos vamos a la aplicación de KFC. Me dice que hay un pedido de $13.50. Aquí el dueño de los cargos, en este caso, puede aceptar o rechazar.
[2026-08-12 14:30:05] FILTRO: Transcripción válida → 'Thank you. Thank you. Transcribe the audio Thank you 2 2 3 4 4 4 de estos va de entrego Agregamos Agregamos al carril. Lo dejamos en el carril. Aquí te dice. Aquí puedes decir, el valor a pagar son $13,50. ¿Por qué? $12 de pedido más $150 del delirio. Porque está el delivery. Pero si yo pongo retiro en el local, automáticamente se quedan dosis. ¿Ya? Pero, pongámosle delivery. Y la palabra. Aquí ya le decimos, para realizar el pedido. Aquí le decimos que hasta el lugar, el pedido, soltata, inoceptivo. El total apagar, el envío. Uno puede apagar. Ya, quedó confirmado, verse 1. Aquí me dice que el pedido lo ha recibido KFC. ¿Ya? Entonces nos vamos a la aplicación de KFC. Me dice que hay un pedido de $13.50. Aquí el dueño de los cargos, en este caso, puede aceptar o rechazar.'
[2026-08-12 14:30:05] PASO 1.5: Consultando Tálamo para clasificación semántica...
[Tálamo] Ollama OK → GENERAL_TALK
[2026-08-12 14:30:16] Tálamo → Tipo: GENERAL_TALK
[2026-08-12 14:30:16] PASO 2: Consultando al Agente Alberth...
[2026-08-12 14:30:16] Recuperando contexto de memoria persistente...
[2026-08-12 14:30:17] Memoria OK → Contexto recuperado (300 chars)
[2026-08-12 14:30:30] ERROR: Falló conexión con el agente. Usando fallback.
[2026-08-12 14:30:30] PASO 3: Generando audio de respuesta (TTS Premium edge-tts)...
[TTS-Premium] Sintetizando 94 caracteres con voz 'es-MX-JorgeNeural'...
[TTS-Premium] OK → Audio generado: alberth_voice_20260809_222856_response.mp3 (45 KB) | Voz: es-MX-JorgeNeural
[2026-08-12 14:30:33] TTS PREMIUM OK → Audio: /Users/digitalspace/.openclaw/workspace/voice_exchange/output/alberth_voice_20260809_222856_response.mp3 (edge-tts)
[2026-08-12 14:30:33] PASO 4: Reproduciendo respuesta...
[2026-08-12 14:30:43] --- PIPELINE COMPLETADO ---
[2026-08-12 14:30:43] --- PIPELINE INICIADO (AUDIO): alberth_voice_20260809_223010.wav ---
[2026-08-12 14:30:43] PASO 1: Transcribiendo audio con Groq Whisper (Cloud)...
[2026-08-12 14:31:03] STT CLOUD OK → Transcripción: Aceptamos. Entonces, ya lo que aceptamos ya se eliminó de aquí para que sigan llegando más pedidos. Pero aquí está en cocina. La orden es para el cocina. ¿Ya? Cuando ya está listo el pedido, listo y enviar a Riders. Riders son los delibers. Aquí está buscando repartidor disponible. Entonces, este pedido les aparece a todos los rayos, o sea, todos los delirios. ¿Viste? Aquí ya está. Y aquí le dice cuánto va a ganar. Y él pone aceptar el pedido. Al momento de que él acepte el pedido, aquí dice que en la del cliente, en la de KFC, dice que el repartidor asignado, el que va a ir allá, es macrojaya, ta, ta, ta, ta, ta, ta, ya. Y también le aparece acá...
[2026-08-12 14:31:03] FILTRO: Transcripción válida → 'Aceptamos. Entonces, ya lo que aceptamos ya se eliminó de aquí para que sigan llegando más pedidos. Pero aquí está en cocina. La orden es para el cocina. ¿Ya? Cuando ya está listo el pedido, listo y enviar a Riders. Riders son los delibers. Aquí está buscando repartidor disponible. Entonces, este pedido les aparece a todos los rayos, o sea, todos los delirios. ¿Viste? Aquí ya está. Y aquí le dice cuánto va a ganar. Y él pone aceptar el pedido. Al momento de que él acepte el pedido, aquí dice que en la del cliente, en la de KFC, dice que el repartidor asignado, el que va a ir allá, es macrojaya, ta, ta, ta, ta, ta, ta, ya. Y también le aparece acá...'
[2026-08-12 14:31:04] PASO 1.5: Consultando Tálamo para clasificación semántica...
[Tálamo] Ollama OK → FINANCE_TICKER
[2026-08-12 14:31:12] Tálamo → Tipo: FINANCE_TICKER
[2026-08-12 14:31:12] Tálamo → Enrutando a FINANCE HELPER...
[2026-08-12 14:31:14] FINANCE OK → 📈 **Bitcoin** (Crypto)
  Precio: $63,307.00
  Cambio 24h: +0.00%
  Market Cap: $1,270,760,175,927
[TTS-Premium] Sintetizando 97 caracteres con voz 'es-MX-JorgeNeural'...
[TTS-Premium] OK → Audio generado: alberth_voice_20260809_223010_response.mp3 (135 KB) | Voz: es-MX-JorgeNeural
[2026-08-12 14:31:17] --- PIPELINE COMPLETADO (FINANCE) ---
[2026-08-12 14:31:17] --- PIPELINE INICIADO (AUDIO): alberth_voice_20260809_223211.wav ---
[2026-08-12 14:31:17] PASO 1: Transcribiendo audio con Groq Whisper (Cloud)...
[2026-08-12 14:31:40] STT CLOUD OK → Transcripción: Ya está recibido. Ahí cuando lo pusimos en cocina, está en cocina, luego listo. Y agregando, asignando repartidor. ¿Ya? Pero ya está en camino. Ahora, ya le puse el chat. Hola, ¿por dónde vienes? Por ejemplo, el cliente. Entonces, al repartidor le va a aparecer aquí. Se te envío. Hola, ¿por dónde vienes? Hola, voy en camino. Esto, ahorita se me ocurrió algo mejor. El repartidor le puede poner aquí que llene de 5, 10, 15, 20 o 30 minutos. El repartidor ya tiene aqu pero puede tambi abrir la ubicaci para el gu d d tiene que ir Y cuando entrega pone confirmar entrega Al momento que confirma la entrega, se le borra ya totalmente. Y aquí, él va viendo todos sus pedidos que él ha entregado, cuánto ha ganado en envíos, nueve envíos, esto es lo que ha ganado, Y mientras ellos tienen que recargar para poder trabajar. Se me entiende. Ya voy a decir. Exacto. Y acá, mira, ya acá ya aparece entregado. Y aquí también me viene, aquí también viene los datos del repartidor. Ya ha entregado y ya desaparece el pedido. Y este es el historial de pedidos que ha hecho.
[2026-08-12 14:31:41] FILTRO: Transcripción válida → 'Ya está recibido. Ahí cuando lo pusimos en cocina, está en cocina, luego listo. Y agregando, asignando repartidor. ¿Ya? Pero ya está en camino. Ahora, ya le puse el chat. Hola, ¿por dónde vienes? Por ejemplo, el cliente. Entonces, al repartidor le va a aparecer aquí. Se te envío. Hola, ¿por dónde vienes? Hola, voy en camino. Esto, ahorita se me ocurrió algo mejor. El repartidor le puede poner aquí que llene de 5, 10, 15, 20 o 30 minutos. El repartidor ya tiene aqu pero puede tambi abrir la ubicaci para el gu d d tiene que ir Y cuando entrega pone confirmar entrega Al momento que confirma la entrega, se le borra ya totalmente. Y aquí, él va viendo todos sus pedidos que él ha entregado, cuánto ha ganado en envíos, nueve envíos, esto es lo que ha ganado, Y mientras ellos tienen que recargar para poder trabajar. Se me entiende. Ya voy a decir. Exacto. Y acá, mira, ya acá ya aparece entregado. Y aquí también me viene, aquí también viene los datos del repartidor. Ya ha entregado y ya desaparece el pedido. Y este es el historial de pedidos que ha hecho.'
[2026-08-12 14:31:41] PASO 1.5: Consultando Tálamo para clasificación semántica...
[Tálamo] Ollama OK → FINANCE_TICKER
[2026-08-12 14:31:51] Tálamo → Tipo: FINANCE_TICKER
[2026-08-12 14:31:51] Tálamo → Enrutando a FINANCE HELPER...
[2026-08-12 14:31:52] FINANCE OK → 📉 **Bitcoin** (Crypto)
  Precio: $63,317.00
  Cambio 24h: -0.02%
  Market Cap: $1,270,598,953,389
[TTS-Premium] Sintetizando 97 caracteres con voz 'es-MX-JorgeNeural'...
[TTS-Premium] OK → Audio generado: alberth_voice_20260809_223211_response.mp3 (142 KB) | Voz: es-MX-JorgeNeural
[2026-08-12 14:31:57] --- PIPELINE COMPLETADO (FINANCE) ---
[2026-08-12 14:31:57] --- PIPELINE INICIADO (AUDIO): alberth_voice_20260809_224024.wav ---
[2026-08-12 14:31:57] PASO 1: Transcribiendo audio con Groq Whisper (Cloud)...
[2026-08-12 14:32:14] STT CLOUD OK → Transcripción: La centra de comisiones, saldo global de... Bueno, esto de aquí tengo que... Lo puse, pero tengo que... Que trabajar lo mejor para que me salgan todo lo que quienes han pagado, que no han pagado, cuánto vamos ganando, cuánto vamos perdiendo, etc. Aquí... Aquí, antes de publicar yo a la aplicación, puedo ver aquí cómo se va a ver, ¿ya? Cómo se está viendo, cómo se va a ver antes de publicarlo. Aquí, marketing y promociones. Aquí puedo poner en el pod app como para que cuando abra la aplicación te aparezca. ¡Fum! Transcribe the audio Aqu est el cat de todos sus productos Y él puede decir, bueno, hoy ya se me terminó el pollo frito. Yo como administrador de la aplicación, yo no sé. Pero él dice, hoy se me ha ofrecido el pollo frito y ¿quién lo desactúa? Ya. Uno. Él puede poner la promoción. Ah, hoy día voy a poner esta promoción. O no la voy a poner. Aquí le pongo el precio. Por ejemplo, si valía 3, yo le pongo 255. Activar oferta. Ya. Ya. ¿A cuánto? Tanto se nos funciona. Thank you.
[2026-08-12 14:32:14] FILTRO: Transcripción válida → 'La centra de comisiones, saldo global de... Bueno, esto de aquí tengo que... Lo puse, pero tengo que... Que trabajar lo mejor para que me salgan todo lo que quienes han pagado, que no han pagado, cuánto vamos ganando, cuánto vamos perdiendo, etc. Aquí... Aquí, antes de publicar yo a la aplicación, puedo ver aquí cómo se va a ver, ¿ya? Cómo se está viendo, cómo se va a ver antes de publicarlo. Aquí, marketing y promociones. Aquí puedo poner en el pod app como para que cuando abra la aplicación te aparezca. ¡Fum! Transcribe the audio Aqu est el cat de todos sus productos Y él puede decir, bueno, hoy ya se me terminó el pollo frito. Yo como administrador de la aplicación, yo no sé. Pero él dice, hoy se me ha ofrecido el pollo frito y ¿quién lo desactúa? Ya. Uno. Él puede poner la promoción. Ah, hoy día voy a poner esta promoción. O no la voy a poner. Aquí le pongo el precio. Por ejemplo, si valía 3, yo le pongo 255. Activar oferta. Ya. Ya. ¿A cuánto? Tanto se nos funciona. Thank you.'
[2026-08-12 14:32:15] PASO 1.5: Consultando Tálamo para clasificación semántica...
[Tálamo] Ollama OK → FINANCE_TICKER
[2026-08-12 14:32:26] Tálamo → Tipo: FINANCE_TICKER
[2026-08-12 14:32:26] Tálamo → Enrutando a FINANCE HELPER...
[2026-08-12 14:32:27] FINANCE OK → 📉 **Bitcoin** (Crypto)
  Precio: $63,317.00
  Cambio 24h: -0.02%
  Market Cap: $1,270,598,953,389
[TTS-Premium] Sintetizando 97 caracteres con voz 'es-MX-JorgeNeural'...
[TTS-Premium] OK → Audio generado: alberth_voice_20260809_224024_response.mp3 (142 KB) | Voz: es-MX-JorgeNeural
[2026-08-12 14:32:30] --- PIPELINE COMPLETADO (FINANCE) ---
[2026-08-12 14:32:30] --- PIPELINE INICIADO (AUDIO): alberth_voice_20260809_224201.wav ---
[2026-08-12 14:32:30] PASO 1: Transcribiendo audio con Groq Whisper (Cloud)...
[2026-08-12 14:32:42] STT CLOUD OK → Transcripción: Transcribe the audio. Tres text.
[2026-08-12 14:32:42] FILTRO: Transcripción válida → 'Transcribe the audio. Tres text.'
[2026-08-12 14:32:43] PASO 1.5: Consultando Tálamo para clasificación semántica...
[Tálamo] Ollama OK → WEB_SEARCH
[2026-08-12 14:32:48] Tálamo → Tipo: WEB_SEARCH
[2026-08-12 14:32:49] PASO 2: Consultando al Agente Alberth...
[2026-08-12 14:32:49] Tálamo → Enrutando a WEB_SEARCH...
[2026-08-12 14:32:52] BÚSQUEDA OK
[2026-08-12 14:32:52] Recuperando contexto de memoria persistente...
[2026-08-12 14:32:52] Memoria OK → Contexto recuperado (300 chars)
[2026-08-12 14:33:09] ERROR: Falló conexión con el agente. Usando fallback.
[2026-08-12 14:33:09] PASO 3: Generando audio de respuesta (TTS Premium edge-tts)...
[TTS-Premium] Sintetizando 94 caracteres con voz 'es-MX-JorgeNeural'...
[TTS-Premium] OK → Audio generado: alberth_voice_20260809_224201_response.mp3 (45 KB) | Voz: es-MX-JorgeNeural
[2026-08-12 14:33:12] TTS PREMIUM OK → Audio: /Users/digitalspace/.openclaw/workspace/voice_exchange/output/alberth_voice_20260809_224201_response.mp3 (edge-tts)
[2026-08-12 14:33:12] PASO 4: Reproduciendo respuesta...
[2026-08-12 14:33:22] --- PIPELINE COMPLETADO ---
[2026-08-12 14:33:23] --- PIPELINE INICIADO (AUDIO): alberth_voice_20260809_224458.wav ---
[2026-08-12 14:33:23] PASO 1: Transcribiendo audio con Groq Whisper (Cloud)...
[2026-08-12 14:33:44] STT CLOUD OK → Transcripción: No necesitamos tu cuenta, tu correo, ni nada de eso. Estamos en el link de activación. Entonces lo que vas a hacer es copiar ese link que te vamos a mirar. Lo vas a copiar. Y lo que vas a hacer es ir a la cuenta que vas a activar el servicio. Tienes que tener en cuenta que todo es que estés en la cuenta como tú no tienes que ser en la cuenta que tú vas a elegir para activar el servicio. En este caso yo la voy a activar en esta cuenta. Entonces lo que vas a hacer es súper fácil. Vas a pegar el link. Pegas el link. Ya, acá está. Lo pegas y te va a salir la oferta. Lo único que tienes que hacer para activar este plan por 18 meses, acabas de perder todo, es darle aquí en activar mi plan. Eso es todo lo que tienes que hacer. Después de que lo actives, ya estás activo a Gemini Pro por 18 meses. Super, super fácil. Acá podemos verificar. Vamos a ir a Gemini, ya. Y acá te vas a dar cuenta que ya eres Pro. Acá estás, como puedes ver, Gemini, donde te ponen la cuenta, está en Pro. ¿Listo? Si eres Pro puedes usar todas las funciones Pro. Allí tienes todas las funciones Pro. ¿Listo? ¿Cómo más puedes verificar que realmente todo esto funciona? Vas a ir aquí a Flow. Vas a ir a Flow. Google Flow. Y ahí te vas a dar cuenta que están activos tus créditos para que puedas terminar videos con el teléfono artificial. Y así pues impulsar tus marcas. Y eso te vas a poner en un botón de adhesivo. Thank you.
[2026-08-12 14:33:44] FILTRO: Transcripción válida → 'No necesitamos tu cuenta, tu correo, ni nada de eso. Estamos en el link de activación. Entonces lo que vas a hacer es copiar ese link que te vamos a mirar. Lo vas a copiar. Y lo que vas a hacer es ir a la cuenta que vas a activar el servicio. Tienes que tener en cuenta que todo es que estés en la cuenta como tú no tienes que ser en la cuenta que tú vas a elegir para activar el servicio. En este caso yo la voy a activar en esta cuenta. Entonces lo que vas a hacer es súper fácil. Vas a pegar el link. Pegas el link. Ya, acá está. Lo pegas y te va a salir la oferta. Lo único que tienes que hacer para activar este plan por 18 meses, acabas de perder todo, es darle aquí en activar mi plan. Eso es todo lo que tienes que hacer. Después de que lo actives, ya estás activo a Gemini Pro por 18 meses. Super, super fácil. Acá podemos verificar. Vamos a ir a Gemini, ya. Y acá te vas a dar cuenta que ya eres Pro. Acá estás, como puedes ver, Gemini, donde te ponen la cuenta, está en Pro. ¿Listo? Si eres Pro puedes usar todas las funciones Pro. Allí tienes todas las funciones Pro. ¿Listo? ¿Cómo más puedes verificar que realmente todo esto funciona? Vas a ir aquí a Flow. Vas a ir a Flow. Google Flow. Y ahí te vas a dar cuenta que están activos tus créditos para que puedas terminar videos con el teléfono artificial. Y así pues impulsar tus marcas. Y eso te vas a poner en un botón de adhesivo. Thank you.'
[2026-08-12 14:33:45] PASO 1.5: Consultando Tálamo para clasificación semántica...
[Tálamo] Ollama OK → GENERAL_TALK
[2026-08-12 14:33:57] Tálamo → Tipo: GENERAL_TALK
[2026-08-12 14:33:57] PASO 2: Consultando al Agente Alberth...
[2026-08-12 14:33:57] Recuperando contexto de memoria persistente...
[2026-08-12 14:33:58] Memoria OK → Contexto recuperado (300 chars)
[2026-08-12 14:34:10] ERROR: Falló conexión con el agente. Usando fallback.
[2026-08-12 14:34:10] PASO 3: Generando audio de respuesta (TTS Premium edge-tts)...
[TTS-Premium] Sintetizando 94 caracteres con voz 'es-MX-JorgeNeural'...
[TTS-Premium] OK → Audio generado: alberth_voice_20260809_224458_response.mp3 (45 KB) | Voz: es-MX-JorgeNeural
[2026-08-12 14:34:17] TTS PREMIUM OK → Audio: /Users/digitalspace/.openclaw/workspace/voice_exchange/output/alberth_voice_20260809_224458_response.mp3 (edge-tts)
[2026-08-12 14:34:17] PASO 4: Reproduciendo respuesta...
[2026-08-12 14:34:27] --- PIPELINE COMPLETADO ---
[2026-08-12 14:34:27] --- PIPELINE INICIADO (AUDIO): alberth_voice_20260809_224520.wav ---
[2026-08-12 14:34:27] PASO 1: Transcribiendo audio con Groq Whisper (Cloud)...
[2026-08-12 14:34:40] STT CLOUD OK → Transcripción: Transcribe the audio.
[2026-08-12 14:34:40] FILTRO: Transcripción válida → 'Transcribe the audio.'
[2026-08-12 14:34:40] PASO 1.5: Consultando Tálamo para clasificación semántica...
[Tálamo] Ollama OK → GENERAL_TALK
[2026-08-12 14:34:44] Tálamo → Tipo: GENERAL_TALK
[2026-08-12 14:34:44] PASO 2: Consultando al Agente Alberth...
[2026-08-12 14:34:44] Recuperando contexto de memoria persistente...
[2026-08-12 14:34:45] Memoria OK → Contexto recuperado (300 chars)
[2026-08-12 14:34:59] ERROR: Falló conexión con el agente. Usando fallback.
[2026-08-12 14:35:00] PASO 3: Generando audio de respuesta (TTS Premium edge-tts)...
[TTS-Premium] Sintetizando 94 caracteres con voz 'es-MX-JorgeNeural'...
[TTS-Premium] OK → Audio generado: alberth_voice_20260809_224520_response.mp3 (45 KB) | Voz: es-MX-JorgeNeural
[2026-08-12 14:35:02] TTS PREMIUM OK → Audio: /Users/digitalspace/.openclaw/workspace/voice_exchange/output/alberth_voice_20260809_224520_response.mp3 (edge-tts)
[2026-08-12 14:35:03] PASO 4: Reproduciendo respuesta...
[2026-08-12 14:35:13] --- PIPELINE COMPLETADO ---
[2026-08-12 14:35:13] --- PIPELINE INICIADO (AUDIO): alberth_voice_20260809_224527.wav ---
[2026-08-12 14:35:13] PASO 1: Transcribiendo audio con Groq Whisper (Cloud)...
[2026-08-12 14:35:24] STT CLOUD OK → Transcripción: It was a great time.
[2026-08-12 14:35:25] FILTRO: Transcripción válida → 'It was a great time.'
[2026-08-12 14:35:25] PASO 1.5: Consultando Tálamo para clasificación semántica...
[Tálamo] Ollama OK → GENERAL_TALK
[2026-08-12 14:35:29] Tálamo → Tipo: GENERAL_TALK
[2026-08-12 14:35:29] PASO 2: Consultando al Agente Alberth...
[2026-08-12 14:35:29] Recuperando contexto de memoria persistente...
[2026-08-12 14:35:30] Memoria OK → Contexto recuperado (300 chars)
[2026-08-12 14:35:43] ERROR: Falló conexión con el agente. Usando fallback.
[2026-08-12 14:35:44] PASO 3: Generando audio de respuesta (TTS Premium edge-tts)...
[TTS-Premium] Sintetizando 94 caracteres con voz 'es-MX-JorgeNeural'...
[TTS-Premium] OK → Audio generado: alberth_voice_20260809_224527_response.mp3 (45 KB) | Voz: es-MX-JorgeNeural
[2026-08-12 14:35:46] TTS PREMIUM OK → Audio: /Users/digitalspace/.openclaw/workspace/voice_exchange/output/alberth_voice_20260809_224527_response.mp3 (edge-tts)
[2026-08-12 14:35:46] PASO 4: Reproduciendo respuesta...
[2026-08-12 14:35:57] --- PIPELINE COMPLETADO ---
[2026-08-12 14:35:57] --- PIPELINE INICIADO (AUDIO): alberth_voice_20260809_225608.wav ---
[2026-08-12 14:35:57] PASO 1: Transcribiendo audio con Groq Whisper (Cloud)...
[2026-08-12 14:36:10] STT CLOUD OK → Transcripción: .
[2026-08-12 14:36:10] FILTRO: Transcripción descartada por ser basura/silencio: '.'
[2026-08-12 14:36:11] --- PIPELINE INICIADO (AUDIO): alberth_voice_20260809_230605.wav ---
[2026-08-12 14:36:11] PASO 1: Transcribiendo audio con Groq Whisper (Cloud)...
[2026-08-12 14:36:21] STT CLOUD OK → Transcripción: Thank you.
[2026-08-12 14:36:21] FILTRO: Transcripción descartada por ser basura/silencio: 'Thank you.'
[2026-08-12 14:36:21] --- PIPELINE INICIADO (AUDIO): alberth_voice_20260809_230631.wav ---
[2026-08-12 14:36:22] PASO 1: Transcribiendo audio con Groq Whisper (Cloud)...
[2026-08-12 14:36:31] STT CLOUD OK → Transcripción: .
[2026-08-12 14:36:32] FILTRO: Transcripción descartada por ser basura/silencio: '.'
[2026-08-12 14:36:32] --- PIPELINE INICIADO (AUDIO): alberth_voice_20260809_230644.wav ---
[2026-08-12 14:36:32] PASO 1: Transcribiendo audio con Groq Whisper (Cloud)...
[2026-08-12 14:36:43] STT CLOUD OK → Transcripción: Transcribe the audio.
[2026-08-12 14:36:43] FILTRO: Transcripción válida → 'Transcribe the audio.'
[2026-08-12 14:36:44] PASO 1.5: Consultando Tálamo para clasificación semántica...
[Tálamo] Ollama OK → GENERAL_TALK
[2026-08-12 14:36:48] Tálamo → Tipo: GENERAL_TALK
[2026-08-12 14:36:48] PASO 2: Consultando al Agente Alberth...
[2026-08-12 14:36:48] Recuperando contexto de memoria persistente...
[2026-08-12 14:36:48] Memoria OK → Contexto recuperado (300 chars)
[2026-08-12 14:37:01] ERROR: Falló conexión con el agente. Usando fallback.
[2026-08-12 14:37:01] PASO 3: Generando audio de respuesta (TTS Premium edge-tts)...
[TTS-Premium] Sintetizando 94 caracteres con voz 'es-MX-JorgeNeural'...
[TTS-Premium] OK → Audio generado: alberth_voice_20260809_230644_response.mp3 (45 KB) | Voz: es-MX-JorgeNeural
[2026-08-12 14:37:04] TTS PREMIUM OK → Audio: /Users/digitalspace/.openclaw/workspace/voice_exchange/output/alberth_voice_20260809_230644_response.mp3 (edge-tts)
[2026-08-12 14:37:04] PASO 4: Reproduciendo respuesta...
[2026-08-12 14:37:14] --- PIPELINE COMPLETADO ---
[2026-08-12 14:37:14] --- PIPELINE INICIADO (AUDIO): alberth_voice_20260809_230651.wav ---
[2026-08-12 14:37:15] PASO 1: Transcribiendo audio con Groq Whisper (Cloud)...
[2026-08-12 14:37:26] STT CLOUD OK → Transcripción: Thank you.
[2026-08-12 14:37:26] FILTRO: Transcripción descartada por ser basura/silencio: 'Thank you.'
[2026-08-12 14:37:26] --- PIPELINE INICIADO (AUDIO): alberth_voice_20260809_230724.wav ---
[2026-08-12 14:37:26] PASO 1: Transcribiendo audio con Groq Whisper (Cloud)...
[2026-08-12 14:37:37] STT CLOUD OK → Transcripción: Thank you.
[2026-08-12 14:37:37] FILTRO: Transcripción descartada por ser basura/silencio: 'Thank you.'
[2026-08-12 14:37:38] --- PIPELINE INICIADO (AUDIO): alberth_voice_20260809_230855.wav ---
[2026-08-12 14:37:38] PASO 1: Transcribiendo audio con Groq Whisper (Cloud)...
[2026-08-12 14:37:51] STT CLOUD OK → Transcripción: No creo que vuestra relación sea un chiste. Creo que un caballo entró al bar, se lo le dice por ti la cara larga, ese es un chiste. No creo que vuestra relación sea un chiste.
[2026-08-12 14:37:51] FILTRO: Transcripción válida → 'No creo que vuestra relación sea un chiste. Creo que un caballo entró al bar, se lo le dice por ti la cara larga, ese es un chiste. No creo que vuestra relación sea un chiste.'
[2026-08-12 14:37:52] PASO 1.5: Consultando Tálamo para clasificación semántica...
[Tálamo] Ollama OK → GENERAL_TALK
[2026-08-12 14:37:57] Tálamo → Tipo: GENERAL_TALK
[2026-08-12 14:37:57] PASO 2: Consultando al Agente Alberth...
[2026-08-12 14:37:57] Recuperando contexto de memoria persistente...
[2026-08-12 14:37:57] Memoria OK → Contexto recuperado (300 chars)
[2026-08-12 14:38:15] ERROR: Falló conexión con el agente. Usando fallback.
[2026-08-12 14:38:15] PASO 3: Generando audio de respuesta (TTS Premium edge-tts)...
[TTS-Premium] Sintetizando 94 caracteres con voz 'es-MX-JorgeNeural'...
[TTS-Premium] OK → Audio generado: alberth_voice_20260809_230855_response.mp3 (45 KB) | Voz: es-MX-JorgeNeural
[2026-08-12 14:38:18] TTS PREMIUM OK → Audio: /Users/digitalspace/.openclaw/workspace/voice_exchange/output/alberth_voice_20260809_230855_response.mp3 (edge-tts)
[2026-08-12 14:38:18] PASO 4: Reproduciendo respuesta...
[2026-08-12 14:38:28] --- PIPELINE COMPLETADO ---
[2026-08-12 14:38:29] --- PIPELINE INICIADO (AUDIO): alberth_voice_20260809_232304.wav ---
[2026-08-12 14:38:29] PASO 1: Transcribiendo audio con Groq Whisper (Cloud)...
[2026-08-12 14:38:41] STT CLOUD OK → Transcripción: . .
[2026-08-12 14:38:41] FILTRO: Transcripción descartada por ser basura/silencio: '. .'
[2026-08-12 14:38:42] --- PIPELINE INICIADO (AUDIO): alberth_voice_20260809_232348.wav ---
[2026-08-12 14:38:42] PASO 1: Transcribiendo audio con Groq Whisper (Cloud)...
[2026-08-12 14:38:53] STT CLOUD OK → Transcripción: Transcribe the audio.
[2026-08-12 14:38:53] FILTRO: Transcripción válida → 'Transcribe the audio.'
[2026-08-12 14:38:53] PASO 1.5: Consultando Tálamo para clasificación semántica...
[Tálamo] Ollama OK → GENERAL_TALK
[2026-08-12 14:38:58] Tálamo → Tipo: GENERAL_TALK
[2026-08-12 14:38:58] PASO 2: Consultando al Agente Alberth...
[2026-08-12 14:38:58] Recuperando contexto de memoria persistente...
[2026-08-12 14:38:59] Memoria OK → Contexto recuperado (300 chars)
[2026-08-12 14:39:13] ERROR: Falló conexión con el agente. Usando fallback.
[2026-08-12 14:39:13] PASO 3: Generando audio de respuesta (TTS Premium edge-tts)...
[TTS-Premium] Sintetizando 94 caracteres con voz 'es-MX-JorgeNeural'...
[TTS-Premium] OK → Audio generado: alberth_voice_20260809_232348_response.mp3 (45 KB) | Voz: es-MX-JorgeNeural
[2026-08-12 14:39:16] TTS PREMIUM OK → Audio: /Users/digitalspace/.openclaw/workspace/voice_exchange/output/alberth_voice_20260809_232348_response.mp3 (edge-tts)
[2026-08-12 14:39:16] PASO 4: Reproduciendo respuesta...
[2026-08-12 14:39:26] --- PIPELINE COMPLETADO ---
[2026-08-12 14:39:26] --- PIPELINE INICIADO (AUDIO): alberth_voice_20260809_232459.wav ---
[2026-08-12 14:39:26] PASO 1: Transcribiendo audio con Groq Whisper (Cloud)...
[2026-08-12 14:39:38] STT CLOUD OK → Transcripción: Yeah. Julio. Y es que... ¿Ya? Claro. Thank you.
[2026-08-12 14:39:38] FILTRO: Transcripción válida → 'Yeah. Julio. Y es que... ¿Ya? Claro. Thank you.'
[2026-08-12 14:39:38] PASO 1.5: Consultando Tálamo para clasificación semántica...
[Tálamo] Ollama OK → GENERAL_TALK
[2026-08-12 14:39:42] Tálamo → Tipo: GENERAL_TALK
[2026-08-12 14:39:42] PASO 2: Consultando al Agente Alberth...
[2026-08-12 14:39:43] Recuperando contexto de memoria persistente...
[2026-08-12 14:39:43] Memoria OK → Contexto recuperado (300 chars)
[2026-08-12 14:39:56] ERROR: Falló conexión con el agente. Usando fallback.
[2026-08-12 14:39:56] PASO 3: Generando audio de respuesta (TTS Premium edge-tts)...
[TTS-Premium] Sintetizando 94 caracteres con voz 'es-MX-JorgeNeural'...
[TTS-Premium] OK → Audio generado: alberth_voice_20260809_232459_response.mp3 (45 KB) | Voz: es-MX-JorgeNeural
[2026-08-12 14:40:00] TTS PREMIUM OK → Audio: /Users/digitalspace/.openclaw/workspace/voice_exchange/output/alberth_voice_20260809_232459_response.mp3 (edge-tts)
[2026-08-12 14:40:01] PASO 4: Reproduciendo respuesta...
[2026-08-12 14:40:10] --- PIPELINE COMPLETADO ---
[2026-08-12 14:40:11] --- PIPELINE INICIADO (AUDIO): alberth_voice_20260809_232507.wav ---
[2026-08-12 14:40:11] PASO 1: Transcribiendo audio con Groq Whisper (Cloud)...
[2026-08-12 14:40:21] STT CLOUD OK → Transcripción: Hello.
[2026-08-12 14:40:21] FILTRO: Transcripción válida → 'Hello.'
[2026-08-12 14:40:21] PASO 1.5: Consultando Tálamo para clasificación semántica...
[Tálamo] Ollama OK → GENERAL_TALK
[2026-08-12 14:40:25] Tálamo → Tipo: GENERAL_TALK
[2026-08-12 14:40:25] PASO 2: Consultando al Agente Alberth...
[2026-08-12 14:40:25] Recuperando contexto de memoria persistente...
[2026-08-12 14:40:26] Memoria OK → Contexto recuperado (300 chars)
[2026-08-12 14:40:38] ERROR: Falló conexión con el agente. Usando fallback.
[2026-08-12 14:40:38] PASO 3: Generando audio de respuesta (TTS Premium edge-tts)...
[TTS-Premium] Sintetizando 94 caracteres con voz 'es-MX-JorgeNeural'...
[TTS-Premium] OK → Audio generado: alberth_voice_20260809_232507_response.mp3 (45 KB) | Voz: es-MX-JorgeNeural
[2026-08-12 14:40:42] TTS PREMIUM OK → Audio: /Users/digitalspace/.openclaw/workspace/voice_exchange/output/alberth_voice_20260809_232507_response.mp3 (edge-tts)
[2026-08-12 14:40:42] PASO 4: Reproduciendo respuesta...
[2026-08-12 14:40:52] --- PIPELINE COMPLETADO ---
[2026-08-12 14:40:53] --- PIPELINE INICIADO (AUDIO): alberth_voice_20260809_232619.wav ---
[2026-08-12 14:40:53] PASO 1: Transcribiendo audio con Groq Whisper (Cloud)...
[2026-08-12 14:41:11] STT CLOUD OK → Transcripción: Transcribe the audio.
[2026-08-12 14:41:12] FILTRO: Transcripción válida → 'Transcribe the audio.'
[2026-08-12 14:41:12] PASO 1.5: Consultando Tálamo para clasificación semántica...
[Tálamo] Ollama OK → GENERAL_TALK
[2026-08-12 14:41:18] Tálamo → Tipo: GENERAL_TALK
[2026-08-12 14:41:18] PASO 2: Consultando al Agente Alberth...
[2026-08-12 14:41:18] Recuperando contexto de memoria persistente...
[2026-08-12 14:41:19] Memoria OK → Contexto recuperado (300 chars)
[2026-08-12 14:41:39] ERROR: Falló conexión con el agente. Usando fallback.
[2026-08-12 14:41:39] PASO 3: Generando audio de respuesta (TTS Premium edge-tts)...
[TTS-Premium] Sintetizando 94 caracteres con voz 'es-MX-JorgeNeural'...
[TTS-Premium] OK → Audio generado: alberth_voice_20260809_232619_response.mp3 (45 KB) | Voz: es-MX-JorgeNeural
[2026-08-12 14:41:44] TTS PREMIUM OK → Audio: /Users/digitalspace/.openclaw/workspace/voice_exchange/output/alberth_voice_20260809_232619_response.mp3 (edge-tts)
[2026-08-12 14:41:44] PASO 4: Reproduciendo respuesta...
[2026-08-12 14:41:54] --- PIPELINE COMPLETADO ---
[2026-08-12 14:41:55] --- PIPELINE INICIADO (AUDIO): alberth_voice_20260809_232651.wav ---
[2026-08-12 14:41:55] PASO 1: Transcribiendo audio con Groq Whisper (Cloud)...
[2026-08-12 14:42:18] STT CLOUD OK → Transcripción: Transcribe the audio.
[2026-08-12 14:42:18] FILTRO: Transcripción válida → 'Transcribe the audio.'
[2026-08-12 14:42:19] PASO 1.5: Consultando Tálamo para clasificación semántica...
[Tálamo] Ollama OK → GENERAL_TALK
[2026-08-12 14:42:23] Tálamo → Tipo: GENERAL_TALK
[2026-08-12 14:42:24] PASO 2: Consultando al Agente Alberth...
[2026-08-12 14:42:24] Recuperando contexto de memoria persistente...
[2026-08-12 14:42:24] Memoria OK → Contexto recuperado (300 chars)
[2026-08-12 14:42:48] ERROR: Falló conexión con el agente. Usando fallback.
[2026-08-12 14:42:48] PASO 3: Generando audio de respuesta (TTS Premium edge-tts)...
[TTS-Premium] Sintetizando 94 caracteres con voz 'es-MX-JorgeNeural'...
[TTS-Premium] OK → Audio generado: alberth_voice_20260809_232651_response.mp3 (45 KB) | Voz: es-MX-JorgeNeural
[2026-08-12 14:42:51] TTS PREMIUM OK → Audio: /Users/digitalspace/.openclaw/workspace/voice_exchange/output/alberth_voice_20260809_232651_response.mp3 (edge-tts)
[2026-08-12 14:42:51] PASO 4: Reproduciendo respuesta...
[2026-08-12 14:43:01] --- PIPELINE COMPLETADO ---
[2026-08-12 14:43:01] --- PIPELINE INICIADO (AUDIO): alberth_voice_20260809_232710.wav ---
[2026-08-12 14:43:01] PASO 1: Transcribiendo audio con Groq Whisper (Cloud)...
[2026-08-12 14:43:15] STT CLOUD OK → Transcripción: Transcribe the audio.
[2026-08-12 14:43:15] FILTRO: Transcripción válida → 'Transcribe the audio.'
[2026-08-12 14:43:16] PASO 1.5: Consultando Tálamo para clasificación semántica...
[Tálamo] Ollama OK → GENERAL_TALK
[2026-08-12 14:43:20] Tálamo → Tipo: GENERAL_TALK
[2026-08-12 14:43:20] PASO 2: Consultando al Agente Alberth...
[2026-08-12 14:43:20] Recuperando contexto de memoria persistente...
[2026-08-12 14:43:21] Memoria OK → Contexto recuperado (300 chars)
[2026-08-12 14:43:37] ERROR: Falló conexión con el agente. Usando fallback.
[2026-08-12 14:43:38] PASO 3: Generando audio de respuesta (TTS Premium edge-tts)...
[TTS-Premium] Sintetizando 94 caracteres con voz 'es-MX-JorgeNeural'...
[TTS-Premium] OK → Audio generado: alberth_voice_20260809_232710_response.mp3 (45 KB) | Voz: es-MX-JorgeNeural
[2026-08-12 14:43:40] TTS PREMIUM OK → Audio: /Users/digitalspace/.openclaw/workspace/voice_exchange/output/alberth_voice_20260809_232710_response.mp3 (edge-tts)
[2026-08-12 14:43:40] PASO 4: Reproduciendo respuesta...
[2026-08-12 14:43:50] --- PIPELINE COMPLETADO ---
[2026-08-12 14:43:51] --- PIPELINE INICIADO (AUDIO): alberth_voice_20260809_232738.wav ---
[2026-08-12 14:43:51] PASO 1: Transcribiendo audio con Groq Whisper (Cloud)...
[2026-08-12 14:44:02] STT CLOUD OK → Transcripción: 3 4 4 4 4 5 5 7 7 8 8 8 9 8 9 10 10 10 10 11
[2026-08-12 14:44:02] FILTRO: Transcripción válida → '3 4 4 4 4 5 5 7 7 8 8 8 9 8 9 10 10 10 10 11'
[2026-08-12 14:44:03] PASO 1.5: Consultando Tálamo para clasificación semántica...
[Tálamo] Ollama OK → FINANCE_TICKER
[2026-08-12 14:44:09] Tálamo → Tipo: FINANCE_TICKER
[2026-08-12 14:44:09] Tálamo → Enrutando a FINANCE HELPER...
[2026-08-12 14:44:11] FINANCE OK → 📉 **Bitcoin** (Crypto)
  Precio: $63,318.00
  Cambio 24h: -0.11%
  Market Cap: $1,270,628,112,026
[TTS-Premium] Sintetizando 97 caracteres con voz 'es-MX-JorgeNeural'...
[TTS-Premium] OK → Audio generado: alberth_voice_20260809_232738_response.mp3 (130 KB) | Voz: es-MX-JorgeNeural
[2026-08-12 14:44:14] --- PIPELINE COMPLETADO (FINANCE) ---
[2026-08-12 14:44:15] --- PIPELINE INICIADO (AUDIO): alberth_voice_20260809_232814.wav ---
[2026-08-12 14:44:15] PASO 1: Transcribiendo audio con Groq Whisper (Cloud)...
[2026-08-12 14:44:26] STT CLOUD OK → Transcripción: Y que envió ese estado. Y se lo pasó, no.
[2026-08-12 14:44:26] FILTRO: Transcripción válida → 'Y que envió ese estado. Y se lo pasó, no.'
[2026-08-12 14:44:27] PASO 1.5: Consultando Tálamo para clasificación semántica...
[Tálamo] Ollama OK → GENERAL_TALK
[2026-08-12 14:44:32] Tálamo → Tipo: GENERAL_TALK
[2026-08-12 14:44:32] PASO 2: Consultando al Agente Alberth...
[2026-08-12 14:44:32] Recuperando contexto de memoria persistente...
[2026-08-12 14:44:33] Memoria OK → Contexto recuperado (300 chars)
[2026-08-12 14:44:48] ERROR: Falló conexión con el agente. Usando fallback.
[2026-08-12 14:44:48] PASO 3: Generando audio de respuesta (TTS Premium edge-tts)...
[TTS-Premium] Sintetizando 94 caracteres con voz 'es-MX-JorgeNeural'...
[TTS-Premium] OK → Audio generado: alberth_voice_20260809_232814_response.mp3 (45 KB) | Voz: es-MX-JorgeNeural
[2026-08-12 14:44:50] TTS PREMIUM OK → Audio: /Users/digitalspace/.openclaw/workspace/voice_exchange/output/alberth_voice_20260809_232814_response.mp3 (edge-tts)
[2026-08-12 14:44:50] PASO 4: Reproduciendo respuesta...
[2026-08-12 14:45:00] --- PIPELINE COMPLETADO ---
[2026-08-12 14:45:01] --- PIPELINE INICIADO (AUDIO): alberth_voice_20260809_232821.wav ---
[2026-08-12 14:45:01] PASO 1: Transcribiendo audio con Groq Whisper (Cloud)...
[2026-08-12 14:45:15] STT CLOUD OK → Transcripción: Espero y te lo muestro.
[2026-08-12 14:45:15] FILTRO: Transcripción válida → 'Espero y te lo muestro.'
[2026-08-12 14:45:16] PASO 1.5: Consultando Tálamo para clasificación semántica...
[Tálamo] Ollama OK → GENERAL_TALK
[2026-08-12 14:45:21] Tálamo → Tipo: GENERAL_TALK
[2026-08-12 14:45:21] PASO 2: Consultando al Agente Alberth...
[2026-08-12 14:45:21] Recuperando contexto de memoria persistente...
[2026-08-12 14:45:21] Memoria OK → Contexto recuperado (300 chars)
[2026-08-12 14:45:36] ERROR: Falló conexión con el agente. Usando fallback.
[2026-08-12 14:45:36] PASO 3: Generando audio de respuesta (TTS Premium edge-tts)...
[TTS-Premium] Sintetizando 94 caracteres con voz 'es-MX-JorgeNeural'...
[TTS-Premium] OK → Audio generado: alberth_voice_20260809_232821_response.mp3 (45 KB) | Voz: es-MX-JorgeNeural
[2026-08-12 14:45:38] TTS PREMIUM OK → Audio: /Users/digitalspace/.openclaw/workspace/voice_exchange/output/alberth_voice_20260809_232821_response.mp3 (edge-tts)
[2026-08-12 14:45:38] PASO 4: Reproduciendo respuesta...
[2026-08-12 14:45:48] --- PIPELINE COMPLETADO ---
[2026-08-12 14:45:49] --- PIPELINE INICIADO (AUDIO): alberth_voice_20260809_232836.wav ---
[2026-08-12 14:45:49] PASO 1: Transcribiendo audio con Groq Whisper (Cloud)...
[2026-08-12 14:46:03] STT CLOUD OK → Transcripción: I will show you the audio.
[2026-08-12 14:46:03] FILTRO: Transcripción válida → 'I will show you the audio.'
[2026-08-12 14:46:03] PASO 1.5: Consultando Tálamo para clasificación semántica...
[Tálamo] Ollama OK → GENERAL_TALK
[2026-08-12 14:46:08] Tálamo → Tipo: GENERAL_TALK
[2026-08-12 14:46:08] PASO 2: Consultando al Agente Alberth...
[2026-08-12 14:46:08] Recuperando contexto de memoria persistente...
[2026-08-12 14:46:09] Memoria OK → Contexto recuperado (300 chars)
[2026-08-12 14:46:22] ERROR: Falló conexión con el agente. Usando fallback.
[2026-08-12 14:46:23] PASO 3: Generando audio de respuesta (TTS Premium edge-tts)...
[TTS-Premium] Sintetizando 94 caracteres con voz 'es-MX-JorgeNeural'...
[TTS-Premium] OK → Audio generado: alberth_voice_20260809_232836_response.mp3 (45 KB) | Voz: es-MX-JorgeNeural
[2026-08-12 14:46:26] TTS PREMIUM OK → Audio: /Users/digitalspace/.openclaw/workspace/voice_exchange/output/alberth_voice_20260809_232836_response.mp3 (edge-tts)
[2026-08-12 14:46:26] PASO 4: Reproduciendo respuesta...
[2026-08-12 14:46:36] --- PIPELINE COMPLETADO ---
[2026-08-12 14:46:37] --- PIPELINE INICIADO (AUDIO): alberth_voice_20260809_232916.wav ---
[2026-08-12 14:46:37] PASO 1: Transcribiendo audio con Groq Whisper (Cloud)...
[2026-08-12 14:46:50] STT CLOUD OK → Transcripción: Hasta el destino salido al espacio. Si vean los que creen en el mismo, sacamos el tiempo. En el que estamos en la plana. La plana está tan ahorita para dejarse. No tenemos la ley. Transcribe the audio.
[2026-08-12 14:46:50] FILTRO: Transcripción válida → 'Hasta el destino salido al espacio. Si vean los que creen en el mismo, sacamos el tiempo. En el que estamos en la plana. La plana está tan ahorita para dejarse. No tenemos la ley. Transcribe the audio.'
[2026-08-12 14:46:51] PASO 1.5: Consultando Tálamo para clasificación semántica...
[Tálamo] Ollama OK → GENERAL_TALK
[2026-08-12 14:46:59] Tálamo → Tipo: GENERAL_TALK
[2026-08-12 14:46:59] PASO 2: Consultando al Agente Alberth...
[2026-08-12 14:46:59] Recuperando contexto de memoria persistente...
[2026-08-12 14:47:00] Memoria OK → Contexto recuperado (300 chars)
[2026-08-12 14:47:45] ERROR: Falló conexión con el agente. Usando fallback.
[2026-08-12 14:47:45] PASO 3: Generando audio de respuesta (TTS Premium edge-tts)...
[TTS-Premium] Sintetizando 94 caracteres con voz 'es-MX-JorgeNeural'...
[TTS-Premium] OK → Audio generado: alberth_voice_20260809_232916_response.mp3 (45 KB) | Voz: es-MX-JorgeNeural
[2026-08-12 14:47:50] TTS PREMIUM OK → Audio: /Users/digitalspace/.openclaw/workspace/voice_exchange/output/alberth_voice_20260809_232916_response.mp3 (edge-tts)
[2026-08-12 14:47:50] PASO 4: Reproduciendo respuesta...
[2026-08-12 14:48:00] --- PIPELINE COMPLETADO ---
[2026-08-12 14:48:01] --- PIPELINE INICIADO (AUDIO): alberth_voice_20260809_232931.wav ---
[2026-08-12 14:48:01] PASO 1: Transcribiendo audio con Groq Whisper (Cloud)...
[2026-08-12 14:48:17] STT CLOUD OK → Transcripción: Transcribe the audio.
[2026-08-12 14:48:17] FILTRO: Transcripción válida → 'Transcribe the audio.'
[2026-08-12 14:48:18] PASO 1.5: Consultando Tálamo para clasificación semántica...
[Tálamo] Ollama OK → GENERAL_TALK
[2026-08-12 14:48:23] Tálamo → Tipo: GENERAL_TALK
[2026-08-12 14:48:23] PASO 2: Consultando al Agente Alberth...
[2026-08-12 14:48:23] Recuperando contexto de memoria persistente...
[2026-08-12 14:48:24] Memoria OK → Contexto recuperado (300 chars)
[2026-08-12 14:48:45] ERROR: Falló conexión con el agente. Usando fallback.
[2026-08-12 14:48:45] PASO 3: Generando audio de respuesta (TTS Premium edge-tts)...
[TTS-Premium] Sintetizando 94 caracteres con voz 'es-MX-JorgeNeural'...
[TTS-Premium] OK → Audio generado: alberth_voice_20260809_232931_response.mp3 (45 KB) | Voz: es-MX-JorgeNeural
[2026-08-12 14:48:50] TTS PREMIUM OK → Audio: /Users/digitalspace/.openclaw/workspace/voice_exchange/output/alberth_voice_20260809_232931_response.mp3 (edge-tts)
[2026-08-12 14:48:50] PASO 4: Reproduciendo respuesta...
[2026-08-12 14:49:00] --- PIPELINE COMPLETADO ---
[2026-08-12 14:49:00] --- PIPELINE INICIADO (AUDIO): alberth_voice_20260809_232937.wav ---
[2026-08-12 14:49:00] PASO 1: Transcribiendo audio con Groq Whisper (Cloud)...
[2026-08-12 14:49:15] STT CLOUD OK → Transcripción: Thank you.
[2026-08-12 14:49:15] FILTRO: Transcripción descartada por ser basura/silencio: 'Thank you.'
[2026-08-12 14:49:15] --- PIPELINE INICIADO (AUDIO): alberth_voice_20260809_232943.wav ---
[2026-08-12 14:49:15] PASO 1: Transcribiendo audio con Groq Whisper (Cloud)...
[2026-08-12 14:49:27] STT CLOUD OK → Transcripción: .
[2026-08-12 14:49:27] FILTRO: Transcripción descartada por ser basura/silencio: '.'
[2026-08-12 14:49:28] --- PIPELINE INICIADO (AUDIO): alberth_voice_20260809_233116.wav ---
[2026-08-12 14:49:28] PASO 1: Transcribiendo audio con Groq Whisper (Cloud)...
[2026-08-12 14:49:44] STT CLOUD OK → Transcripción: Transcribe the audio.
[2026-08-12 14:49:44] FILTRO: Transcripción válida → 'Transcribe the audio.'
[2026-08-12 14:49:44] PASO 1.5: Consultando Tálamo para clasificación semántica...
[Tálamo] Ollama OK → GENERAL_TALK
[2026-08-12 14:49:49] Tálamo → Tipo: GENERAL_TALK
[2026-08-12 14:49:49] PASO 2: Consultando al Agente Alberth...
[2026-08-12 14:49:49] Recuperando contexto de memoria persistente...
[2026-08-12 14:49:50] Memoria OK → Contexto recuperado (300 chars)
[2026-08-12 14:50:04] ERROR: Falló conexión con el agente. Usando fallback.
[2026-08-12 14:50:05] PASO 3: Generando audio de respuesta (TTS Premium edge-tts)...
[TTS-Premium] Sintetizando 94 caracteres con voz 'es-MX-JorgeNeural'...
[TTS-Premium] OK → Audio generado: alberth_voice_20260809_233116_response.mp3 (45 KB) | Voz: es-MX-JorgeNeural
[2026-08-12 14:50:09] TTS PREMIUM OK → Audio: /Users/digitalspace/.openclaw/workspace/voice_exchange/output/alberth_voice_20260809_233116_response.mp3 (edge-tts)
[2026-08-12 14:50:09] PASO 4: Reproduciendo respuesta...
[2026-08-12 14:50:19] --- PIPELINE COMPLETADO ---
[2026-08-12 14:50:19] --- PIPELINE INICIADO (AUDIO): alberth_voice_20260809_233135.wav ---
[2026-08-12 14:50:19] PASO 1: Transcribiendo audio con Groq Whisper (Cloud)...
[2026-08-12 14:50:31] STT CLOUD OK → Transcripción: Thank you.
[2026-08-12 14:50:31] FILTRO: Transcripción descartada por ser basura/silencio: 'Thank you.'
[2026-08-12 14:50:32] --- PIPELINE INICIADO (AUDIO): alberth_voice_20260809_233418.wav ---
[2026-08-12 14:50:32] PASO 1: Transcribiendo audio con Groq Whisper (Cloud)...
[2026-08-12 14:50:48] STT CLOUD OK → Transcripción: Chí, chí, chí. Chí, chí. ¡Pero mío! Mónica, eso es guapota, y yo te voy a decir una cosa. Eso no le importa, ni a Guacho, ni a Diego, a nadie. Es que ustedes les fuman ahí y si en algún momento están autóctonos, se lo dan, se lo dan. ¿Por qué crees que le van a decir no o no, no? No, yo sé. Yo te digo, todos, todos, o sea, no que vaya, no mora. Aliso, ella no puede mandar, ella no puede mandar. Thank you.
[2026-08-12 14:50:48] FILTRO: Transcripción válida → 'Chí, chí, chí. Chí, chí. ¡Pero mío! Mónica, eso es guapota, y yo te voy a decir una cosa. Eso no le importa, ni a Guacho, ni a Diego, a nadie. Es que ustedes les fuman ahí y si en algún momento están autóctonos, se lo dan, se lo dan. ¿Por qué crees que le van a decir no o no, no? No, yo sé. Yo te digo, todos, todos, o sea, no que vaya, no mora. Aliso, ella no puede mandar, ella no puede mandar. Thank you.'
[2026-08-12 14:50:48] PASO 1.5: Consultando Tálamo para clasificación semántica...
[Tálamo] Ollama OK → GENERAL_TALK
[2026-08-12 14:50:57] Tálamo → Tipo: GENERAL_TALK
[2026-08-12 14:50:57] PASO 2: Consultando al Agente Alberth...
[2026-08-12 14:50:57] Recuperando contexto de memoria persistente...
[2026-08-12 14:50:58] Memoria OK → Contexto recuperado (300 chars)
[2026-08-12 14:51:15] ERROR: Falló conexión con el agente. Usando fallback.
[2026-08-12 14:51:15] PASO 3: Generando audio de respuesta (TTS Premium edge-tts)...
[TTS-Premium] Sintetizando 94 caracteres con voz 'es-MX-JorgeNeural'...
[TTS-Premium] OK → Audio generado: alberth_voice_20260809_233418_response.mp3 (45 KB) | Voz: es-MX-JorgeNeural
[2026-08-12 14:51:18] TTS PREMIUM OK → Audio: /Users/digitalspace/.openclaw/workspace/voice_exchange/output/alberth_voice_20260809_233418_response.mp3 (edge-tts)
[2026-08-12 14:51:18] PASO 4: Reproduciendo respuesta...
[2026-08-12 14:51:28] --- PIPELINE COMPLETADO ---
[2026-08-12 14:51:29] --- PIPELINE INICIADO (AUDIO): alberth_voice_20260809_234927.wav ---
[2026-08-12 14:51:29] PASO 1: Transcribiendo audio con Groq Whisper (Cloud)...
[2026-08-12 14:51:41] STT CLOUD OK → Transcripción: Thank you.
[2026-08-12 14:51:41] FILTRO: Transcripción descartada por ser basura/silencio: 'Thank you.'
[2026-08-12 14:51:41] --- PIPELINE INICIADO (AUDIO): alberth_voice_20260811_090000.wav ---
[2026-08-12 14:51:41] PASO 1: Transcribiendo audio con Groq Whisper (Cloud)...
[2026-08-12 14:51:53] STT CLOUD OK → Transcripción: Thank you.
[2026-08-12 14:51:54] FILTRO: Transcripción descartada por ser basura/silencio: 'Thank you.'
[2026-08-12 14:51:54] --- PIPELINE INICIADO (AUDIO): alberth_voice_20260811_090015.wav ---
[2026-08-12 14:51:54] PASO 1: Transcribiendo audio con Groq Whisper (Cloud)...
[2026-08-12 14:52:07] STT CLOUD OK → Transcripción: Esta es una vez al día, ¿verdad? Y tú no has tomado. Ven. Tente comer con esto. Ay, mamá. Estas no. Estas son del cerebro. Estos no necesitas comer. No, yo no voy a tomar. No, yo no voy a tomar. No, yo no voy a tomar. No, yo no voy a tomar.
[2026-08-12 14:52:07] FILTRO: Transcripción válida → 'Esta es una vez al día, ¿verdad? Y tú no has tomado. Ven. Tente comer con esto. Ay, mamá. Estas no. Estas son del cerebro. Estos no necesitas comer. No, yo no voy a tomar. No, yo no voy a tomar. No, yo no voy a tomar. No, yo no voy a tomar.'
[2026-08-12 14:52:08] PASO 1.5: Consultando Tálamo para clasificación semántica...
[Tálamo] Ollama OK → GENERAL_TALK
[2026-08-12 14:52:15] Tálamo → Tipo: GENERAL_TALK
[2026-08-12 14:52:15] PASO 2: Consultando al Agente Alberth...
[2026-08-12 14:52:16] Recuperando contexto de memoria persistente...
[2026-08-12 14:52:16] Memoria OK → Contexto recuperado (300 chars)
[2026-08-12 14:52:31] ERROR: Falló conexión con el agente. Usando fallback.
[2026-08-12 14:52:31] PASO 3: Generando audio de respuesta (TTS Premium edge-tts)...
[TTS-Premium] Sintetizando 94 caracteres con voz 'es-MX-JorgeNeural'...
[TTS-Premium] OK → Audio generado: alberth_voice_20260811_090015_response.mp3 (45 KB) | Voz: es-MX-JorgeNeural
[2026-08-12 14:52:37] TTS PREMIUM OK → Audio: /Users/digitalspace/.openclaw/workspace/voice_exchange/output/alberth_voice_20260811_090015_response.mp3 (edge-tts)
[2026-08-12 14:52:37] PASO 4: Reproduciendo respuesta...
[2026-08-12 14:52:47] --- PIPELINE COMPLETADO ---
[2026-08-12 14:52:47] --- PIPELINE INICIADO (AUDIO): alberth_voice_20260811_090034.wav ---
[2026-08-12 14:52:47] PASO 1: Transcribiendo audio con Groq Whisper (Cloud)...
[2026-08-12 14:53:00] STT CLOUD OK → Transcripción: Thank you.
[2026-08-12 14:53:00] FILTRO: Transcripción descartada por ser basura/silencio: 'Thank you.'
[2026-08-12 14:53:01] --- PIPELINE INICIADO (AUDIO): alberth_voice_20260811_090042.wav ---
[2026-08-12 14:53:01] PASO 1: Transcribiendo audio con Groq Whisper (Cloud)...
[2026-08-12 14:53:15] STT CLOUD OK → Transcripción: Thank you.
[2026-08-12 14:53:15] FILTRO: Transcripción descartada por ser basura/silencio: 'Thank you.'
[2026-08-12 14:53:16] --- PIPELINE INICIADO (AUDIO): alberth_voice_20260811_090053.wav ---
[2026-08-12 14:53:16] PASO 1: Transcribiendo audio con Groq Whisper (Cloud)...
[2026-08-12 14:53:29] STT CLOUD OK → Transcripción: Thank you.
[2026-08-12 14:53:29] FILTRO: Transcripción descartada por ser basura/silencio: 'Thank you.'
[2026-08-12 14:53:29] --- PIPELINE INICIADO (AUDIO): alberth_voice_20260811_090127.wav ---
[2026-08-12 14:53:29] PASO 1: Transcribiendo audio con Groq Whisper (Cloud)...
[2026-08-12 14:53:41] STT CLOUD OK → Transcripción: Thank you.
[2026-08-12 14:53:41] FILTRO: Transcripción descartada por ser basura/silencio: 'Thank you.'
[2026-08-12 14:53:42] --- PIPELINE INICIADO (AUDIO): alberth_voice_20260811_090132.wav ---
[2026-08-12 14:53:42] PASO 1: Transcribiendo audio con Groq Whisper (Cloud)...
[2026-08-12 14:53:54] STT CLOUD OK → Transcripción: Thank you.
[2026-08-12 14:53:54] FILTRO: Transcripción descartada por ser basura/silencio: 'Thank you.'
[2026-08-12 14:53:55] --- PIPELINE INICIADO (AUDIO): alberth_voice_20260811_090254.wav ---
[2026-08-12 14:53:55] PASO 1: Transcribiendo audio con Groq Whisper (Cloud)...
[2026-08-12 14:54:06] STT CLOUD OK → Transcripción: Thank you.
[2026-08-12 14:54:06] FILTRO: Transcripción descartada por ser basura/silencio: 'Thank you.'
[2026-08-12 14:54:07] --- PIPELINE INICIADO (AUDIO): alberth_voice_20260811_090326.wav ---
[2026-08-12 14:54:07] PASO 1: Transcribiendo audio con Groq Whisper (Cloud)...
[2026-08-12 14:54:17] STT CLOUD OK → Transcripción: Thank you.
[2026-08-12 14:54:18] FILTRO: Transcripción descartada por ser basura/silencio: 'Thank you.'
[2026-08-12 14:54:18] --- PIPELINE INICIADO (AUDIO): alberth_voice_20260811_090457.wav ---
[2026-08-12 14:54:18] PASO 1: Transcribiendo audio con Groq Whisper (Cloud)...
[2026-08-12 14:54:30] STT CLOUD OK → Transcripción: No, no, no. I see.
[2026-08-12 14:54:31] FILTRO: Transcripción válida → 'No, no, no. I see.'
[2026-08-12 14:54:31] PASO 1.5: Consultando Tálamo para clasificación semántica...
[Tálamo] Ollama OK → GENERAL_TALK
[2026-08-12 14:54:36] Tálamo → Tipo: GENERAL_TALK
[2026-08-12 14:54:36] PASO 2: Consultando al Agente Alberth...
[2026-08-12 14:54:36] Recuperando contexto de memoria persistente...
[2026-08-12 14:54:36] Memoria OK → Contexto recuperado (300 chars)
[2026-08-12 14:54:54] ERROR: Falló conexión con el agente. Usando fallback.
[2026-08-12 14:54:54] PASO 3: Generando audio de respuesta (TTS Premium edge-tts)...
[TTS-Premium] Sintetizando 94 caracteres con voz 'es-MX-JorgeNeural'...
[TTS-Premium] OK → Audio generado: alberth_voice_20260811_090457_response.mp3 (45 KB) | Voz: es-MX-JorgeNeural
[2026-08-12 14:54:58] TTS PREMIUM OK → Audio: /Users/digitalspace/.openclaw/workspace/voice_exchange/output/alberth_voice_20260811_090457_response.mp3 (edge-tts)
[2026-08-12 14:54:58] PASO 4: Reproduciendo respuesta...
[2026-08-12 14:55:08] --- PIPELINE COMPLETADO ---
[2026-08-12 14:55:09] --- PIPELINE INICIADO (AUDIO): alberth_voice_20260811_090503.wav ---
[2026-08-12 14:55:09] PASO 1: Transcribiendo audio con Groq Whisper (Cloud)...
[2026-08-12 14:55:21] STT CLOUD OK → Transcripción: That's a great answer.
[2026-08-12 14:55:21] FILTRO: Transcripción válida → 'That's a great answer.'
[2026-08-12 14:55:22] PASO 1.5: Consultando Tálamo para clasificación semántica...
[Tálamo] Ollama OK → GENERAL_TALK
[2026-08-12 14:55:26] Tálamo → Tipo: GENERAL_TALK
[2026-08-12 14:55:26] PASO 2: Consultando al Agente Alberth...
[2026-08-12 14:55:26] Recuperando contexto de memoria persistente...
[2026-08-12 14:55:27] Memoria OK → Contexto recuperado (300 chars)
[2026-08-12 14:55:40] ERROR: Falló conexión con el agente. Usando fallback.
[2026-08-12 14:55:40] PASO 3: Generando audio de respuesta (TTS Premium edge-tts)...
[TTS-Premium] Sintetizando 94 caracteres con voz 'es-MX-JorgeNeural'...
[TTS-Premium] OK → Audio generado: alberth_voice_20260811_090503_response.mp3 (45 KB) | Voz: es-MX-JorgeNeural
[2026-08-12 14:55:44] TTS PREMIUM OK → Audio: /Users/digitalspace/.openclaw/workspace/voice_exchange/output/alberth_voice_20260811_090503_response.mp3 (edge-tts)
[2026-08-12 14:55:44] PASO 4: Reproduciendo respuesta...
[2026-08-12 14:55:54] --- PIPELINE COMPLETADO ---
[2026-08-12 14:55:55] --- PIPELINE INICIADO (AUDIO): alberth_voice_20260811_090658.wav ---
[2026-08-12 14:55:55] PASO 1: Transcribiendo audio con Groq Whisper (Cloud)...
[2026-08-12 14:56:10] STT CLOUD OK → Transcripción: Thank you. Transcribe the audio.
[2026-08-12 14:56:10] FILTRO: Transcripción válida → 'Thank you. Transcribe the audio.'
[2026-08-12 14:56:11] PASO 1.5: Consultando Tálamo para clasificación semántica...
[Tálamo] Ollama OK → GENERAL_TALK
[2026-08-12 14:56:15] Tálamo → Tipo: GENERAL_TALK
[2026-08-12 14:56:15] PASO 2: Consultando al Agente Alberth...
[2026-08-12 14:56:15] Recuperando contexto de memoria persistente...
[2026-08-12 14:56:16] Memoria OK → Contexto recuperado (300 chars)
[2026-08-12 14:56:32] ERROR: Falló conexión con el agente. Usando fallback.
[2026-08-12 14:56:32] PASO 3: Generando audio de respuesta (TTS Premium edge-tts)...
[TTS-Premium] Sintetizando 94 caracteres con voz 'es-MX-JorgeNeural'...
[TTS-Premium] OK → Audio generado: alberth_voice_20260811_090658_response.mp3 (45 KB) | Voz: es-MX-JorgeNeural
[2026-08-12 14:56:36] TTS PREMIUM OK → Audio: /Users/digitalspace/.openclaw/workspace/voice_exchange/output/alberth_voice_20260811_090658_response.mp3 (edge-tts)
[2026-08-12 14:56:36] PASO 4: Reproduciendo respuesta...
[2026-08-12 14:56:46] --- PIPELINE COMPLETADO ---
[2026-08-12 14:56:47] --- PIPELINE INICIADO (AUDIO): alberth_voice_20260811_091436.wav ---
[2026-08-12 14:56:47] PASO 1: Transcribiendo audio con Groq Whisper (Cloud)...
[2026-08-12 14:57:00] STT CLOUD OK → Transcripción: Thank you.
[2026-08-12 14:57:01] FILTRO: Transcripción descartada por ser basura/silencio: 'Thank you.'
[2026-08-12 14:57:01] --- PIPELINE INICIADO (AUDIO): alberth_voice_20260811_091451.wav ---
[2026-08-12 14:57:01] PASO 1: Transcribiendo audio con Groq Whisper (Cloud)...
[2026-08-12 14:57:15] STT CLOUD OK → Transcripción: It's a little bit more.
[2026-08-12 14:57:15] FILTRO: Transcripción válida → 'It's a little bit more.'
[2026-08-12 14:57:16] PASO 1.5: Consultando Tálamo para clasificación semántica...
[Tálamo] Ollama OK → GENERAL_TALK
[2026-08-12 14:57:22] Tálamo → Tipo: GENERAL_TALK
[2026-08-12 14:57:22] PASO 2: Consultando al Agente Alberth...
[2026-08-12 14:57:22] Recuperando contexto de memoria persistente...
[2026-08-12 14:57:23] Memoria OK → Contexto recuperado (300 chars)
[2026-08-12 14:57:40] ERROR: Falló conexión con el agente. Usando fallback.
[2026-08-12 14:57:41] PASO 3: Generando audio de respuesta (TTS Premium edge-tts)...
[TTS-Premium] Sintetizando 94 caracteres con voz 'es-MX-JorgeNeural'...
[TTS-Premium] OK → Audio generado: alberth_voice_20260811_091451_response.mp3 (45 KB) | Voz: es-MX-JorgeNeural
[2026-08-12 14:57:44] TTS PREMIUM OK → Audio: /Users/digitalspace/.openclaw/workspace/voice_exchange/output/alberth_voice_20260811_091451_response.mp3 (edge-tts)
[2026-08-12 14:57:44] PASO 4: Reproduciendo respuesta...
[2026-08-12 14:57:54] --- PIPELINE COMPLETADO ---
[2026-08-12 14:57:54] --- PIPELINE INICIADO (AUDIO): alberth_voice_20260811_091629.wav ---
[2026-08-12 14:57:54] PASO 1: Transcribiendo audio con Groq Whisper (Cloud)...
[2026-08-12 14:58:06] STT CLOUD OK → Transcripción: Thank you.
[2026-08-12 14:58:06] FILTRO: Transcripción descartada por ser basura/silencio: 'Thank you.'
[2026-08-12 14:58:07] --- PIPELINE INICIADO (AUDIO): alberth_voice_20260811_091633.wav ---
[2026-08-12 14:58:07] PASO 1: Transcribiendo audio con Groq Whisper (Cloud)...
[2026-08-12 14:58:18] STT CLOUD OK → Transcripción: Thank you.
[2026-08-12 14:58:19] FILTRO: Transcripción descartada por ser basura/silencio: 'Thank you.'
[2026-08-12 14:58:19] --- PIPELINE INICIADO (AUDIO): alberth_voice_20260811_091712.wav ---
[2026-08-12 14:58:19] PASO 1: Transcribiendo audio con Groq Whisper (Cloud)...
[2026-08-12 14:58:32] STT CLOUD OK → Transcripción: Transcribe the audio.
[2026-08-12 14:58:32] FILTRO: Transcripción válida → 'Transcribe the audio.'
[2026-08-12 14:58:33] PASO 1.5: Consultando Tálamo para clasificación semántica...
[Tálamo] Ollama OK → GENERAL_TALK
[2026-08-12 14:58:37] Tálamo → Tipo: GENERAL_TALK
[2026-08-12 14:58:37] PASO 2: Consultando al Agente Alberth...
[2026-08-12 14:58:37] Recuperando contexto de memoria persistente...
[2026-08-12 14:58:38] Memoria OK → Contexto recuperado (300 chars)
[2026-08-12 14:58:52] ERROR: Falló conexión con el agente. Usando fallback.
[2026-08-12 14:58:52] PASO 3: Generando audio de respuesta (TTS Premium edge-tts)...
[TTS-Premium] Sintetizando 94 caracteres con voz 'es-MX-JorgeNeural'...
[TTS-Premium] OK → Audio generado: alberth_voice_20260811_091712_response.mp3 (45 KB) | Voz: es-MX-JorgeNeural
[2026-08-12 14:58:56] TTS PREMIUM OK → Audio: /Users/digitalspace/.openclaw/workspace/voice_exchange/output/alberth_voice_20260811_091712_response.mp3 (edge-tts)
[2026-08-12 14:58:56] PASO 4: Reproduciendo respuesta...
[2026-08-12 14:59:06] --- PIPELINE COMPLETADO ---
[2026-08-12 14:59:07] --- PIPELINE INICIADO (AUDIO): alberth_voice_20260811_091722.wav ---
[2026-08-12 14:59:07] PASO 1: Transcribiendo audio con Groq Whisper (Cloud)...
[2026-08-12 14:59:17] STT CLOUD OK → Transcripción: Thank you.
[2026-08-12 14:59:17] FILTRO: Transcripción descartada por ser basura/silencio: 'Thank you.'
[2026-08-12 14:59:17] --- PIPELINE INICIADO (AUDIO): alberth_voice_20260811_091750.wav ---
[2026-08-12 14:59:18] PASO 1: Transcribiendo audio con Groq Whisper (Cloud)...
[2026-08-12 15:00:36] STT CLOUD OK → Transcripción: Thank you.
[2026-08-12 15:00:36] FILTRO: Transcripción descartada por ser basura/silencio: 'Thank you.'
[2026-08-12 15:00:37] --- PIPELINE INICIADO (AUDIO): alberth_voice_20260811_091913.wav ---
[2026-08-12 15:00:37] PASO 1: Transcribiendo audio con Groq Whisper (Cloud)...
[2026-08-12 15:00:48] STT CLOUD OK → Transcripción: Thank you.
[2026-08-12 15:00:48] FILTRO: Transcripción descartada por ser basura/silencio: 'Thank you.'
[2026-08-12 15:00:49] --- PIPELINE INICIADO (AUDIO): alberth_voice_20260811_092113.wav ---
[2026-08-12 15:00:49] PASO 1: Transcribiendo audio con Groq Whisper (Cloud)...
[2026-08-12 15:01:06] STT CLOUD OK → Transcripción: Transcribe the audio.
[2026-08-12 15:01:06] FILTRO: Transcripción válida → 'Transcribe the audio.'
[2026-08-12 15:01:07] PASO 1.5: Consultando Tálamo para clasificación semántica...
[Tálamo] Ollama OK → GENERAL_TALK
[2026-08-12 15:01:10] Tálamo → Tipo: GENERAL_TALK
[2026-08-12 15:01:10] PASO 2: Consultando al Agente Alberth...
[2026-08-12 15:01:10] Recuperando contexto de memoria persistente...
[2026-08-12 15:01:11] Memoria OK → Contexto recuperado (300 chars)
[2026-08-12 15:01:30] ERROR: Falló conexión con el agente. Usando fallback.
[2026-08-12 15:01:30] PASO 3: Generando audio de respuesta (TTS Premium edge-tts)...
[TTS-Premium] Sintetizando 94 caracteres con voz 'es-MX-JorgeNeural'...
[TTS-Premium] OK → Audio generado: alberth_voice_20260811_092113_response.mp3 (45 KB) | Voz: es-MX-JorgeNeural
[2026-08-12 15:01:36] TTS PREMIUM OK → Audio: /Users/digitalspace/.openclaw/workspace/voice_exchange/output/alberth_voice_20260811_092113_response.mp3 (edge-tts)
[2026-08-12 15:01:37] PASO 4: Reproduciendo respuesta...
[2026-08-12 15:01:46] --- PIPELINE COMPLETADO ---
[2026-08-12 15:01:47] --- PIPELINE INICIADO (AUDIO): alberth_voice_20260811_092130.wav ---
[2026-08-12 15:01:47] PASO 1: Transcribiendo audio con Groq Whisper (Cloud)...
[2026-08-12 15:01:57] STT CLOUD OK → Transcripción: Thank you.
[2026-08-12 15:01:57] FILTRO: Transcripción descartada por ser basura/silencio: 'Thank you.'
[2026-08-12 15:01:58] --- PIPELINE INICIADO (AUDIO): alberth_voice_20260811_092514.wav ---
[2026-08-12 15:01:58] PASO 1: Transcribiendo audio con Groq Whisper (Cloud)...
[2026-08-12 15:02:10] STT CLOUD OK → Transcripción: Thank you.
[2026-08-12 15:02:11] FILTRO: Transcripción descartada por ser basura/silencio: 'Thank you.'
[2026-08-12 15:02:11] --- PIPELINE INICIADO (AUDIO): alberth_voice_20260811_092532.wav ---
[2026-08-12 15:02:11] PASO 1: Transcribiendo audio con Groq Whisper (Cloud)...
[2026-08-12 15:02:24] STT CLOUD OK → Transcripción: Thank you.
[2026-08-12 15:02:24] FILTRO: Transcripción descartada por ser basura/silencio: 'Thank you.'
[2026-08-12 15:02:25] --- PIPELINE INICIADO (AUDIO): alberth_voice_20260811_092542.wav ---
[2026-08-12 15:02:25] PASO 1: Transcribiendo audio con Groq Whisper (Cloud)...
[2026-08-12 15:02:36] STT CLOUD OK → Transcripción: Thank you.
[2026-08-12 15:02:36] FILTRO: Transcripción descartada por ser basura/silencio: 'Thank you.'
[2026-08-12 15:02:37] --- PIPELINE INICIADO (AUDIO): alberth_voice_20260811_092550.wav ---
[2026-08-12 15:02:37] PASO 1: Transcribiendo audio con Groq Whisper (Cloud)...
[2026-08-12 15:02:51] STT CLOUD OK → Transcripción: Transcribe the audio.
[2026-08-12 15:02:51] FILTRO: Transcripción válida → 'Transcribe the audio.'
[2026-08-12 15:02:52] PASO 1.5: Consultando Tálamo para clasificación semántica...
[Tálamo] Ollama OK → GENERAL_TALK
[2026-08-12 15:02:55] Tálamo → Tipo: GENERAL_TALK
[2026-08-12 15:02:55] PASO 2: Consultando al Agente Alberth...
[2026-08-12 15:02:56] Recuperando contexto de memoria persistente...
[2026-08-12 15:02:56] Memoria OK → Contexto recuperado (300 chars)
[2026-08-12 15:03:15] ERROR: Falló conexión con el agente. Usando fallback.
[2026-08-12 15:03:15] PASO 3: Generando audio de respuesta (TTS Premium edge-tts)...
[TTS-Premium] Sintetizando 94 caracteres con voz 'es-MX-JorgeNeural'...
[TTS-Premium] OK → Audio generado: alberth_voice_20260811_092550_response.mp3 (45 KB) | Voz: es-MX-JorgeNeural
[2026-08-12 15:03:18] TTS PREMIUM OK → Audio: /Users/digitalspace/.openclaw/workspace/voice_exchange/output/alberth_voice_20260811_092550_response.mp3 (edge-tts)
[2026-08-12 15:03:18] PASO 4: Reproduciendo respuesta...
[2026-08-12 15:03:29] --- PIPELINE COMPLETADO ---
[2026-08-12 15:03:29] --- PIPELINE INICIADO (AUDIO): alberth_voice_20260811_092553.wav ---
[2026-08-12 15:03:29] PASO 1: Transcribiendo audio con Groq Whisper (Cloud)...
[2026-08-12 15:03:41] STT CLOUD OK → Transcripción: Thank you.
[2026-08-12 15:03:41] FILTRO: Transcripción descartada por ser basura/silencio: 'Thank you.'
[2026-08-12 15:03:41] --- PIPELINE INICIADO (AUDIO): alberth_voice_20260811_093117.wav ---
[2026-08-12 15:03:41] PASO 1: Transcribiendo audio con Groq Whisper (Cloud)...
[2026-08-12 15:03:53] STT CLOUD OK → Transcripción: Hola.
[2026-08-12 15:03:53] FILTRO: Transcripción válida → 'Hola.'
[2026-08-12 15:03:53] PASO 1.5: Consultando Tálamo para clasificación semántica...
[Tálamo] Ollama OK → GENERAL_TALK
[2026-08-12 15:03:57] Tálamo → Tipo: GENERAL_TALK
[2026-08-12 15:03:57] PASO 2: Consultando al Agente Alberth...
[2026-08-12 15:03:57] Recuperando contexto de memoria persistente...
[2026-08-12 15:03:58] Memoria OK → Contexto recuperado (300 chars)
[2026-08-12 15:04:12] ERROR: Falló conexión con el agente. Usando fallback.
[2026-08-12 15:04:13] PASO 3: Generando audio de respuesta (TTS Premium edge-tts)...
[TTS-Premium] Sintetizando 94 caracteres con voz 'es-MX-JorgeNeural'...
[TTS-Premium] OK → Audio generado: alberth_voice_20260811_093117_response.mp3 (45 KB) | Voz: es-MX-JorgeNeural
[2026-08-12 15:04:18] TTS PREMIUM OK → Audio: /Users/digitalspace/.openclaw/workspace/voice_exchange/output/alberth_voice_20260811_093117_response.mp3 (edge-tts)
[2026-08-12 15:04:18] PASO 4: Reproduciendo respuesta...
[2026-08-12 15:04:28] --- PIPELINE COMPLETADO ---
[2026-08-12 15:04:29] --- PIPELINE INICIADO (AUDIO): alberth_voice_20260811_093126.wav ---
[2026-08-12 15:04:29] PASO 1: Transcribiendo audio con Groq Whisper (Cloud)...
[2026-08-12 15:04:43] STT CLOUD OK → Transcripción: But it's not as good as it is.
[2026-08-12 15:04:43] FILTRO: Transcripción válida → 'But it's not as good as it is.'
[2026-08-12 15:04:44] PASO 1.5: Consultando Tálamo para clasificación semántica...
[Tálamo] Ollama OK → GENERAL_TALK
[2026-08-12 15:04:49] Tálamo → Tipo: GENERAL_TALK
[2026-08-12 15:04:49] PASO 2: Consultando al Agente Alberth...
[2026-08-12 15:04:49] Recuperando contexto de memoria persistente...
[2026-08-12 15:04:50] Memoria OK → Contexto recuperado (300 chars)
[2026-08-12 15:05:09] ERROR: Falló conexión con el agente. Usando fallback.
[2026-08-12 15:05:10] PASO 3: Generando audio de respuesta (TTS Premium edge-tts)...
[TTS-Premium] Sintetizando 94 caracteres con voz 'es-MX-JorgeNeural'...
[TTS-Premium] OK → Audio generado: alberth_voice_20260811_093126_response.mp3 (45 KB) | Voz: es-MX-JorgeNeural
[2026-08-12 15:05:12] TTS PREMIUM OK → Audio: /Users/digitalspace/.openclaw/workspace/voice_exchange/output/alberth_voice_20260811_093126_response.mp3 (edge-tts)
[2026-08-12 15:05:12] PASO 4: Reproduciendo respuesta...
[2026-08-12 15:05:22] --- PIPELINE COMPLETADO ---
[2026-08-12 15:05:23] --- PIPELINE INICIADO (AUDIO): alberth_voice_20260811_093153.wav ---
[2026-08-12 15:05:23] PASO 1: Transcribiendo audio con Groq Whisper (Cloud)...
[2026-08-12 15:05:34] STT CLOUD OK → Transcripción: A bit.
[2026-08-12 15:05:35] FILTRO: Transcripción válida → 'A bit.'
[2026-08-12 15:05:35] PASO 1.5: Consultando Tálamo para clasificación semántica...
[Tálamo] Ollama OK → FINANCE_TICKER
[2026-08-12 15:05:40] Tálamo → Tipo: FINANCE_TICKER
[2026-08-12 15:05:40] Tálamo → Enrutando a FINANCE HELPER...
[2026-08-12 15:05:41] FINANCE OK → 📉 **Bitcoin** (Crypto)
  Precio: $63,429.00
  Cambio 24h: -0.25%
  Market Cap: $1,272,795,373,151
[TTS-Premium] Sintetizando 97 caracteres con voz 'es-MX-JorgeNeural'...
[TTS-Premium] OK → Audio generado: alberth_voice_20260811_093153_response.mp3 (144 KB) | Voz: es-MX-JorgeNeural
[2026-08-12 15:05:46] --- PIPELINE COMPLETADO (FINANCE) ---
[2026-08-12 15:05:46] --- PIPELINE INICIADO (AUDIO): alberth_voice_20260811_093206.wav ---
[2026-08-12 15:05:46] PASO 1: Transcribiendo audio con Groq Whisper (Cloud)...
[2026-08-12 15:05:58] STT CLOUD OK → Transcripción: And now it's a little.
[2026-08-12 15:05:58] FILTRO: Transcripción válida → 'And now it's a little.'
[2026-08-12 15:05:59] PASO 1.5: Consultando Tálamo para clasificación semántica...
[Tálamo] Ollama OK → GENERAL_TALK
[2026-08-12 15:06:03] Tálamo → Tipo: GENERAL_TALK
[2026-08-12 15:06:03] PASO 2: Consultando al Agente Alberth...
[2026-08-12 15:06:04] Recuperando contexto de memoria persistente...
[2026-08-12 15:06:04] Memoria OK → Contexto recuperado (300 chars)
[2026-08-12 15:06:20] ERROR: Falló conexión con el agente. Usando fallback.
[2026-08-12 15:06:20] PASO 3: Generando audio de respuesta (TTS Premium edge-tts)...
[TTS-Premium] Sintetizando 94 caracteres con voz 'es-MX-JorgeNeural'...
[TTS-Premium] OK → Audio generado: alberth_voice_20260811_093206_response.mp3 (45 KB) | Voz: es-MX-JorgeNeural
[2026-08-12 15:06:24] TTS PREMIUM OK → Audio: /Users/digitalspace/.openclaw/workspace/voice_exchange/output/alberth_voice_20260811_093206_response.mp3 (edge-tts)
[2026-08-12 15:06:24] PASO 4: Reproduciendo respuesta...
[2026-08-12 15:06:34] --- PIPELINE COMPLETADO ---
[2026-08-12 15:06:35] --- PIPELINE INICIADO (AUDIO): alberth_voice_20260811_093213.wav ---
[2026-08-12 15:06:35] PASO 1: Transcribiendo audio con Groq Whisper (Cloud)...
[2026-08-12 15:06:49] STT CLOUD OK → Transcripción: Yeah.
[2026-08-12 15:06:49] FILTRO: Transcripción descartada por ser basura/silencio: 'Yeah.'
[2026-08-12 15:06:49] --- PIPELINE INICIADO (AUDIO): alberth_voice_20260811_104613.wav ---
[2026-08-12 15:06:49] PASO 1: Transcribiendo audio con Groq Whisper (Cloud)...
[2026-08-12 15:07:02] STT CLOUD OK → Transcripción: What?
[2026-08-12 15:07:02] FILTRO: Transcripción válida → 'What?'
[2026-08-12 15:07:03] PASO 1.5: Consultando Tálamo para clasificación semántica...
[Tálamo] Ollama OK → GENERAL_TALK
[2026-08-12 15:07:07] Tálamo → Tipo: GENERAL_TALK
[2026-08-12 15:07:07] PASO 2: Consultando al Agente Alberth...
[2026-08-12 15:07:07] Recuperando contexto de memoria persistente...
[2026-08-12 15:07:08] Memoria OK → Contexto recuperado (300 chars)
[2026-08-12 15:07:23] ERROR: Falló conexión con el agente. Usando fallback.
[2026-08-12 15:07:23] PASO 3: Generando audio de respuesta (TTS Premium edge-tts)...
[TTS-Premium] Sintetizando 94 caracteres con voz 'es-MX-JorgeNeural'...
[TTS-Premium] OK → Audio generado: alberth_voice_20260811_104613_response.mp3 (45 KB) | Voz: es-MX-JorgeNeural
[2026-08-12 15:07:26] TTS PREMIUM OK → Audio: /Users/digitalspace/.openclaw/workspace/voice_exchange/output/alberth_voice_20260811_104613_response.mp3 (edge-tts)
[2026-08-12 15:07:26] PASO 4: Reproduciendo respuesta...
[2026-08-12 15:07:36] --- PIPELINE COMPLETADO ---
[2026-08-12 15:07:37] --- PIPELINE INICIADO (AUDIO): alberth_voice_20260811_104709.wav ---
[2026-08-12 15:07:37] PASO 1: Transcribiendo audio con Groq Whisper (Cloud)...
[2026-08-12 15:07:48] STT CLOUD OK → Transcripción: Bye.
[2026-08-12 15:07:48] FILTRO: Transcripción descartada por ser basura/silencio: 'Bye.'
[2026-08-12 15:07:49] --- PIPELINE INICIADO (AUDIO): alberth_voice_20260811_104715.wav ---
[2026-08-12 15:07:49] PASO 1: Transcribiendo audio con Groq Whisper (Cloud)...
[2026-08-12 15:07:59] STT CLOUD OK → Transcripción: Go son.
[2026-08-12 15:07:59] FILTRO: Transcripción válida → 'Go son.'
[2026-08-12 15:08:00] PASO 1.5: Consultando Tálamo para clasificación semántica...
[Tálamo] Ollama OK → GENERAL_TALK
[2026-08-12 15:08:04] Tálamo → Tipo: GENERAL_TALK
[2026-08-12 15:08:04] PASO 2: Consultando al Agente Alberth...
[2026-08-12 15:08:04] Recuperando contexto de memoria persistente...
[2026-08-12 15:08:05] Memoria OK → Contexto recuperado (300 chars)
[2026-08-12 15:08:18] ERROR: Falló conexión con el agente. Usando fallback.
[2026-08-12 15:08:18] PASO 3: Generando audio de respuesta (TTS Premium edge-tts)...
[TTS-Premium] Sintetizando 94 caracteres con voz 'es-MX-JorgeNeural'...
[TTS-Premium] OK → Audio generado: alberth_voice_20260811_104715_response.mp3 (45 KB) | Voz: es-MX-JorgeNeural
[2026-08-12 15:08:20] TTS PREMIUM OK → Audio: /Users/digitalspace/.openclaw/workspace/voice_exchange/output/alberth_voice_20260811_104715_response.mp3 (edge-tts)
[2026-08-12 15:08:20] PASO 4: Reproduciendo respuesta...
[2026-08-12 15:08:31] --- PIPELINE COMPLETADO ---
[2026-08-12 15:08:31] --- PIPELINE INICIADO (AUDIO): alberth_voice_20260811_104720.wav ---
[2026-08-12 15:08:31] PASO 1: Transcribiendo audio con Groq Whisper (Cloud)...
[2026-08-12 15:08:43] STT CLOUD OK → Transcripción: Nada.
[2026-08-12 15:08:44] FILTRO: Transcripción válida → 'Nada.'
[2026-08-12 15:08:44] PASO 1.5: Consultando Tálamo para clasificación semántica...
[Tálamo] Ollama OK → GENERAL_TALK
[2026-08-12 15:08:48] Tálamo → Tipo: GENERAL_TALK
[2026-08-12 15:08:48] PASO 2: Consultando al Agente Alberth...
[2026-08-12 15:08:49] Recuperando contexto de memoria persistente...
[2026-08-12 15:08:49] Memoria OK → Contexto recuperado (300 chars)
[2026-08-12 15:09:03] ERROR: Falló conexión con el agente. Usando fallback.
[2026-08-12 15:09:04] PASO 3: Generando audio de respuesta (TTS Premium edge-tts)...
[TTS-Premium] Sintetizando 94 caracteres con voz 'es-MX-JorgeNeural'...
[TTS-Premium] OK → Audio generado: alberth_voice_20260811_104720_response.mp3 (45 KB) | Voz: es-MX-JorgeNeural
[2026-08-12 15:09:07] TTS PREMIUM OK → Audio: /Users/digitalspace/.openclaw/workspace/voice_exchange/output/alberth_voice_20260811_104720_response.mp3 (edge-tts)
[2026-08-12 15:09:07] PASO 4: Reproduciendo respuesta...
[2026-08-12 15:09:17] --- PIPELINE COMPLETADO ---
[2026-08-12 15:09:17] --- PIPELINE INICIADO (AUDIO): alberth_voice_20260811_104730.wav ---
[2026-08-12 15:09:18] PASO 1: Transcribiendo audio con Groq Whisper (Cloud)...
[2026-08-12 15:09:29] STT CLOUD OK → Transcripción: Pero mi amor, si no hay nada en el teclado, ¿qué voy a dejar en el teclado?
[2026-08-12 15:09:30] FILTRO: Transcripción válida → 'Pero mi amor, si no hay nada en el teclado, ¿qué voy a dejar en el teclado?'
[2026-08-12 15:09:30] PASO 1.5: Consultando Tálamo para clasificación semántica...
[Tálamo] Ollama OK → GENERAL_TALK
[2026-08-12 15:09:34] Tálamo → Tipo: GENERAL_TALK
[2026-08-12 15:09:34] PASO 2: Consultando al Agente Alberth...
[2026-08-12 15:09:35] Recuperando contexto de memoria persistente...
[2026-08-12 15:09:35] Memoria OK → Contexto recuperado (300 chars)
[2026-08-12 15:09:49] ERROR: Falló conexión con el agente. Usando fallback.
[2026-08-12 15:09:49] PASO 3: Generando audio de respuesta (TTS Premium edge-tts)...
[TTS-Premium] Sintetizando 94 caracteres con voz 'es-MX-JorgeNeural'...
[TTS-Premium] OK → Audio generado: alberth_voice_20260811_104730_response.mp3 (45 KB) | Voz: es-MX-JorgeNeural
[2026-08-12 15:09:52] TTS PREMIUM OK → Audio: /Users/digitalspace/.openclaw/workspace/voice_exchange/output/alberth_voice_20260811_104730_response.mp3 (edge-tts)
[2026-08-12 15:09:52] PASO 4: Reproduciendo respuesta...
[2026-08-12 15:10:02] --- PIPELINE COMPLETADO ---
[2026-08-12 15:10:02] --- PIPELINE INICIADO (AUDIO): alberth_voice_20260811_104850.wav ---
[2026-08-12 15:10:02] PASO 1: Transcribiendo audio con Groq Whisper (Cloud)...
[2026-08-12 15:10:16] STT CLOUD OK → Transcripción: Thank you.
[2026-08-12 15:10:16] FILTRO: Transcripción descartada por ser basura/silencio: 'Thank you.'
[2026-08-12 15:10:17] --- PIPELINE INICIADO (AUDIO): alberth_voice_20260811_105002.wav ---
[2026-08-12 15:10:17] PASO 1: Transcribiendo audio con Groq Whisper (Cloud)...
[2026-08-12 15:10:28] STT CLOUD OK → Transcripción: Thank you.
[2026-08-12 15:10:28] FILTRO: Transcripción descartada por ser basura/silencio: 'Thank you.'
[2026-08-12 15:10:29] --- PIPELINE INICIADO (AUDIO): alberth_voice_20260811_105111.wav ---
[2026-08-12 15:10:29] PASO 1: Transcribiendo audio con Groq Whisper (Cloud)...
[2026-08-12 15:10:39] STT CLOUD OK → Transcripción: Thank you.
[2026-08-12 15:10:39] FILTRO: Transcripción descartada por ser basura/silencio: 'Thank you.'
[2026-08-12 15:10:39] --- PIPELINE INICIADO (AUDIO): alberth_voice_20260811_105149.wav ---
[2026-08-12 15:10:39] PASO 1: Transcribiendo audio con Groq Whisper (Cloud)...
[2026-08-12 15:10:51] STT CLOUD OK → Transcripción: Thank you.
[2026-08-12 15:10:51] FILTRO: Transcripción descartada por ser basura/silencio: 'Thank you.'
[2026-08-12 15:10:51] --- PIPELINE INICIADO (AUDIO): alberth_voice_20260811_105208.wav ---
[2026-08-12 15:10:51] PASO 1: Transcribiendo audio con Groq Whisper (Cloud)...
[2026-08-12 15:11:02] STT CLOUD OK → Transcripción: Thank you.
[2026-08-12 15:11:02] FILTRO: Transcripción descartada por ser basura/silencio: 'Thank you.'
[2026-08-12 15:11:03] --- PIPELINE INICIADO (AUDIO): alberth_voice_20260811_105502.wav ---
[2026-08-12 15:11:03] PASO 1: Transcribiendo audio con Groq Whisper (Cloud)...
[2026-08-12 15:11:14] STT CLOUD OK → Transcripción: Thank you.
[2026-08-12 15:11:14] FILTRO: Transcripción descartada por ser basura/silencio: 'Thank you.'
[2026-08-12 15:11:15] --- PIPELINE INICIADO (AUDIO): alberth_voice_20260811_105511.wav ---
[2026-08-12 15:11:15] PASO 1: Transcribiendo audio con Groq Whisper (Cloud)...
[2026-08-12 15:11:26] STT CLOUD OK → Transcripción: Thank you.
[2026-08-12 15:11:26] FILTRO: Transcripción descartada por ser basura/silencio: 'Thank you.'
[2026-08-12 15:11:26] --- PIPELINE INICIADO (AUDIO): alberth_voice_20260811_105534.wav ---
[2026-08-12 15:11:26] PASO 1: Transcribiendo audio con Groq Whisper (Cloud)...
[2026-08-12 15:11:37] STT CLOUD OK → Transcripción: Thank you.
[2026-08-12 15:11:37] FILTRO: Transcripción descartada por ser basura/silencio: 'Thank you.'
[2026-08-12 15:11:37] --- PIPELINE INICIADO (AUDIO): alberth_voice_20260811_105600.wav ---
[2026-08-12 15:11:37] PASO 1: Transcribiendo audio con Groq Whisper (Cloud)...
[2026-08-12 15:11:49] STT CLOUD OK → Transcripción: Tres, dos, dos.
[2026-08-12 15:11:49] FILTRO: Transcripción válida → 'Tres, dos, dos.'
[2026-08-12 15:11:50] PASO 1.5: Consultando Tálamo para clasificación semántica...
[Tálamo] Ollama OK → FINANCE_TICKER
[2026-08-12 15:11:54] Tálamo → Tipo: FINANCE_TICKER
[2026-08-12 15:11:54] Tálamo → Enrutando a FINANCE HELPER...
[2026-08-12 15:11:56] FINANCE OK → 📉 **Bitcoin** (Crypto)
  Precio: $63,388.00
  Cambio 24h: -0.38%
  Market Cap: $1,272,187,551,439
[TTS-Premium] Sintetizando 97 caracteres con voz 'es-MX-JorgeNeural'...
[TTS-Premium] OK → Audio generado: alberth_voice_20260811_105600_response.mp3 (143 KB) | Voz: es-MX-JorgeNeural
[2026-08-12 15:12:01] --- PIPELINE COMPLETADO (FINANCE) ---
[2026-08-12 15:12:02] --- PIPELINE INICIADO (AUDIO): alberth_voice_20260811_105837.wav ---
[2026-08-12 15:12:02] PASO 1: Transcribiendo audio con Groq Whisper (Cloud)...
[2026-08-12 15:12:20] STT CLOUD OK → Transcripción: Si algún día me corte mal, si algún día me creí superior, si algún día hable mal de alguien. Yo siempre he sido una persona muy educada, muy tranquila y no me gustan problemas con nadie. Yo soy extremadamente respetuosa y me gusta que cada quien tenga su vida, no me meto en la vida de los demás. Y la verdad que yo ya venía aguardando, aguardando. Y es verdad, tuve algunas entrevistas donde dije, yo siempre buscaba minimizar ese asunto. Decir en mi cabeza, ok, no es para mí, estas palabras, o con ojos gigantes, entre otras cosas. TRIST I have a question What is it that way The question is what they say I don think they say anything I always was a great friend, respectful, I always wanted to do their activities. I was the collaborator who came to the program, I would do my work and I would. Entonces no entiendo por qué tanto odio hacia mí. Esto no es de ahora, desde que estoy en hackers. Esto es desde boca en boca. Entonces hace mucho tiempo que yo mantenía las cosas. Siempre la presa me provocaba. ¿Qué tal se lleva? ¿Se llevan bien? Y yo, hostia, nos llevamos bien. Pero sí sentía algo con la señora en cuestión. Siempre mantuve mi distancia. Conversábamos de vez en cuando. Pero no lo había comentado. Ya venimos con que realmente me molestaba. Se comprar la duda, nombre, muy buen nombre, eso no lo voy a permitir. Aparte, nuestro nombre es Juan, que debemos cuidar como talento, porque si nos ensucian el nombre no nos contratan, no generamos ingresos. La verdad me duele, porque pregunten a alguien. Yo alguna vez he hecho a los nunca, el Hackers, y la he nombrado.
[2026-08-12 15:12:20] FILTRO: Transcripción válida → 'Si algún día me corte mal, si algún día me creí superior, si algún día hable mal de alguien. Yo siempre he sido una persona muy educada, muy tranquila y no me gustan problemas con nadie. Yo soy extremadamente respetuosa y me gusta que cada quien tenga su vida, no me meto en la vida de los demás. Y la verdad que yo ya venía aguardando, aguardando. Y es verdad, tuve algunas entrevistas donde dije, yo siempre buscaba minimizar ese asunto. Decir en mi cabeza, ok, no es para mí, estas palabras, o con ojos gigantes, entre otras cosas. TRIST I have a question What is it that way The question is what they say I don think they say anything I always was a great friend, respectful, I always wanted to do their activities. I was the collaborator who came to the program, I would do my work and I would. Entonces no entiendo por qué tanto odio hacia mí. Esto no es de ahora, desde que estoy en hackers. Esto es desde boca en boca. Entonces hace mucho tiempo que yo mantenía las cosas. Siempre la presa me provocaba. ¿Qué tal se lleva? ¿Se llevan bien? Y yo, hostia, nos llevamos bien. Pero sí sentía algo con la señora en cuestión. Siempre mantuve mi distancia. Conversábamos de vez en cuando. Pero no lo había comentado. Ya venimos con que realmente me molestaba. Se comprar la duda, nombre, muy buen nombre, eso no lo voy a permitir. Aparte, nuestro nombre es Juan, que debemos cuidar como talento, porque si nos ensucian el nombre no nos contratan, no generamos ingresos. La verdad me duele, porque pregunten a alguien. Yo alguna vez he hecho a los nunca, el Hackers, y la he nombrado.'
[2026-08-12 15:12:20] PASO 1.5: Consultando Tálamo para clasificación semántica...
[Tálamo] Ollama OK → GENERAL_TALK
[2026-08-12 15:12:32] Tálamo → Tipo: GENERAL_TALK
[2026-08-12 15:12:32] PASO 2: Consultando al Agente Alberth...
[2026-08-12 15:12:32] Recuperando contexto de memoria persistente...
[2026-08-12 15:12:33] Memoria OK → Contexto recuperado (300 chars)
[2026-08-12 15:12:48] ERROR: Falló conexión con el agente. Usando fallback.
[2026-08-12 15:12:49] PASO 3: Generando audio de respuesta (TTS Premium edge-tts)...
[TTS-Premium] Sintetizando 94 caracteres con voz 'es-MX-JorgeNeural'...
[TTS-Premium] OK → Audio generado: alberth_voice_20260811_105837_response.mp3 (45 KB) | Voz: es-MX-JorgeNeural
[2026-08-12 15:12:52] TTS PREMIUM OK → Audio: /Users/digitalspace/.openclaw/workspace/voice_exchange/output/alberth_voice_20260811_105837_response.mp3 (edge-tts)
[2026-08-12 15:12:52] PASO 4: Reproduciendo respuesta...
[2026-08-12 15:13:02] --- PIPELINE COMPLETADO ---
[2026-08-12 15:13:03] --- PIPELINE INICIADO (AUDIO): alberth_voice_20260811_110923.wav ---
[2026-08-12 15:13:03] PASO 1: Transcribiendo audio con Groq Whisper (Cloud)...
[2026-08-12 15:15:01] STT CLOUD OK → Transcripción: No he dado su nombre, nunca, nunca. No se me permite de ella. No se me permite de ella. Mi querida Liz, definitivamente, más allá del personaje mediático, más allá de la figura y de la presentadora, que a pesar de que ha vivido por momentos complicados, porque sabemos y vivimos contigo el proceso, y obviamente pasaste junto a tu abuelita, la perdiste, sin embargo venías al estudio, Te maquillabas y ponías, obviamente, lo mejor de ti para darle al público. Pero en este momento no quiero hablar con la periodista ni con la profesional. En este momento quiero hablar con la mujer. Con esa mujer que cayó durante tantos años en tu pegamento. Con esa mujer que tiene que llegar a su casa y de alguna u otra manera explicarle a su familia TRISTANI I'm a professional, I'm a worker, I'm a great person. It bothers me that I want to minimize my negative messages and adjectives, and I want to deny my good name. It bothers me that I minimize my efforts. I like to grow, I like to consider objectives. I consider a competitive person, I consider a great person, and it bothers me that I always want to say my name. I want to say, I'm going to go with one or another. El hecho, señores, de que no me haya casado, el hecho de que sea soltera, no quiere decir que sea una mala mujer. Yo soy una excelente persona. Y me molesta que, porque soy soltera, porque todavía no me he casado, porque todavía no he construido a morar o no tengo hijos, no soy una mujer valiosa. No soy una mujer respetable. Estás equivocado, señores. Estoy cansado. ¿De qué peor? I have a message negative from a woman to another woman. A colleague who always has no distance. That I can send the doubts about my name. It bothers me too much. I really do not work for myself. I pay my accounts, I pay my things. And I do not work for myself to send these messages This is to detain me Because not only me but all women That always want to minimize our efforts Tens Estos adjetivos grotescos y tratando de minimizar a otra mujer porque consideran que su afecto físico no corresponde a ella. En contacto por eso se preocupa por cada mujer, porque cada ser humano, cada mujer, cada cuerpo diferente. Tenemos posibilidad corporal que invita a que las mujeres nos aceptemos tal y como somos, sin necesidad de que alguien más considere que estamos gordas. Ese no es nuestro valor. Ese no es lo que debemos mostrarle al mundo. Lo que tenemos internamente vale muchísimo más. Y solamente por mencionar uno de los espacios, porque lo que queremos es nosotros, respeto entre todas las personas, que estoy segura que eso se haría un gran cambio en todo, si nuestra base de cada relación fuera el respeto. Con un abrazo a ustedes y estaremos pendientes también de tener relaciones en los ángeles de los espectáculos. Vamos a continuar con más. Mi querida Vale y Gus, queridos, estamos acá. Muy buenos días, bienvenidos a este segmento que nos ha movido de muchas maneras. Gus, bienvenido y bienvenido a Se Habla Animal. Pero hoy vamos a tocar una historia fuerte que no me la puedo imaginar. Que por la fila, que al amor de tu vida, que es un gatito cercho, abre la puerta y la puerta es un intermedio. I hope that what happened to Aura is difficult because they are not only mascotas, they are beings that we love with our lives and we are like our children. That's what Aura and a mother, who just came to the door to the door and found a message. Pero, al perder la comunicación animal, tuvo la oportunidad de recibir un último mensaje. ¿Y sabe qué? De hecho, estaba más preocupada por ella. Porque sabe que amar implica vulnerabilidad. Y ella de que alg general no se espera un d en sanar su coraz Y m como no te podr pedir de un ser que amas como ese animalito pobrecito que tuvo que haber pensado ahora de su familia y en sus palabras Pero eso te vas a encargar con el por supuesto. Hoy vamos a escuchar qué debimos hacer ahora. Pero eso más adelante, porque vamos a dar un break en este espacio, porque Gaby, lo vio a un partido. Good morning, everybody. Buenos días. 11 y 3 de la mañana. Estamos acá en este espacio que nos gusta muchísimo. Yo por parte de la propuesta de este nuevo horario que ya tenemos algunas semanas. Doctor Mario Ferrin, si vos hablamos en el área, el tema que vamos a ver en este momento en pantalla y que nos mantiene en alerta. Sabemos ustedes que más de 13.000 caballeros operaron del apéndice en el 2024. Apendicitis, cirugía de emergencia. Doctor, ¿cómo está usted? Muchas gracias. Otra vez, ¿no? Otra vez, ¿no? Y hablás de ese tema que nos pone en alerta, doctor Primer, para que se ve la apéndice. Por favor, díselme solo para que nos ocaden de la plata. Hay muchas teorías, en realidad todavía no determinamos un valor del apéndice, pero en realidad es un órgano ciego, que es el que está en la parte inicial del intestino grueso, la cual dentro de su función está determinado que hay bacterias buenas, otra que tiene un tejido linfoide, esas son unas de las teorías que hay de la apéndice. Ok, vamos a ver cómo va acá la mesa, doctor, porque la hemos ubicado un poquito mal. Y nos vamos a centrar automáticamente en esta imagen. Esta es la apéndice. Correcto, es un órgano ciego, como tú ves, que es el inicio del colon, que es el intestino grueso, y la apéndice es un órgano ciego, como decir el predito, la cual no tiene continuidad, pero puede causar problemas y complicaciones. Ok, en el momento que la apéndice se empieza a darle notar en nuestro cuerpo, ¿Cómo se hace? Correcto. Primero, la atélice cuando empiece a inflamarse, que puede ser de varias causas, entre bacterias, a nivel de infecciones virales, o inclusive hasta por un microplomito. Es decir, la S cuando está muy dura, el atélice puede tapar esta luz de la atélice y puede causar la inflamación. Transcribe the audio Correcto el cerebro detecta la inflamaci y estamos viendo el nervio El cerebro detecta la inflamación y estamos viendo el nervio. Entonces, refleja ese dolor con la inflamación, pero al pasar las horas, ese dolor ya no va a estar de lado izquierdo, sino que se localiza en el lado derecho. Porque esa es una de las alarmas que vamos a tener. O sea, que el dolor se localizó en varias horas hacia el lado derecho inferior, hacia el niño, en los adultos, en el lado derecho de mí. Doctor, vamos a ir a la pausa, pero regresando a ver a nuestro gran amigo que le vamos a poner, Cristo, venga para acá. Aquí te vemos un poquito, doctor. ¿En qué momento nuestra audiencia que nos está viendo dice, a ver, me está doliendo, pero será acaso ese dolor vago que me dice que me dice el doctor? Transcribe the audio. Transcribe the audio. T Transcrição e Legendas por Quintena Coelho
[2026-08-12 15:15:01] FILTRO: Transcripción válida → 'No he dado su nombre, nunca, nunca. No se me permite de ella. No se me permite de ella. Mi querida Liz, definitivamente, más allá del personaje mediático, más allá de la figura y de la presentadora, que a pesar de que ha vivido por momentos complicados, porque sabemos y vivimos contigo el proceso, y obviamente pasaste junto a tu abuelita, la perdiste, sin embargo venías al estudio, Te maquillabas y ponías, obviamente, lo mejor de ti para darle al público. Pero en este momento no quiero hablar con la periodista ni con la profesional. En este momento quiero hablar con la mujer. Con esa mujer que cayó durante tantos años en tu pegamento. Con esa mujer que tiene que llegar a su casa y de alguna u otra manera explicarle a su familia TRISTANI I'm a professional, I'm a worker, I'm a great person. It bothers me that I want to minimize my negative messages and adjectives, and I want to deny my good name. It bothers me that I minimize my efforts. I like to grow, I like to consider objectives. I consider a competitive person, I consider a great person, and it bothers me that I always want to say my name. I want to say, I'm going to go with one or another. El hecho, señores, de que no me haya casado, el hecho de que sea soltera, no quiere decir que sea una mala mujer. Yo soy una excelente persona. Y me molesta que, porque soy soltera, porque todavía no me he casado, porque todavía no he construido a morar o no tengo hijos, no soy una mujer valiosa. No soy una mujer respetable. Estás equivocado, señores. Estoy cansado. ¿De qué peor? I have a message negative from a woman to another woman. A colleague who always has no distance. That I can send the doubts about my name. It bothers me too much. I really do not work for myself. I pay my accounts, I pay my things. And I do not work for myself to send these messages This is to detain me Because not only me but all women That always want to minimize our efforts Tens Estos adjetivos grotescos y tratando de minimizar a otra mujer porque consideran que su afecto físico no corresponde a ella. En contacto por eso se preocupa por cada mujer, porque cada ser humano, cada mujer, cada cuerpo diferente. Tenemos posibilidad corporal que invita a que las mujeres nos aceptemos tal y como somos, sin necesidad de que alguien más considere que estamos gordas. Ese no es nuestro valor. Ese no es lo que debemos mostrarle al mundo. Lo que tenemos internamente vale muchísimo más. Y solamente por mencionar uno de los espacios, porque lo que queremos es nosotros, respeto entre todas las personas, que estoy segura que eso se haría un gran cambio en todo, si nuestra base de cada relación fuera el respeto. Con un abrazo a ustedes y estaremos pendientes también de tener relaciones en los ángeles de los espectáculos. Vamos a continuar con más. Mi querida Vale y Gus, queridos, estamos acá. Muy buenos días, bienvenidos a este segmento que nos ha movido de muchas maneras. Gus, bienvenido y bienvenido a Se Habla Animal. Pero hoy vamos a tocar una historia fuerte que no me la puedo imaginar. Que por la fila, que al amor de tu vida, que es un gatito cercho, abre la puerta y la puerta es un intermedio. I hope that what happened to Aura is difficult because they are not only mascotas, they are beings that we love with our lives and we are like our children. That's what Aura and a mother, who just came to the door to the door and found a message. Pero, al perder la comunicación animal, tuvo la oportunidad de recibir un último mensaje. ¿Y sabe qué? De hecho, estaba más preocupada por ella. Porque sabe que amar implica vulnerabilidad. Y ella de que alg general no se espera un d en sanar su coraz Y m como no te podr pedir de un ser que amas como ese animalito pobrecito que tuvo que haber pensado ahora de su familia y en sus palabras Pero eso te vas a encargar con el por supuesto. Hoy vamos a escuchar qué debimos hacer ahora. Pero eso más adelante, porque vamos a dar un break en este espacio, porque Gaby, lo vio a un partido. Good morning, everybody. Buenos días. 11 y 3 de la mañana. Estamos acá en este espacio que nos gusta muchísimo. Yo por parte de la propuesta de este nuevo horario que ya tenemos algunas semanas. Doctor Mario Ferrin, si vos hablamos en el área, el tema que vamos a ver en este momento en pantalla y que nos mantiene en alerta. Sabemos ustedes que más de 13.000 caballeros operaron del apéndice en el 2024. Apendicitis, cirugía de emergencia. Doctor, ¿cómo está usted? Muchas gracias. Otra vez, ¿no? Otra vez, ¿no? Y hablás de ese tema que nos pone en alerta, doctor Primer, para que se ve la apéndice. Por favor, díselme solo para que nos ocaden de la plata. Hay muchas teorías, en realidad todavía no determinamos un valor del apéndice, pero en realidad es un órgano ciego, que es el que está en la parte inicial del intestino grueso, la cual dentro de su función está determinado que hay bacterias buenas, otra que tiene un tejido linfoide, esas son unas de las teorías que hay de la apéndice. Ok, vamos a ver cómo va acá la mesa, doctor, porque la hemos ubicado un poquito mal. Y nos vamos a centrar automáticamente en esta imagen. Esta es la apéndice. Correcto, es un órgano ciego, como tú ves, que es el inicio del colon, que es el intestino grueso, y la apéndice es un órgano ciego, como decir el predito, la cual no tiene continuidad, pero puede causar problemas y complicaciones. Ok, en el momento que la apéndice se empieza a darle notar en nuestro cuerpo, ¿Cómo se hace? Correcto. Primero, la atélice cuando empiece a inflamarse, que puede ser de varias causas, entre bacterias, a nivel de infecciones virales, o inclusive hasta por un microplomito. Es decir, la S cuando está muy dura, el atélice puede tapar esta luz de la atélice y puede causar la inflamación. Transcribe the audio Correcto el cerebro detecta la inflamaci y estamos viendo el nervio El cerebro detecta la inflamación y estamos viendo el nervio. Entonces, refleja ese dolor con la inflamación, pero al pasar las horas, ese dolor ya no va a estar de lado izquierdo, sino que se localiza en el lado derecho. Porque esa es una de las alarmas que vamos a tener. O sea, que el dolor se localizó en varias horas hacia el lado derecho inferior, hacia el niño, en los adultos, en el lado derecho de mí. Doctor, vamos a ir a la pausa, pero regresando a ver a nuestro gran amigo que le vamos a poner, Cristo, venga para acá. Aquí te vemos un poquito, doctor. ¿En qué momento nuestra audiencia que nos está viendo dice, a ver, me está doliendo, pero será acaso ese dolor vago que me dice que me dice el doctor? Transcribe the audio. Transcribe the audio. T Transcrição e Legendas por Quintena Coelho'
[2026-08-12 15:15:02] PASO 1.5: Consultando Tálamo para clasificación semántica...
[Tálamo] Ollama OK → GENERAL_TALK
[2026-08-12 15:15:46] Tálamo → Tipo: GENERAL_TALK
[2026-08-12 15:15:46] PASO 2: Consultando al Agente Alberth...
[2026-08-12 15:15:46] Recuperando contexto de memoria persistente...
[2026-08-12 15:15:47] Memoria OK → Contexto recuperado (300 chars)
[2026-08-12 15:16:08] ERROR: Falló conexión con el agente. Usando fallback.
[2026-08-12 15:16:08] PASO 3: Generando audio de respuesta (TTS Premium edge-tts)...
[TTS-Premium] Sintetizando 94 caracteres con voz 'es-MX-JorgeNeural'...
[TTS-Premium] OK → Audio generado: alberth_voice_20260811_110923_response.mp3 (45 KB) | Voz: es-MX-JorgeNeural
[2026-08-12 15:16:12] TTS PREMIUM OK → Audio: /Users/digitalspace/.openclaw/workspace/voice_exchange/output/alberth_voice_20260811_110923_response.mp3 (edge-tts)
[2026-08-12 15:16:12] PASO 4: Reproduciendo respuesta...
[2026-08-12 15:16:22] --- PIPELINE COMPLETADO ---
[2026-08-12 15:16:23] --- PIPELINE INICIADO (AUDIO): alberth_voice_20260811_110930.wav ---
[2026-08-12 15:16:23] PASO 1: Transcribiendo audio con Groq Whisper (Cloud)...
[2026-08-12 15:16:35] STT CLOUD OK → Transcripción: I'm going to go to the next slide.
[2026-08-12 15:16:36] FILTRO: Transcripción válida → 'I'm going to go to the next slide.'
[2026-08-12 15:16:36] PASO 1.5: Consultando Tálamo para clasificación semántica...
[Tálamo] Ollama OK → GENERAL_TALK
[2026-08-12 15:16:41] Tálamo → Tipo: GENERAL_TALK
[2026-08-12 15:16:42] PASO 2: Consultando al Agente Alberth...
[2026-08-12 15:16:42] Recuperando contexto de memoria persistente...
[2026-08-12 15:16:42] Memoria OK → Contexto recuperado (300 chars)
[2026-08-12 15:16:58] ERROR: Falló conexión con el agente. Usando fallback.
[2026-08-12 15:16:58] PASO 3: Generando audio de respuesta (TTS Premium edge-tts)...
[TTS-Premium] Sintetizando 94 caracteres con voz 'es-MX-JorgeNeural'...
[TTS-Premium] OK → Audio generado: alberth_voice_20260811_110930_response.mp3 (45 KB) | Voz: es-MX-JorgeNeural
[2026-08-12 15:17:01] TTS PREMIUM OK → Audio: /Users/digitalspace/.openclaw/workspace/voice_exchange/output/alberth_voice_20260811_110930_response.mp3 (edge-tts)
[2026-08-12 15:17:01] PASO 4: Reproduciendo respuesta...
[2026-08-12 15:17:12] --- PIPELINE COMPLETADO ---
[2026-08-12 15:17:12] --- PIPELINE INICIADO (AUDIO): alberth_voice_20260811_111151.wav ---
[2026-08-12 15:17:12] PASO 1: Transcribiendo audio con Groq Whisper (Cloud)...
[2026-08-12 15:17:29] STT CLOUD OK → Transcripción: The video is on the screen. Transcribe the audio. Transcribe the audio Transcribe the audio. Transcribe the audio.
[2026-08-12 15:17:29] FILTRO: Transcripción válida → 'The video is on the screen. Transcribe the audio. Transcribe the audio Transcribe the audio. Transcribe the audio.'
[2026-08-12 15:17:30] PASO 1.5: Consultando Tálamo para clasificación semántica...
[Tálamo] Ollama OK → WEB_SEARCH
[2026-08-12 15:17:36] Tálamo → Tipo: WEB_SEARCH
[2026-08-12 15:17:36] PASO 2: Consultando al Agente Alberth...
[2026-08-12 15:17:36] Tálamo → Enrutando a WEB_SEARCH...
[2026-08-12 15:17:39] BÚSQUEDA OK
[2026-08-12 15:17:39] Recuperando contexto de memoria persistente...
[2026-08-12 15:17:40] Memoria OK → Contexto recuperado (300 chars)
[2026-08-12 15:17:57] ERROR: Falló conexión con el agente. Usando fallback.
[2026-08-12 15:17:57] PASO 3: Generando audio de respuesta (TTS Premium edge-tts)...
[TTS-Premium] Sintetizando 94 caracteres con voz 'es-MX-JorgeNeural'...
[TTS-Premium] OK → Audio generado: alberth_voice_20260811_111151_response.mp3 (45 KB) | Voz: es-MX-JorgeNeural
[2026-08-12 15:18:00] TTS PREMIUM OK → Audio: /Users/digitalspace/.openclaw/workspace/voice_exchange/output/alberth_voice_20260811_111151_response.mp3 (edge-tts)
[2026-08-12 15:18:00] PASO 4: Reproduciendo respuesta...
[2026-08-12 15:18:10] --- PIPELINE COMPLETADO ---
[2026-08-12 15:18:11] --- PIPELINE INICIADO (AUDIO): alberth_voice_20260811_111239.wav ---
[2026-08-12 15:18:11] PASO 1: Transcribiendo audio con Groq Whisper (Cloud)...
[2026-08-12 15:18:26] STT CLOUD OK → Transcripción: Transcribe the audio. Contando historias. Todos. Obviamente, la cultura deben hacerla. Ellos como solo hay. Los logran. Como ustedes, los caballeros.
[2026-08-12 15:18:27] FILTRO: Transcripción válida → 'Transcribe the audio. Contando historias. Todos. Obviamente, la cultura deben hacerla. Ellos como solo hay. Los logran. Como ustedes, los caballeros.'
[2026-08-12 15:18:27] PASO 1.5: Consultando Tálamo para clasificación semántica...
[Tálamo] Ollama OK → GENERAL_TALK
[2026-08-12 15:18:33] Tálamo → Tipo: GENERAL_TALK
[2026-08-12 15:18:34] PASO 2: Consultando al Agente Alberth...
[2026-08-12 15:18:34] Recuperando contexto de memoria persistente...
[2026-08-12 15:18:35] Memoria OK → Contexto recuperado (300 chars)
[2026-08-12 15:18:51] ERROR: Falló conexión con el agente. Usando fallback.
[2026-08-12 15:18:51] PASO 3: Generando audio de respuesta (TTS Premium edge-tts)...
[TTS-Premium] Sintetizando 94 caracteres con voz 'es-MX-JorgeNeural'...
[TTS-Premium] OK → Audio generado: alberth_voice_20260811_111239_response.mp3 (45 KB) | Voz: es-MX-JorgeNeural
[2026-08-12 15:18:54] TTS PREMIUM OK → Audio: /Users/digitalspace/.openclaw/workspace/voice_exchange/output/alberth_voice_20260811_111239_response.mp3 (edge-tts)
[2026-08-12 15:18:54] PASO 4: Reproduciendo respuesta...
[2026-08-12 15:19:05] --- PIPELINE COMPLETADO ---
[2026-08-12 15:19:06] --- PIPELINE INICIADO (AUDIO): alberth_voice_20260811_111250.wav ---
[2026-08-12 15:19:06] PASO 1: Transcribiendo audio con Groq Whisper (Cloud)...
[2026-08-12 15:19:18] STT CLOUD OK → Transcripción: Thank you.
[2026-08-12 15:19:18] FILTRO: Transcripción descartada por ser basura/silencio: 'Thank you.'
[2026-08-12 15:19:19] --- PIPELINE INICIADO (AUDIO): alberth_voice_20260811_111254.wav ---
[2026-08-12 15:19:19] PASO 1: Transcribiendo audio con Groq Whisper (Cloud)...
[2026-08-12 15:19:31] STT CLOUD OK → Transcripción: Transcribe the audio.
[2026-08-12 15:19:32] FILTRO: Transcripción válida → 'Transcribe the audio.'
[2026-08-12 15:19:32] PASO 1.5: Consultando Tálamo para clasificación semántica...
[Tálamo] Ollama OK → GENERAL_TALK
[2026-08-12 15:19:37] Tálamo → Tipo: GENERAL_TALK
[2026-08-12 15:19:37] PASO 2: Consultando al Agente Alberth...
[2026-08-12 15:19:37] Recuperando contexto de memoria persistente...
[2026-08-12 15:19:38] Memoria OK → Contexto recuperado (300 chars)
[2026-08-12 15:19:55] ERROR: Falló conexión con el agente. Usando fallback.
[2026-08-12 15:19:55] PASO 3: Generando audio de respuesta (TTS Premium edge-tts)...
[TTS-Premium] Sintetizando 94 caracteres con voz 'es-MX-JorgeNeural'...
[TTS-Premium] OK → Audio generado: alberth_voice_20260811_111254_response.mp3 (45 KB) | Voz: es-MX-JorgeNeural
[2026-08-12 15:19:58] TTS PREMIUM OK → Audio: /Users/digitalspace/.openclaw/workspace/voice_exchange/output/alberth_voice_20260811_111254_response.mp3 (edge-tts)
[2026-08-12 15:19:58] PASO 4: Reproduciendo respuesta...
[2026-08-12 15:20:08] --- PIPELINE COMPLETADO ---
[2026-08-12 15:20:09] --- PIPELINE INICIADO (AUDIO): alberth_voice_20260811_111259.wav ---
[2026-08-12 15:20:09] PASO 1: Transcribiendo audio con Groq Whisper (Cloud)...
[2026-08-12 15:20:22] STT CLOUD OK → Transcripción: Transcribe the audio.
[2026-08-12 15:20:22] FILTRO: Transcripción válida → 'Transcribe the audio.'
[2026-08-12 15:20:23] PASO 1.5: Consultando Tálamo para clasificación semántica...
[Tálamo] Ollama OK → GENERAL_TALK
[2026-08-12 15:20:27] Tálamo → Tipo: GENERAL_TALK
[2026-08-12 15:20:27] PASO 2: Consultando al Agente Alberth...
[2026-08-12 15:20:27] Recuperando contexto de memoria persistente...
[2026-08-12 15:20:28] Memoria OK → Contexto recuperado (300 chars)
[2026-08-12 15:20:43] ERROR: Falló conexión con el agente. Usando fallback.
[2026-08-12 15:20:43] PASO 3: Generando audio de respuesta (TTS Premium edge-tts)...
[TTS-Premium] Sintetizando 94 caracteres con voz 'es-MX-JorgeNeural'...
[TTS-Premium] OK → Audio generado: alberth_voice_20260811_111259_response.mp3 (45 KB) | Voz: es-MX-JorgeNeural
[2026-08-12 15:20:47] TTS PREMIUM OK → Audio: /Users/digitalspace/.openclaw/workspace/voice_exchange/output/alberth_voice_20260811_111259_response.mp3 (edge-tts)
[2026-08-12 15:20:47] PASO 4: Reproduciendo respuesta...
[2026-08-12 15:20:57] --- PIPELINE COMPLETADO ---
[2026-08-12 15:20:57] --- PIPELINE INICIADO (AUDIO): alberth_voice_20260811_111302.wav ---
[2026-08-12 15:20:58] PASO 1: Transcribiendo audio con Groq Whisper (Cloud)...
[2026-08-12 15:21:10] STT CLOUD OK → Transcripción: Okay.
[2026-08-12 15:21:11] FILTRO: Transcripción válida → 'Okay.'
[2026-08-12 15:21:11] PASO 1.5: Consultando Tálamo para clasificación semántica...
[Tálamo] Ollama OK → GENERAL_TALK
[2026-08-12 15:21:17] Tálamo → Tipo: GENERAL_TALK
[2026-08-12 15:21:17] PASO 2: Consultando al Agente Alberth...
[2026-08-12 15:21:17] Recuperando contexto de memoria persistente...
[2026-08-12 15:21:18] Memoria OK → Contexto recuperado (300 chars)
[2026-08-12 15:21:36] ERROR: Falló conexión con el agente. Usando fallback.
[2026-08-12 15:21:36] PASO 3: Generando audio de respuesta (TTS Premium edge-tts)...
[TTS-Premium] Sintetizando 94 caracteres con voz 'es-MX-JorgeNeural'...
[TTS-Premium] OK → Audio generado: alberth_voice_20260811_111302_response.mp3 (45 KB) | Voz: es-MX-JorgeNeural
[2026-08-12 15:21:38] TTS PREMIUM OK → Audio: /Users/digitalspace/.openclaw/workspace/voice_exchange/output/alberth_voice_20260811_111302_response.mp3 (edge-tts)
[2026-08-12 15:21:38] PASO 4: Reproduciendo respuesta...
[2026-08-12 15:21:48] --- PIPELINE COMPLETADO ---
[2026-08-12 15:21:49] --- PIPELINE INICIADO (AUDIO): alberth_voice_20260811_111445.wav ---
[2026-08-12 15:21:49] PASO 1: Transcribiendo audio con Groq Whisper (Cloud)...
[2026-08-12 15:22:02] STT CLOUD OK → Transcripción: Thank you. Transcribe the audio. Transcribe the audio. Transcribe the audio.
[2026-08-12 15:22:02] FILTRO: Transcripción válida → 'Thank you. Transcribe the audio. Transcribe the audio. Transcribe the audio.'
[2026-08-12 15:22:02] PASO 1.5: Consultando Tálamo para clasificación semántica...
[Tálamo] Ollama OK → GENERAL_TALK
[2026-08-12 15:22:07] Tálamo → Tipo: GENERAL_TALK
[2026-08-12 15:22:08] PASO 2: Consultando al Agente Alberth...
[2026-08-12 15:22:08] Recuperando contexto de memoria persistente...
[2026-08-12 15:22:08] Memoria OK → Contexto recuperado (300 chars)
[2026-08-12 15:22:22] ERROR: Falló conexión con el agente. Usando fallback.
[2026-08-12 15:22:22] PASO 3: Generando audio de respuesta (TTS Premium edge-tts)...
[TTS-Premium] Sintetizando 94 caracteres con voz 'es-MX-JorgeNeural'...
[TTS-Premium] OK → Audio generado: alberth_voice_20260811_111445_response.mp3 (45 KB) | Voz: es-MX-JorgeNeural
[2026-08-12 15:22:25] TTS PREMIUM OK → Audio: /Users/digitalspace/.openclaw/workspace/voice_exchange/output/alberth_voice_20260811_111445_response.mp3 (edge-tts)
[2026-08-12 15:22:25] PASO 4: Reproduciendo respuesta...
[2026-08-12 15:22:35] --- PIPELINE COMPLETADO ---
[2026-08-12 15:22:35] --- PIPELINE INICIADO (AUDIO): alberth_voice_20260811_111503.wav ---
[2026-08-12 15:22:35] PASO 1: Transcribiendo audio con Groq Whisper (Cloud)...
[2026-08-12 15:22:49] STT CLOUD OK → Transcripción: Transcribe the audio.
[2026-08-12 15:22:49] FILTRO: Transcripción válida → 'Transcribe the audio.'
[2026-08-12 15:22:50] PASO 1.5: Consultando Tálamo para clasificación semántica...
[Tálamo] Ollama OK → GENERAL_TALK
[2026-08-12 15:22:55] Tálamo → Tipo: GENERAL_TALK
[2026-08-12 15:22:55] PASO 2: Consultando al Agente Alberth...
[2026-08-12 15:22:55] Recuperando contexto de memoria persistente...
[2026-08-12 15:22:56] Memoria OK → Contexto recuperado (300 chars)
[2026-08-12 15:23:14] ERROR: Falló conexión con el agente. Usando fallback.
[2026-08-12 15:23:14] PASO 3: Generando audio de respuesta (TTS Premium edge-tts)...
[TTS-Premium] Sintetizando 94 caracteres con voz 'es-MX-JorgeNeural'...
[TTS-Premium] OK → Audio generado: alberth_voice_20260811_111503_response.mp3 (45 KB) | Voz: es-MX-JorgeNeural
[2026-08-12 15:23:16] TTS PREMIUM OK → Audio: /Users/digitalspace/.openclaw/workspace/voice_exchange/output/alberth_voice_20260811_111503_response.mp3 (edge-tts)
[2026-08-12 15:23:16] PASO 4: Reproduciendo respuesta...
[2026-08-12 15:23:27] --- PIPELINE COMPLETADO ---
[2026-08-12 15:23:27] --- PIPELINE INICIADO (AUDIO): alberth_voice_20260811_111516.wav ---
[2026-08-12 15:23:27] PASO 1: Transcribiendo audio con Groq Whisper (Cloud)...
[2026-08-12 15:23:40] STT CLOUD OK → Transcripción: Transcribe the audio.
[2026-08-12 15:23:40] FILTRO: Transcripción válida → 'Transcribe the audio.'
[2026-08-12 15:23:41] PASO 1.5: Consultando Tálamo para clasificación semántica...
[Tálamo] Ollama OK → GENERAL_TALK
[2026-08-12 15:23:46] Tálamo → Tipo: GENERAL_TALK
[2026-08-12 15:23:46] PASO 2: Consultando al Agente Alberth...
[2026-08-12 15:23:46] Recuperando contexto de memoria persistente...
[2026-08-12 15:23:47] Memoria OK → Contexto recuperado (300 chars)
[2026-08-12 15:24:01] ERROR: Falló conexión con el agente. Usando fallback.
[2026-08-12 15:24:02] PASO 3: Generando audio de respuesta (TTS Premium edge-tts)...
[TTS-Premium] Sintetizando 94 caracteres con voz 'es-MX-JorgeNeural'...
[TTS-Premium] OK → Audio generado: alberth_voice_20260811_111516_response.mp3 (45 KB) | Voz: es-MX-JorgeNeural
[2026-08-12 15:24:04] TTS PREMIUM OK → Audio: /Users/digitalspace/.openclaw/workspace/voice_exchange/output/alberth_voice_20260811_111516_response.mp3 (edge-tts)
[2026-08-12 15:24:04] PASO 4: Reproduciendo respuesta...
[2026-08-12 15:24:14] --- PIPELINE COMPLETADO ---
[2026-08-12 15:24:15] --- PIPELINE INICIADO (AUDIO): alberth_voice_20260811_111522.wav ---
[2026-08-12 15:24:15] PASO 1: Transcribiendo audio con Groq Whisper (Cloud)...
[2026-08-12 15:24:29] STT CLOUD OK → Transcripción: Transcribe the audio.
[2026-08-12 15:24:29] FILTRO: Transcripción válida → 'Transcribe the audio.'
[2026-08-12 15:24:30] PASO 1.5: Consultando Tálamo para clasificación semántica...
[Tálamo] Ollama OK → GENERAL_TALK
[2026-08-12 15:24:34] Tálamo → Tipo: GENERAL_TALK
[2026-08-12 15:24:35] PASO 2: Consultando al Agente Alberth...
[2026-08-12 15:24:35] Recuperando contexto de memoria persistente...
[2026-08-12 15:24:36] Memoria OK → Contexto recuperado (300 chars)
[2026-08-12 15:24:55] ERROR: Falló conexión con el agente. Usando fallback.
[2026-08-12 15:24:56] PASO 3: Generando audio de respuesta (TTS Premium edge-tts)...
[TTS-Premium] Sintetizando 94 caracteres con voz 'es-MX-JorgeNeural'...
[TTS-Premium] OK → Audio generado: alberth_voice_20260811_111522_response.mp3 (45 KB) | Voz: es-MX-JorgeNeural
[2026-08-12 15:24:59] TTS PREMIUM OK → Audio: /Users/digitalspace/.openclaw/workspace/voice_exchange/output/alberth_voice_20260811_111522_response.mp3 (edge-tts)
[2026-08-12 15:24:59] PASO 4: Reproduciendo respuesta...
[2026-08-12 15:25:10] --- PIPELINE COMPLETADO ---
[2026-08-12 15:25:10] --- PIPELINE INICIADO (AUDIO): alberth_voice_20260811_111527.wav ---
[2026-08-12 15:25:10] PASO 1: Transcribiendo audio con Groq Whisper (Cloud)...
[2026-08-12 15:25:29] STT CLOUD OK → Transcripción: Thank you.
[2026-08-12 15:25:30] FILTRO: Transcripción descartada por ser basura/silencio: 'Thank you.'
[2026-08-12 15:25:30] --- PIPELINE INICIADO (AUDIO): alberth_voice_20260811_111531.wav ---
[2026-08-12 15:25:30] PASO 1: Transcribiendo audio con Groq Whisper (Cloud)...
[2026-08-12 15:25:47] STT CLOUD OK → Transcripción: Thank you.
[2026-08-12 15:25:47] FILTRO: Transcripción descartada por ser basura/silencio: 'Thank you.'
[2026-08-12 15:25:48] --- PIPELINE INICIADO (AUDIO): alberth_voice_20260811_111542.wav ---
[2026-08-12 15:25:48] PASO 1: Transcribiendo audio con Groq Whisper (Cloud)...
[2026-08-12 15:26:05] STT CLOUD OK → Transcripción: Transcribe the audio.
[2026-08-12 15:26:05] FILTRO: Transcripción válida → 'Transcribe the audio.'
[2026-08-12 15:26:06] PASO 1.5: Consultando Tálamo para clasificación semántica...
[Tálamo] Ollama OK → GENERAL_TALK
[2026-08-12 15:26:10] Tálamo → Tipo: GENERAL_TALK
[2026-08-12 15:26:11] PASO 2: Consultando al Agente Alberth...
[2026-08-12 15:26:11] Recuperando contexto de memoria persistente...
[2026-08-12 15:26:12] Memoria OK → Contexto recuperado (300 chars)
[2026-08-12 15:26:28] ERROR: Falló conexión con el agente. Usando fallback.
[2026-08-12 15:26:28] PASO 3: Generando audio de respuesta (TTS Premium edge-tts)...
[TTS-Premium] Sintetizando 94 caracteres con voz 'es-MX-JorgeNeural'...
[TTS-Premium] OK → Audio generado: alberth_voice_20260811_111542_response.mp3 (45 KB) | Voz: es-MX-JorgeNeural
[2026-08-12 15:26:32] TTS PREMIUM OK → Audio: /Users/digitalspace/.openclaw/workspace/voice_exchange/output/alberth_voice_20260811_111542_response.mp3 (edge-tts)
[2026-08-12 15:26:32] PASO 4: Reproduciendo respuesta...
[2026-08-12 15:26:42] --- PIPELINE COMPLETADO ---
[2026-08-12 15:26:43] --- PIPELINE INICIADO (AUDIO): alberth_voice_20260811_111654.wav ---
[2026-08-12 15:26:43] PASO 1: Transcribiendo audio con Groq Whisper (Cloud)...
[2026-08-12 15:26:59] STT CLOUD OK → Transcripción: Transcribe the audio. Transcribe the audio. Transcribe the audio.
[2026-08-12 15:26:59] FILTRO: Transcripción válida → 'Transcribe the audio. Transcribe the audio. Transcribe the audio.'
[2026-08-12 15:27:00] PASO 1.5: Consultando Tálamo para clasificación semántica...
[Tálamo] Ollama OK → GENERAL_TALK
[2026-08-12 15:27:07] Tálamo → Tipo: GENERAL_TALK
[2026-08-12 15:27:07] PASO 2: Consultando al Agente Alberth...
[2026-08-12 15:27:07] Recuperando contexto de memoria persistente...
[2026-08-12 15:27:08] Memoria OK → Contexto recuperado (300 chars)
[2026-08-12 15:27:22] ERROR: Falló conexión con el agente. Usando fallback.
[2026-08-12 15:27:23] PASO 3: Generando audio de respuesta (TTS Premium edge-tts)...
[TTS-Premium] Sintetizando 94 caracteres con voz 'es-MX-JorgeNeural'...
[TTS-Premium] OK → Audio generado: alberth_voice_20260811_111654_response.mp3 (45 KB) | Voz: es-MX-JorgeNeural
[2026-08-12 15:27:25] TTS PREMIUM OK → Audio: /Users/digitalspace/.openclaw/workspace/voice_exchange/output/alberth_voice_20260811_111654_response.mp3 (edge-tts)
[2026-08-12 15:27:25] PASO 4: Reproduciendo respuesta...
[2026-08-12 15:27:35] --- PIPELINE COMPLETADO ---
[2026-08-12 15:27:36] --- PIPELINE INICIADO (AUDIO): alberth_voice_20260811_111710.wav ---
[2026-08-12 15:27:36] PASO 1: Transcribiendo audio con Groq Whisper (Cloud)...
[2026-08-12 15:27:49] STT CLOUD OK → Transcripción: Transcribe the audio.
[2026-08-12 15:27:49] FILTRO: Transcripción válida → 'Transcribe the audio.'
[2026-08-12 15:27:50] PASO 1.5: Consultando Tálamo para clasificación semántica...
[Tálamo] Ollama OK → GENERAL_TALK
[2026-08-12 15:27:54] Tálamo → Tipo: GENERAL_TALK
[2026-08-12 15:27:54] PASO 2: Consultando al Agente Alberth...
[2026-08-12 15:27:54] Recuperando contexto de memoria persistente...
[2026-08-12 15:27:55] Memoria OK → Contexto recuperado (300 chars)
[2026-08-12 15:28:10] ERROR: Falló conexión con el agente. Usando fallback.
[2026-08-12 15:28:10] PASO 3: Generando audio de respuesta (TTS Premium edge-tts)...
[TTS-Premium] Sintetizando 94 caracteres con voz 'es-MX-JorgeNeural'...
[TTS-Premium] OK → Audio generado: alberth_voice_20260811_111710_response.mp3 (45 KB) | Voz: es-MX-JorgeNeural
[2026-08-12 15:28:20] TTS PREMIUM OK → Audio: /Users/digitalspace/.openclaw/workspace/voice_exchange/output/alberth_voice_20260811_111710_response.mp3 (edge-tts)
[2026-08-12 15:28:20] PASO 4: Reproduciendo respuesta...
[2026-08-12 15:28:30] --- PIPELINE COMPLETADO ---
[2026-08-12 15:28:30] --- PIPELINE INICIADO (AUDIO): alberth_voice_20260811_115621.wav ---
[2026-08-12 15:28:30] PASO 1: Transcribiendo audio con Groq Whisper (Cloud)...
[2026-08-12 15:28:48] STT CLOUD OK → Transcripción: Alguien, cuando el día que falleció, teníamos que terminar la información de la cámara y que se había salido por la parte de la ventana. Entonces, la cocina, la cocina que lo abierta, la ventana. Entonces, él se fue, salió un ratito y regresó. Entonces, nosotras nos cuestionábamos que, ¿por qué esta ventana abierta? Si ya había dado cuenta que se salía y que, ¿cómo había sufrido en ese momento de no haber estado aquí? Thank you.
[2026-08-12 15:28:48] FILTRO: Transcripción válida → 'Alguien, cuando el día que falleció, teníamos que terminar la información de la cámara y que se había salido por la parte de la ventana. Entonces, la cocina, la cocina que lo abierta, la ventana. Entonces, él se fue, salió un ratito y regresó. Entonces, nosotras nos cuestionábamos que, ¿por qué esta ventana abierta? Si ya había dado cuenta que se salía y que, ¿cómo había sufrido en ese momento de no haber estado aquí? Thank you.'
[2026-08-12 15:28:49] PASO 1.5: Consultando Tálamo para clasificación semántica...
[Tálamo] Ollama OK → GENERAL_TALK
[2026-08-12 15:28:57] Tálamo → Tipo: GENERAL_TALK
[2026-08-12 15:28:57] PASO 2: Consultando al Agente Alberth...
[2026-08-12 15:28:57] Recuperando contexto de memoria persistente...
[2026-08-12 15:28:57] Memoria OK → Contexto recuperado (300 chars)
[2026-08-12 15:29:15] ERROR: Falló conexión con el agente. Usando fallback.
[2026-08-12 15:29:16] PASO 3: Generando audio de respuesta (TTS Premium edge-tts)...
[TTS-Premium] Sintetizando 94 caracteres con voz 'es-MX-JorgeNeural'...
[TTS-Premium] OK → Audio generado: alberth_voice_20260811_115621_response.mp3 (45 KB) | Voz: es-MX-JorgeNeural
[2026-08-12 15:29:18] TTS PREMIUM OK → Audio: /Users/digitalspace/.openclaw/workspace/voice_exchange/output/alberth_voice_20260811_115621_response.mp3 (edge-tts)
[2026-08-12 15:29:18] PASO 4: Reproduciendo respuesta...
[2026-08-12 15:29:28] --- PIPELINE COMPLETADO ---
[2026-08-12 15:29:29] --- PIPELINE INICIADO (AUDIO): alberth_voice_20260811_115711.wav ---
[2026-08-12 15:29:29] PASO 1: Transcribiendo audio con Groq Whisper (Cloud)...
[2026-08-12 15:29:44] STT CLOUD OK → Transcripción: A Mina afectó más que a Mina. Ella, la verdad es que le va a tener un desapegado con un nuevo gatito. Pero yo también le digo que me da como si tuviese presión de la mujer.
[2026-08-12 15:29:44] FILTRO: Transcripción válida → 'A Mina afectó más que a Mina. Ella, la verdad es que le va a tener un desapegado con un nuevo gatito. Pero yo también le digo que me da como si tuviese presión de la mujer.'
[2026-08-12 15:29:45] PASO 1.5: Consultando Tálamo para clasificación semántica...
[Tálamo] Ollama OK → FINANCE_TICKER
[2026-08-12 15:29:54] Tálamo → Tipo: FINANCE_TICKER
[2026-08-12 15:29:54] Tálamo → Enrutando a FINANCE HELPER...
[2026-08-12 15:29:56] FINANCE OK → 📉 **Bitcoin** (Crypto)
  Precio: $63,452.00
  Cambio 24h: -0.22%
  Market Cap: $1,273,342,426,101
[TTS-Premium] Sintetizando 97 caracteres con voz 'es-MX-JorgeNeural'...
[TTS-Premium] OK → Audio generado: alberth_voice_20260811_115711_response.mp3 (140 KB) | Voz: es-MX-JorgeNeural
[2026-08-12 15:30:01] --- PIPELINE COMPLETADO (FINANCE) ---
[2026-08-12 15:30:02] --- PIPELINE INICIADO (AUDIO): alberth_voice_20260811_115736.wav ---
[2026-08-12 15:30:02] PASO 1: Transcribiendo audio con Groq Whisper (Cloud)...
[2026-08-12 15:30:20] STT CLOUD OK → Transcripción: Transcribe the audio.
[2026-08-12 15:30:20] FILTRO: Transcripción válida → 'Transcribe the audio.'
[2026-08-12 15:30:21] PASO 1.5: Consultando Tálamo para clasificación semántica...
[Tálamo] Ollama OK → GENERAL_TALK
[2026-08-12 15:30:27] Tálamo → Tipo: GENERAL_TALK
[2026-08-12 15:30:27] PASO 2: Consultando al Agente Alberth...
[2026-08-12 15:30:28] Recuperando contexto de memoria persistente...
[2026-08-12 15:30:28] Memoria OK → Contexto recuperado (300 chars)
[2026-08-12 15:30:43] ERROR: Falló conexión con el agente. Usando fallback.
[2026-08-12 15:30:43] PASO 3: Generando audio de respuesta (TTS Premium edge-tts)...
[TTS-Premium] Sintetizando 94 caracteres con voz 'es-MX-JorgeNeural'...
[TTS-Premium] OK → Audio generado: alberth_voice_20260811_115736_response.mp3 (45 KB) | Voz: es-MX-JorgeNeural
[2026-08-12 15:30:48] TTS PREMIUM OK → Audio: /Users/digitalspace/.openclaw/workspace/voice_exchange/output/alberth_voice_20260811_115736_response.mp3 (edge-tts)
[2026-08-12 15:30:48] PASO 4: Reproduciendo respuesta...
[2026-08-12 15:30:59] --- PIPELINE COMPLETADO ---
[2026-08-12 15:30:59] --- PIPELINE INICIADO (AUDIO): alberth_voice_20260811_115821.wav ---
[2026-08-12 15:30:59] PASO 1: Transcribiendo audio con Groq Whisper (Cloud)...
[2026-08-12 15:31:15] STT CLOUD OK → Transcripción: Tres que terminé de la que llegaba de mamá desde el punto de vista de la vida. Y eso es hermoso, son lugar a ser peligroso. Pero madre, al no tener ninguna tradición en el corazón tan grande, al como a lo mejor lo que me dio mamá, es salir a mamá a su nivel de la divinidad del amor y a la que espera de amor. Por eso sirven mucho los que dicen que son hombres. Aunque tengas un estado completamente contrario a mí, desde tu mamá, te dice lo que va a tener tu mamá, pero decirte lo que tú necesitas para ti, What is the name of the Lord?
[2026-08-12 15:31:16] FILTRO: Transcripción válida → 'Tres que terminé de la que llegaba de mamá desde el punto de vista de la vida. Y eso es hermoso, son lugar a ser peligroso. Pero madre, al no tener ninguna tradición en el corazón tan grande, al como a lo mejor lo que me dio mamá, es salir a mamá a su nivel de la divinidad del amor y a la que espera de amor. Por eso sirven mucho los que dicen que son hombres. Aunque tengas un estado completamente contrario a mí, desde tu mamá, te dice lo que va a tener tu mamá, pero decirte lo que tú necesitas para ti, What is the name of the Lord?'
[2026-08-12 15:31:16] PASO 1.5: Consultando Tálamo para clasificación semántica...
[Tálamo] Ollama OK → GENERAL_TALK
[2026-08-12 15:31:27] Tálamo → Tipo: GENERAL_TALK
[2026-08-12 15:31:27] PASO 2: Consultando al Agente Alberth...
[2026-08-12 15:31:27] Recuperando contexto de memoria persistente...
[2026-08-12 15:31:28] Memoria OK → Contexto recuperado (300 chars)
[2026-08-12 15:31:45] ERROR: Falló conexión con el agente. Usando fallback.
[2026-08-12 15:31:45] PASO 3: Generando audio de respuesta (TTS Premium edge-tts)...
[TTS-Premium] Sintetizando 94 caracteres con voz 'es-MX-JorgeNeural'...
[TTS-Premium] OK → Audio generado: alberth_voice_20260811_115821_response.mp3 (45 KB) | Voz: es-MX-JorgeNeural
[2026-08-12 15:31:48] TTS PREMIUM OK → Audio: /Users/digitalspace/.openclaw/workspace/voice_exchange/output/alberth_voice_20260811_115821_response.mp3 (edge-tts)
[2026-08-12 15:31:48] PASO 4: Reproduciendo respuesta...
[2026-08-12 15:31:58] --- PIPELINE COMPLETADO ---
[2026-08-12 15:31:58] --- PIPELINE INICIADO (AUDIO): alberth_voice_20260811_115826.wav ---
[2026-08-12 15:31:58] PASO 1: Transcribiendo audio con Groq Whisper (Cloud)...
[2026-08-12 15:32:14] STT CLOUD OK → Transcripción: No hay falta de nada.
[2026-08-12 15:32:14] FILTRO: Transcripción válida → 'No hay falta de nada.'
[2026-08-12 15:32:15] PASO 1.5: Consultando Tálamo para clasificación semántica...
[Tálamo] Ollama OK → GENERAL_TALK
[2026-08-12 15:32:19] Tálamo → Tipo: GENERAL_TALK
[2026-08-12 15:32:20] PASO 2: Consultando al Agente Alberth...
[2026-08-12 15:32:20] Recuperando contexto de memoria persistente...
[2026-08-12 15:32:20] Memoria OK → Contexto recuperado (300 chars)
[2026-08-12 15:32:36] ERROR: Falló conexión con el agente. Usando fallback.
[2026-08-12 15:32:36] PASO 3: Generando audio de respuesta (TTS Premium edge-tts)...
[TTS-Premium] Sintetizando 94 caracteres con voz 'es-MX-JorgeNeural'...
[TTS-Premium] OK → Audio generado: alberth_voice_20260811_115826_response.mp3 (45 KB) | Voz: es-MX-JorgeNeural
[2026-08-12 15:32:39] TTS PREMIUM OK → Audio: /Users/digitalspace/.openclaw/workspace/voice_exchange/output/alberth_voice_20260811_115826_response.mp3 (edge-tts)
[2026-08-12 15:32:39] PASO 4: Reproduciendo respuesta...
[2026-08-12 15:32:50] --- PIPELINE COMPLETADO ---
[2026-08-12 15:32:50] --- PIPELINE INICIADO (AUDIO): alberth_voice_20260811_115900.wav ---
[2026-08-12 15:32:50] PASO 1: Transcribiendo audio con Groq Whisper (Cloud)...
[2026-08-12 15:33:06] STT CLOUD OK → Transcripción: I'm sorry.
[2026-08-12 15:33:06] FILTRO: Transcripción válida → 'I'm sorry.'
[2026-08-12 15:33:07] PASO 1.5: Consultando Tálamo para clasificación semántica...
[Tálamo] Ollama OK → GENERAL_TALK
[2026-08-12 15:33:12] Tálamo → Tipo: GENERAL_TALK
[2026-08-12 15:33:12] PASO 2: Consultando al Agente Alberth...
[2026-08-12 15:33:12] Recuperando contexto de memoria persistente...
[2026-08-12 15:33:13] Memoria OK → Contexto recuperado (300 chars)
[2026-08-12 15:33:31] ERROR: Falló conexión con el agente. Usando fallback.
[2026-08-12 15:33:31] PASO 3: Generando audio de respuesta (TTS Premium edge-tts)...
[TTS-Premium] Sintetizando 94 caracteres con voz 'es-MX-JorgeNeural'...
[TTS-Premium] OK → Audio generado: alberth_voice_20260811_115900_response.mp3 (45 KB) | Voz: es-MX-JorgeNeural
[2026-08-12 15:33:35] TTS PREMIUM OK → Audio: /Users/digitalspace/.openclaw/workspace/voice_exchange/output/alberth_voice_20260811_115900_response.mp3 (edge-tts)
[2026-08-12 15:33:35] PASO 4: Reproduciendo respuesta...
[2026-08-12 15:33:46] --- PIPELINE COMPLETADO ---
[2026-08-12 15:33:47] --- PIPELINE INICIADO (AUDIO): alberth_voice_20260811_115953.wav ---
[2026-08-12 15:33:47] PASO 1: Transcribiendo audio con Groq Whisper (Cloud)...
[2026-08-12 15:34:00] STT CLOUD OK → Transcripción: Thank you.
[2026-08-12 15:34:00] FILTRO: Transcripción descartada por ser basura/silencio: 'Thank you.'
[2026-08-12 15:34:01] --- PIPELINE INICIADO (AUDIO): alberth_voice_20260811_120028.wav ---
[2026-08-12 15:34:01] PASO 1: Transcribiendo audio con Groq Whisper (Cloud)...
[2026-08-12 15:34:17] STT CLOUD OK → Transcripción: Lamentablemente siento que es un poco lo que todo nosotros mismos hemos dedicado con derechos toda la vida. Pero bueno, cosas son así, y siempre es así. Y pues tengo que aprender también ahora, con algo más de vida, tendrá que ser que aceptar. Es cierto que también no me acaba de aceptar. Pero su camino es increíble como todo en mi trabajo, y en mi historia es así. Entonces, por estar aquí, y es una de las que me quieren dar, Thank you.
[2026-08-12 15:34:17] FILTRO: Transcripción válida → 'Lamentablemente siento que es un poco lo que todo nosotros mismos hemos dedicado con derechos toda la vida. Pero bueno, cosas son así, y siempre es así. Y pues tengo que aprender también ahora, con algo más de vida, tendrá que ser que aceptar. Es cierto que también no me acaba de aceptar. Pero su camino es increíble como todo en mi trabajo, y en mi historia es así. Entonces, por estar aquí, y es una de las que me quieren dar, Thank you.'
[2026-08-12 15:34:18] PASO 1.5: Consultando Tálamo para clasificación semántica...
[Tálamo] Ollama OK → GENERAL_TALK
[2026-08-12 15:34:27] Tálamo → Tipo: GENERAL_TALK
[2026-08-12 15:34:28] PASO 2: Consultando al Agente Alberth...
[2026-08-12 15:34:28] Recuperando contexto de memoria persistente...
[2026-08-12 15:34:29] Memoria OK → Contexto recuperado (300 chars)
[2026-08-12 15:34:46] ERROR: Falló conexión con el agente. Usando fallback.
[2026-08-12 15:34:47] PASO 3: Generando audio de respuesta (TTS Premium edge-tts)...
[TTS-Premium] Sintetizando 94 caracteres con voz 'es-MX-JorgeNeural'...
[TTS-Premium] OK → Audio generado: alberth_voice_20260811_120028_response.mp3 (45 KB) | Voz: es-MX-JorgeNeural
[2026-08-12 15:34:51] TTS PREMIUM OK → Audio: /Users/digitalspace/.openclaw/workspace/voice_exchange/output/alberth_voice_20260811_120028_response.mp3 (edge-tts)
[2026-08-12 15:34:51] PASO 4: Reproduciendo respuesta...
[2026-08-12 15:35:01] --- PIPELINE COMPLETADO ---
[2026-08-12 15:35:01] --- PIPELINE INICIADO (AUDIO): alberth_voice_20260811_121824.wav ---
[2026-08-12 15:35:02] PASO 1: Transcribiendo audio con Groq Whisper (Cloud)...
[2026-08-12 15:35:23] STT CLOUD OK → Transcripción: No se me quiera que quale a quale a quale. Si, estoy esperando que no se me haya hecho sentido.
[2026-08-12 15:35:23] FILTRO: Transcripción válida → 'No se me quiera que quale a quale a quale. Si, estoy esperando que no se me haya hecho sentido.'
[2026-08-12 15:35:24] PASO 1.5: Consultando Tálamo para clasificación semántica...
[Tálamo] Ollama OK → GENERAL_TALK
[2026-08-12 15:35:29] Tálamo → Tipo: GENERAL_TALK
[2026-08-12 15:35:29] PASO 2: Consultando al Agente Alberth...
[2026-08-12 15:35:30] Recuperando contexto de memoria persistente...
[2026-08-12 15:35:30] Memoria OK → Contexto recuperado (300 chars)
[2026-08-12 15:35:54] ERROR: Falló conexión con el agente. Usando fallback.
[2026-08-12 15:35:55] PASO 3: Generando audio de respuesta (TTS Premium edge-tts)...
[TTS-Premium] Sintetizando 94 caracteres con voz 'es-MX-JorgeNeural'...
[TTS-Premium] OK → Audio generado: alberth_voice_20260811_121824_response.mp3 (45 KB) | Voz: es-MX-JorgeNeural
[2026-08-12 15:35:57] TTS PREMIUM OK → Audio: /Users/digitalspace/.openclaw/workspace/voice_exchange/output/alberth_voice_20260811_121824_response.mp3 (edge-tts)
[2026-08-12 15:35:57] PASO 4: Reproduciendo respuesta...
[2026-08-12 15:36:07] --- PIPELINE COMPLETADO ---
[2026-08-12 15:36:08] --- PIPELINE INICIADO (AUDIO): alberth_voice_20260811_121932.wav ---
[2026-08-12 15:36:08] PASO 1: Transcribiendo audio con Groq Whisper (Cloud)...
[2026-08-12 15:36:25] STT CLOUD OK → Transcripción: It's the same thing. I'm not sure. Because I'm not sure. Because I'm not sure. I'm not sure.
[2026-08-12 15:36:25] FILTRO: Transcripción válida → 'It's the same thing. I'm not sure. Because I'm not sure. Because I'm not sure. I'm not sure.'
[2026-08-12 15:36:26] PASO 1.5: Consultando Tálamo para clasificación semántica...
[Tálamo] Ollama OK → GENERAL_TALK
[2026-08-12 15:36:31] Tálamo → Tipo: GENERAL_TALK
[2026-08-12 15:36:31] PASO 2: Consultando al Agente Alberth...
[2026-08-12 15:36:31] Recuperando contexto de memoria persistente...
[2026-08-12 15:36:32] Memoria OK → Contexto recuperado (300 chars)
[2026-08-12 15:36:51] ERROR: Falló conexión con el agente. Usando fallback.
[2026-08-12 15:36:51] PASO 3: Generando audio de respuesta (TTS Premium edge-tts)...
[TTS-Premium] Sintetizando 94 caracteres con voz 'es-MX-JorgeNeural'...
[TTS-Premium] OK → Audio generado: alberth_voice_20260811_121932_response.mp3 (45 KB) | Voz: es-MX-JorgeNeural
[2026-08-12 15:36:56] TTS PREMIUM OK → Audio: /Users/digitalspace/.openclaw/workspace/voice_exchange/output/alberth_voice_20260811_121932_response.mp3 (edge-tts)
[2026-08-12 15:36:56] PASO 4: Reproduciendo respuesta...
[2026-08-12 15:37:06] --- PIPELINE COMPLETADO ---
[2026-08-12 15:37:06] --- PIPELINE INICIADO (AUDIO): alberth_voice_20260811_121939.wav ---
[2026-08-12 15:37:06] PASO 1: Transcribiendo audio con Groq Whisper (Cloud)...
[2026-08-12 15:37:22] STT CLOUD OK → Transcripción: So,
[2026-08-12 15:37:22] FILTRO: Transcripción descartada por ser basura/silencio: 'So,'
[2026-08-12 15:37:23] --- PIPELINE INICIADO (AUDIO): alberth_voice_20260811_121946.wav ---
[2026-08-12 15:37:23] PASO 1: Transcribiendo audio con Groq Whisper (Cloud)...
[2026-08-12 15:37:39] STT CLOUD OK → Transcripción: Yeah.
[2026-08-12 15:37:39] FILTRO: Transcripción descartada por ser basura/silencio: 'Yeah.'
[2026-08-12 15:37:39] --- PIPELINE INICIADO (AUDIO): alberth_voice_20260811_122017.wav ---
[2026-08-12 15:37:39] PASO 1: Transcribiendo audio con Groq Whisper (Cloud)...
[2026-08-12 15:37:54] STT CLOUD OK → Transcripción: Thank you.
[2026-08-12 15:37:54] FILTRO: Transcripción descartada por ser basura/silencio: 'Thank you.'
[2026-08-12 15:37:55] --- PIPELINE INICIADO (AUDIO): alberth_voice_20260811_122022.wav ---
[2026-08-12 15:37:55] PASO 1: Transcribiendo audio con Groq Whisper (Cloud)...
[2026-08-12 15:38:13] STT CLOUD OK → Transcripción: Someone gave it to you.
[2026-08-12 15:38:13] FILTRO: Transcripción válida → 'Someone gave it to you.'
[2026-08-12 15:38:14] PASO 1.5: Consultando Tálamo para clasificación semántica...
[Tálamo] Ollama OK → GENERAL_TALK
[2026-08-12 15:38:19] Tálamo → Tipo: GENERAL_TALK
[2026-08-12 15:38:19] PASO 2: Consultando al Agente Alberth...
[2026-08-12 15:38:19] Recuperando contexto de memoria persistente...
[2026-08-12 15:38:20] Memoria OK → Contexto recuperado (300 chars)
[2026-08-12 15:38:40] ERROR: Falló conexión con el agente. Usando fallback.
[2026-08-12 15:38:40] PASO 3: Generando audio de respuesta (TTS Premium edge-tts)...
[TTS-Premium] Sintetizando 94 caracteres con voz 'es-MX-JorgeNeural'...
[TTS-Premium] OK → Audio generado: alberth_voice_20260811_122022_response.mp3 (45 KB) | Voz: es-MX-JorgeNeural
[2026-08-12 15:38:44] TTS PREMIUM OK → Audio: /Users/digitalspace/.openclaw/workspace/voice_exchange/output/alberth_voice_20260811_122022_response.mp3 (edge-tts)
[2026-08-12 15:38:44] PASO 4: Reproduciendo respuesta...
[2026-08-12 15:38:55] --- PIPELINE COMPLETADO ---
[2026-08-12 15:38:55] --- PIPELINE INICIADO (AUDIO): alberth_voice_20260811_122053.wav ---
[2026-08-12 15:38:55] PASO 1: Transcribiendo audio con Groq Whisper (Cloud)...
[2026-08-12 15:39:10] STT CLOUD OK → Transcripción: So, let me know.
[2026-08-12 15:39:10] FILTRO: Transcripción válida → 'So, let me know.'
[2026-08-12 15:39:11] PASO 1.5: Consultando Tálamo para clasificación semántica...
[Tálamo] Ollama OK → GENERAL_TALK
[2026-08-12 15:39:15] Tálamo → Tipo: GENERAL_TALK
[2026-08-12 15:39:15] PASO 2: Consultando al Agente Alberth...
[2026-08-12 15:39:15] Recuperando contexto de memoria persistente...
[2026-08-12 15:39:16] Memoria OK → Contexto recuperado (300 chars)
[2026-08-12 15:39:29] ERROR: Falló conexión con el agente. Usando fallback.
[2026-08-12 15:39:29] PASO 3: Generando audio de respuesta (TTS Premium edge-tts)...
[TTS-Premium] Sintetizando 94 caracteres con voz 'es-MX-JorgeNeural'...
[TTS-Premium] OK → Audio generado: alberth_voice_20260811_122053_response.mp3 (45 KB) | Voz: es-MX-JorgeNeural
[2026-08-12 15:39:31] TTS PREMIUM OK → Audio: /Users/digitalspace/.openclaw/workspace/voice_exchange/output/alberth_voice_20260811_122053_response.mp3 (edge-tts)
[2026-08-12 15:39:31] PASO 4: Reproduciendo respuesta...
[2026-08-12 15:39:42] --- PIPELINE COMPLETADO ---
[2026-08-12 15:39:42] --- PIPELINE INICIADO (AUDIO): alberth_voice_20260811_122117.wav ---
[2026-08-12 15:39:42] PASO 1: Transcribiendo audio con Groq Whisper (Cloud)...
[2026-08-12 15:39:58] STT CLOUD OK → Transcripción: Frente de terminal.
[2026-08-12 15:39:58] FILTRO: Transcripción válida → 'Frente de terminal.'
[2026-08-12 15:39:59] PASO 1.5: Consultando Tálamo para clasificación semántica...
[Tálamo] Ollama OK → GENERAL_TALK
[2026-08-12 15:40:04] Tálamo → Tipo: GENERAL_TALK
[2026-08-12 15:40:04] PASO 2: Consultando al Agente Alberth...
[2026-08-12 15:40:04] Recuperando contexto de memoria persistente...
[2026-08-12 15:40:05] Memoria OK → Contexto recuperado (300 chars)
[2026-08-12 15:40:24] ERROR: Falló conexión con el agente. Usando fallback.
[2026-08-12 15:40:25] PASO 3: Generando audio de respuesta (TTS Premium edge-tts)...
[TTS-Premium] Sintetizando 94 caracteres con voz 'es-MX-JorgeNeural'...
[TTS-Premium] OK → Audio generado: alberth_voice_20260811_122117_response.mp3 (45 KB) | Voz: es-MX-JorgeNeural
[2026-08-12 15:40:28] TTS PREMIUM OK → Audio: /Users/digitalspace/.openclaw/workspace/voice_exchange/output/alberth_voice_20260811_122117_response.mp3 (edge-tts)
[2026-08-12 15:40:28] PASO 4: Reproduciendo respuesta...
[2026-08-12 15:40:38] --- PIPELINE COMPLETADO ---
[2026-08-12 15:40:38] --- PIPELINE INICIADO (AUDIO): alberth_voice_20260811_122305.wav ---
[2026-08-12 15:40:39] PASO 1: Transcribiendo audio con Groq Whisper (Cloud)...
[2026-08-12 15:40:50] STT CLOUD OK → Transcripción: Claro, que le termina bien la computadora.
[2026-08-12 15:40:50] FILTRO: Transcripción válida → 'Claro, que le termina bien la computadora.'
[2026-08-12 15:40:51] PASO 1.5: Consultando Tálamo para clasificación semántica...
[Tálamo] Ollama OK → GENERAL_TALK
[2026-08-12 15:40:55] Tálamo → Tipo: GENERAL_TALK
[2026-08-12 15:40:55] PASO 2: Consultando al Agente Alberth...
[2026-08-12 15:40:55] Recuperando contexto de memoria persistente...
[2026-08-12 15:40:56] Memoria OK → Contexto recuperado (300 chars)
[2026-08-12 15:41:09] ERROR: Falló conexión con el agente. Usando fallback.
[2026-08-12 15:41:09] PASO 3: Generando audio de respuesta (TTS Premium edge-tts)...
[TTS-Premium] Sintetizando 94 caracteres con voz 'es-MX-JorgeNeural'...
[TTS-Premium] OK → Audio generado: alberth_voice_20260811_122305_response.mp3 (45 KB) | Voz: es-MX-JorgeNeural
[2026-08-12 15:41:12] TTS PREMIUM OK → Audio: /Users/digitalspace/.openclaw/workspace/voice_exchange/output/alberth_voice_20260811_122305_response.mp3 (edge-tts)
[2026-08-12 15:41:13] PASO 4: Reproduciendo respuesta...
[2026-08-12 15:41:23] --- PIPELINE COMPLETADO ---
[2026-08-12 15:41:23] --- PIPELINE INICIADO (AUDIO): alberth_voice_20260811_122408.wav ---
[2026-08-12 15:41:23] PASO 1: Transcribiendo audio con Groq Whisper (Cloud)...
[2026-08-12 15:41:35] STT CLOUD OK → Transcripción: Thank you.
[2026-08-12 15:41:35] FILTRO: Transcripción descartada por ser basura/silencio: 'Thank you.'
[2026-08-12 15:41:35] --- PIPELINE INICIADO (AUDIO): alberth_voice_20260811_122414.wav ---
[2026-08-12 15:41:35] PASO 1: Transcribiendo audio con Groq Whisper (Cloud)...
[2026-08-12 15:41:46] STT CLOUD OK → Transcripción: Thank you.
[2026-08-12 15:41:46] FILTRO: Transcripción descartada por ser basura/silencio: 'Thank you.'
[2026-08-12 15:41:46] --- PIPELINE INICIADO (AUDIO): alberth_voice_20260811_122440.wav ---
[2026-08-12 15:41:46] PASO 1: Transcribiendo audio con Groq Whisper (Cloud)...
[2026-08-12 15:41:58] STT CLOUD OK → Transcripción: Porque ya el de... porque yo hablaba del terminal y ya el del terminal ya no estaba. Y nos fuimos ahí a Samar y me fuimos con Tomás.
[2026-08-12 15:41:58] FILTRO: Transcripción válida → 'Porque ya el de... porque yo hablaba del terminal y ya el del terminal ya no estaba. Y nos fuimos ahí a Samar y me fuimos con Tomás.'
[2026-08-12 15:41:58] PASO 1.5: Consultando Tálamo para clasificación semántica...
[Tálamo] Ollama OK → GENERAL_TALK
[2026-08-12 15:42:03] Tálamo → Tipo: GENERAL_TALK
[2026-08-12 15:42:03] PASO 2: Consultando al Agente Alberth...
[2026-08-12 15:42:03] Recuperando contexto de memoria persistente...
[2026-08-12 15:42:04] Memoria OK → Contexto recuperado (300 chars)
[2026-08-12 15:42:18] ERROR: Falló conexión con el agente. Usando fallback.
[2026-08-12 15:42:19] PASO 3: Generando audio de respuesta (TTS Premium edge-tts)...
[TTS-Premium] Sintetizando 94 caracteres con voz 'es-MX-JorgeNeural'...
[TTS-Premium] OK → Audio generado: alberth_voice_20260811_122440_response.mp3 (45 KB) | Voz: es-MX-JorgeNeural
[2026-08-12 15:42:21] TTS PREMIUM OK → Audio: /Users/digitalspace/.openclaw/workspace/voice_exchange/output/alberth_voice_20260811_122440_response.mp3 (edge-tts)
[2026-08-12 15:42:21] PASO 4: Reproduciendo respuesta...
[2026-08-12 15:42:31] --- PIPELINE COMPLETADO ---
[2026-08-12 15:42:32] --- PIPELINE INICIADO (AUDIO): alberth_voice_20260811_122450.wav ---
[2026-08-12 15:42:32] PASO 1: Transcribiendo audio con Groq Whisper (Cloud)...
[2026-08-12 15:42:42] STT CLOUD OK → Transcripción: Thank you.
[2026-08-12 15:42:43] FILTRO: Transcripción descartada por ser basura/silencio: 'Thank you.'
[2026-08-12 15:42:43] --- PIPELINE INICIADO (AUDIO): alberth_voice_20260811_122453.wav ---
[2026-08-12 15:42:43] PASO 1: Transcribiendo audio con Groq Whisper (Cloud)...
[2026-08-12 15:42:55] STT CLOUD OK → Transcripción: I'm not a good parent, yeah?
[2026-08-12 15:42:55] FILTRO: Transcripción válida → 'I'm not a good parent, yeah?'
[2026-08-12 15:42:55] PASO 1.5: Consultando Tálamo para clasificación semántica...
[Tálamo] Ollama OK → GENERAL_TALK
[2026-08-12 15:42:59] Tálamo → Tipo: GENERAL_TALK
[2026-08-12 15:43:00] PASO 2: Consultando al Agente Alberth...
[2026-08-12 15:43:00] Recuperando contexto de memoria persistente...
[2026-08-12 15:43:00] Memoria OK → Contexto recuperado (300 chars)
[2026-08-12 15:43:13] ERROR: Falló conexión con el agente. Usando fallback.
[2026-08-12 15:43:13] PASO 3: Generando audio de respuesta (TTS Premium edge-tts)...
[TTS-Premium] Sintetizando 94 caracteres con voz 'es-MX-JorgeNeural'...
[TTS-Premium] OK → Audio generado: alberth_voice_20260811_122453_response.mp3 (45 KB) | Voz: es-MX-JorgeNeural
[2026-08-12 15:43:16] TTS PREMIUM OK → Audio: /Users/digitalspace/.openclaw/workspace/voice_exchange/output/alberth_voice_20260811_122453_response.mp3 (edge-tts)
[2026-08-12 15:43:16] PASO 4: Reproduciendo respuesta...
[2026-08-12 15:43:26] --- PIPELINE COMPLETADO ---
[2026-08-12 15:43:26] --- PIPELINE INICIADO (AUDIO): alberth_voice_20260811_122456.wav ---
[2026-08-12 15:43:26] PASO 1: Transcribiendo audio con Groq Whisper (Cloud)...
[2026-08-12 15:43:36] STT CLOUD OK → Transcripción: All right.
[2026-08-12 15:43:36] FILTRO: Transcripción válida → 'All right.'
[2026-08-12 15:43:37] PASO 1.5: Consultando Tálamo para clasificación semántica...
[Tálamo] Ollama OK → GENERAL_TALK
[2026-08-12 15:43:41] Tálamo → Tipo: GENERAL_TALK
[2026-08-12 15:43:41] PASO 2: Consultando al Agente Alberth...
[2026-08-12 15:43:41] Recuperando contexto de memoria persistente...
[2026-08-12 15:43:41] Memoria OK → Contexto recuperado (300 chars)
[2026-08-12 15:43:55] ERROR: Falló conexión con el agente. Usando fallback.
[2026-08-12 15:43:55] PASO 3: Generando audio de respuesta (TTS Premium edge-tts)...
[TTS-Premium] Sintetizando 94 caracteres con voz 'es-MX-JorgeNeural'...
[TTS-Premium] OK → Audio generado: alberth_voice_20260811_122456_response.mp3 (45 KB) | Voz: es-MX-JorgeNeural
[2026-08-12 15:43:57] TTS PREMIUM OK → Audio: /Users/digitalspace/.openclaw/workspace/voice_exchange/output/alberth_voice_20260811_122456_response.mp3 (edge-tts)
[2026-08-12 15:43:57] PASO 4: Reproduciendo respuesta...
[2026-08-12 15:44:07] --- PIPELINE COMPLETADO ---
[2026-08-12 15:44:08] --- PIPELINE INICIADO (AUDIO): alberth_voice_20260811_122503.wav ---
[2026-08-12 15:44:08] PASO 1: Transcribiendo audio con Groq Whisper (Cloud)...
[2026-08-12 15:44:19] STT CLOUD OK → Transcripción: Transcribe the audio.
[2026-08-12 15:44:19] FILTRO: Transcripción válida → 'Transcribe the audio.'
[2026-08-12 15:44:20] PASO 1.5: Consultando Tálamo para clasificación semántica...
[Tálamo] Ollama OK → GENERAL_TALK
[2026-08-12 15:44:24] Tálamo → Tipo: GENERAL_TALK
[2026-08-12 15:44:24] PASO 2: Consultando al Agente Alberth...
[2026-08-12 15:44:24] Recuperando contexto de memoria persistente...
[2026-08-12 15:44:25] Memoria OK → Contexto recuperado (300 chars)
[2026-08-12 15:44:38] ERROR: Falló conexión con el agente. Usando fallback.
[2026-08-12 15:44:38] PASO 3: Generando audio de respuesta (TTS Premium edge-tts)...
[TTS-Premium] Sintetizando 94 caracteres con voz 'es-MX-JorgeNeural'...
[TTS-Premium] OK → Audio generado: alberth_voice_20260811_122503_response.mp3 (45 KB) | Voz: es-MX-JorgeNeural
[2026-08-12 15:44:41] TTS PREMIUM OK → Audio: /Users/digitalspace/.openclaw/workspace/voice_exchange/output/alberth_voice_20260811_122503_response.mp3 (edge-tts)
[2026-08-12 15:44:41] PASO 4: Reproduciendo respuesta...
[2026-08-12 15:44:51] --- PIPELINE COMPLETADO ---
[2026-08-12 15:44:51] --- PIPELINE INICIADO (AUDIO): alberth_voice_20260811_122509.wav ---
[2026-08-12 15:44:51] PASO 1: Transcribiendo audio con Groq Whisper (Cloud)...
[2026-08-12 15:45:01] STT CLOUD OK → Transcripción: Transcribe the audio.
[2026-08-12 15:45:02] FILTRO: Transcripción válida → 'Transcribe the audio.'
[2026-08-12 15:45:02] PASO 1.5: Consultando Tálamo para clasificación semántica...
[Tálamo] Ollama OK → GENERAL_TALK
[2026-08-12 15:45:08] Tálamo → Tipo: GENERAL_TALK
[2026-08-12 15:45:08] PASO 2: Consultando al Agente Alberth...
[2026-08-12 15:45:08] Recuperando contexto de memoria persistente...
[2026-08-12 15:45:08] Memoria OK → Contexto recuperado (300 chars)
[2026-08-12 15:45:23] ERROR: Falló conexión con el agente. Usando fallback.
[2026-08-12 15:45:23] PASO 3: Generando audio de respuesta (TTS Premium edge-tts)...
[TTS-Premium] Sintetizando 94 caracteres con voz 'es-MX-JorgeNeural'...
[TTS-Premium] OK → Audio generado: alberth_voice_20260811_122509_response.mp3 (45 KB) | Voz: es-MX-JorgeNeural
[2026-08-12 15:45:25] TTS PREMIUM OK → Audio: /Users/digitalspace/.openclaw/workspace/voice_exchange/output/alberth_voice_20260811_122509_response.mp3 (edge-tts)
[2026-08-12 15:45:25] PASO 4: Reproduciendo respuesta...
[2026-08-12 15:45:35] --- PIPELINE COMPLETADO ---
[2026-08-12 15:45:35] --- PIPELINE INICIADO (AUDIO): alberth_voice_20260811_122513.wav ---
[2026-08-12 15:45:36] PASO 1: Transcribiendo audio con Groq Whisper (Cloud)...
[2026-08-12 15:45:47] STT CLOUD OK → Transcripción: It's on the final part.
[2026-08-12 15:45:47] FILTRO: Transcripción válida → 'It's on the final part.'
[2026-08-12 15:45:48] PASO 1.5: Consultando Tálamo para clasificación semántica...
[Tálamo] Ollama OK → GENERAL_TALK
[2026-08-12 15:45:52] Tálamo → Tipo: GENERAL_TALK
[2026-08-12 15:45:52] PASO 2: Consultando al Agente Alberth...
[2026-08-12 15:45:53] Recuperando contexto de memoria persistente...
[2026-08-12 15:45:53] Memoria OK → Contexto recuperado (300 chars)
[2026-08-12 15:46:07] ERROR: Falló conexión con el agente. Usando fallback.
[2026-08-12 15:46:07] PASO 3: Generando audio de respuesta (TTS Premium edge-tts)...
[TTS-Premium] Sintetizando 94 caracteres con voz 'es-MX-JorgeNeural'...
[TTS-Premium] OK → Audio generado: alberth_voice_20260811_122513_response.mp3 (45 KB) | Voz: es-MX-JorgeNeural
[2026-08-12 15:46:11] TTS PREMIUM OK → Audio: /Users/digitalspace/.openclaw/workspace/voice_exchange/output/alberth_voice_20260811_122513_response.mp3 (edge-tts)
[2026-08-12 15:46:11] PASO 4: Reproduciendo respuesta...
[2026-08-12 15:46:21] --- PIPELINE COMPLETADO ---
[2026-08-12 15:46:21] --- PIPELINE INICIADO (AUDIO): alberth_voice_20260811_122516.wav ---
[2026-08-12 15:46:21] PASO 1: Transcribiendo audio con Groq Whisper (Cloud)...
[2026-08-12 15:46:31] STT CLOUD OK → Transcripción: Thank you.
[2026-08-12 15:46:31] FILTRO: Transcripción descartada por ser basura/silencio: 'Thank you.'
[2026-08-12 15:46:31] --- PIPELINE INICIADO (AUDIO): alberth_voice_20260811_122525.wav ---
[2026-08-12 15:46:31] PASO 1: Transcribiendo audio con Groq Whisper (Cloud)...
[2026-08-12 15:46:41] STT CLOUD OK → Transcripción: Transcribe the audio.
[2026-08-12 15:46:41] FILTRO: Transcripción válida → 'Transcribe the audio.'
[2026-08-12 15:46:42] PASO 1.5: Consultando Tálamo para clasificación semántica...
[Tálamo] Ollama OK → GENERAL_TALK
[2026-08-12 15:46:46] Tálamo → Tipo: GENERAL_TALK
[2026-08-12 15:46:46] PASO 2: Consultando al Agente Alberth...
[2026-08-12 15:46:46] Recuperando contexto de memoria persistente...
[2026-08-12 15:46:47] Memoria OK → Contexto recuperado (300 chars)
[2026-08-12 15:47:00] ERROR: Falló conexión con el agente. Usando fallback.
[2026-08-12 15:47:00] PASO 3: Generando audio de respuesta (TTS Premium edge-tts)...
[TTS-Premium] Sintetizando 94 caracteres con voz 'es-MX-JorgeNeural'...
[TTS-Premium] OK → Audio generado: alberth_voice_20260811_122525_response.mp3 (45 KB) | Voz: es-MX-JorgeNeural
[2026-08-12 15:47:03] TTS PREMIUM OK → Audio: /Users/digitalspace/.openclaw/workspace/voice_exchange/output/alberth_voice_20260811_122525_response.mp3 (edge-tts)
[2026-08-12 15:47:03] PASO 4: Reproduciendo respuesta...
[2026-08-12 15:47:13] --- PIPELINE COMPLETADO ---
[2026-08-12 15:47:13] --- PIPELINE INICIADO (AUDIO): alberth_voice_20260811_122554.wav ---
[2026-08-12 15:47:13] PASO 1: Transcribiendo audio con Groq Whisper (Cloud)...
[2026-08-12 15:47:24] STT CLOUD OK → Transcripción: Thank you.
[2026-08-12 15:47:24] FILTRO: Transcripción descartada por ser basura/silencio: 'Thank you.'
[2026-08-12 15:47:24] --- PIPELINE INICIADO (AUDIO): alberth_voice_20260811_122603.wav ---
[2026-08-12 15:47:25] PASO 1: Transcribiendo audio con Groq Whisper (Cloud)...
[2026-08-12 15:47:35] STT CLOUD OK → Transcripción: Oh, yeah.
[2026-08-12 15:47:35] FILTRO: Transcripción válida → 'Oh, yeah.'
[2026-08-12 15:47:36] PASO 1.5: Consultando Tálamo para clasificación semántica...
[Tálamo] Ollama OK → GENERAL_TALK
[2026-08-12 15:47:40] Tálamo → Tipo: GENERAL_TALK
[2026-08-12 15:47:40] PASO 2: Consultando al Agente Alberth...
[2026-08-12 15:47:40] Recuperando contexto de memoria persistente...
[2026-08-12 15:47:41] Memoria OK → Contexto recuperado (300 chars)
[2026-08-12 15:47:54] ERROR: Falló conexión con el agente. Usando fallback.
[2026-08-12 15:47:54] PASO 3: Generando audio de respuesta (TTS Premium edge-tts)...
[TTS-Premium] Sintetizando 94 caracteres con voz 'es-MX-JorgeNeural'...
[TTS-Premium] OK → Audio generado: alberth_voice_20260811_122603_response.mp3 (45 KB) | Voz: es-MX-JorgeNeural
[2026-08-12 15:47:59] TTS PREMIUM OK → Audio: /Users/digitalspace/.openclaw/workspace/voice_exchange/output/alberth_voice_20260811_122603_response.mp3 (edge-tts)
[2026-08-12 15:47:59] PASO 4: Reproduciendo respuesta...
[2026-08-12 15:48:09] --- PIPELINE COMPLETADO ---
[2026-08-12 15:48:10] --- PIPELINE INICIADO (AUDIO): alberth_voice_20260811_122610.wav ---
[2026-08-12 15:48:10] PASO 1: Transcribiendo audio con Groq Whisper (Cloud)...
[2026-08-12 15:48:22] STT CLOUD OK → Transcripción: The last thing you can do is to take the audio.
[2026-08-12 15:48:22] FILTRO: Transcripción válida → 'The last thing you can do is to take the audio.'
[2026-08-12 15:48:22] PASO 1.5: Consultando Tálamo para clasificación semántica...
[Tálamo] Ollama OK → GENERAL_TALK
[2026-08-12 15:48:27] Tálamo → Tipo: GENERAL_TALK
[2026-08-12 15:48:27] PASO 2: Consultando al Agente Alberth...
[2026-08-12 15:48:27] Recuperando contexto de memoria persistente...
[2026-08-12 15:48:27] Memoria OK → Contexto recuperado (300 chars)
[2026-08-12 15:48:40] ERROR: Falló conexión con el agente. Usando fallback.
[2026-08-12 15:48:40] PASO 3: Generando audio de respuesta (TTS Premium edge-tts)...
[TTS-Premium] Sintetizando 94 caracteres con voz 'es-MX-JorgeNeural'...
[TTS-Premium] OK → Audio generado: alberth_voice_20260811_122610_response.mp3 (45 KB) | Voz: es-MX-JorgeNeural
[2026-08-12 15:48:43] TTS PREMIUM OK → Audio: /Users/digitalspace/.openclaw/workspace/voice_exchange/output/alberth_voice_20260811_122610_response.mp3 (edge-tts)
[2026-08-12 15:48:43] PASO 4: Reproduciendo respuesta...
[2026-08-12 15:48:53] --- PIPELINE COMPLETADO ---
[2026-08-12 15:48:53] --- PIPELINE INICIADO (AUDIO): alberth_voice_20260811_122612.wav ---
[2026-08-12 15:48:54] PASO 1: Transcribiendo audio con Groq Whisper (Cloud)...
[2026-08-12 15:49:03] STT CLOUD OK → Transcripción: Thank you.
[2026-08-12 15:49:03] FILTRO: Transcripción descartada por ser basura/silencio: 'Thank you.'
[2026-08-12 15:49:04] --- PIPELINE INICIADO (AUDIO): alberth_voice_20260811_122621.wav ---
[2026-08-12 15:49:04] PASO 1: Transcribiendo audio con Groq Whisper (Cloud)...
[2026-08-12 15:49:16] STT CLOUD OK → Transcripción: Thank you.
[2026-08-12 15:49:16] FILTRO: Transcripción descartada por ser basura/silencio: 'Thank you.'
[2026-08-12 15:49:17] --- PIPELINE INICIADO (AUDIO): alberth_voice_20260811_122722.wav ---
[2026-08-12 15:49:17] PASO 1: Transcribiendo audio con Groq Whisper (Cloud)...
[2026-08-12 15:49:27] STT CLOUD OK → Transcripción: Alison, ahorita acabé hablando con Joana. Joana me dice que vaya ahí en el... aquí en el Tarazano por el... ¿cómo se llama? Ay, creo que es atrás donde... no, porque no se me gusta cuando vamos a hacer un servicio militar. Ya ahí dice que pueden ir a averiguar eso de... de un sistema de migración. And there is a place where it is.
[2026-08-12 15:49:28] FILTRO: Transcripción válida → 'Alison, ahorita acabé hablando con Joana. Joana me dice que vaya ahí en el... aquí en el Tarazano por el... ¿cómo se llama? Ay, creo que es atrás donde... no, porque no se me gusta cuando vamos a hacer un servicio militar. Ya ahí dice que pueden ir a averiguar eso de... de un sistema de migración. And there is a place where it is.'
[2026-08-12 15:49:28] PASO 1.5: Consultando Tálamo para clasificación semántica...
[Tálamo] Ollama OK → GENERAL_TALK
[2026-08-12 15:49:40] Tálamo → Tipo: GENERAL_TALK
[2026-08-12 15:49:40] PASO 2: Consultando al Agente Alberth...
[2026-08-12 15:49:41] Recuperando contexto de memoria persistente...
[2026-08-12 15:49:41] Memoria OK → Contexto recuperado (300 chars)
[2026-08-12 15:49:55] ERROR: Falló conexión con el agente. Usando fallback.
[2026-08-12 15:49:55] PASO 3: Generando audio de respuesta (TTS Premium edge-tts)...
[TTS-Premium] Sintetizando 94 caracteres con voz 'es-MX-JorgeNeural'...
[TTS-Premium] OK → Audio generado: alberth_voice_20260811_122722_response.mp3 (45 KB) | Voz: es-MX-JorgeNeural
[2026-08-12 15:49:58] TTS PREMIUM OK → Audio: /Users/digitalspace/.openclaw/workspace/voice_exchange/output/alberth_voice_20260811_122722_response.mp3 (edge-tts)
[2026-08-12 15:49:58] PASO 4: Reproduciendo respuesta...
[2026-08-12 15:50:08] --- PIPELINE COMPLETADO ---
[2026-08-12 15:50:08] --- PIPELINE INICIADO (AUDIO): alberth_voice_20260811_122730.wav ---
[2026-08-12 15:50:08] PASO 1: Transcribiendo audio con Groq Whisper (Cloud)...
[2026-08-12 15:50:19] STT CLOUD OK → Transcripción: And there is another one in the Grand and the other one in the Park of Sambana.
[2026-08-12 15:50:19] FILTRO: Transcripción válida → 'And there is another one in the Grand and the other one in the Park of Sambana.'
[2026-08-12 15:50:19] PASO 1.5: Consultando Tálamo para clasificación semántica...
[Tálamo] Ollama OK → GENERAL_TALK
[2026-08-12 15:50:24] Tálamo → Tipo: GENERAL_TALK
[2026-08-12 15:50:24] PASO 2: Consultando al Agente Alberth...
[2026-08-12 15:50:24] Recuperando contexto de memoria persistente...
[2026-08-12 15:50:24] Memoria OK → Contexto recuperado (300 chars)
[2026-08-12 15:50:41] ERROR: Falló conexión con el agente. Usando fallback.
[2026-08-12 15:50:41] PASO 3: Generando audio de respuesta (TTS Premium edge-tts)...
[TTS-Premium] Sintetizando 94 caracteres con voz 'es-MX-JorgeNeural'...
[TTS-Premium] OK → Audio generado: alberth_voice_20260811_122730_response.mp3 (45 KB) | Voz: es-MX-JorgeNeural
[2026-08-12 15:50:44] TTS PREMIUM OK → Audio: /Users/digitalspace/.openclaw/workspace/voice_exchange/output/alberth_voice_20260811_122730_response.mp3 (edge-tts)
[2026-08-12 15:50:44] PASO 4: Reproduciendo respuesta...
[2026-08-12 15:50:55] --- PIPELINE COMPLETADO ---
[2026-08-12 15:50:55] --- PIPELINE INICIADO (AUDIO): alberth_voice_20260811_122817.wav ---
[2026-08-12 15:50:55] PASO 1: Transcribiendo audio con Groq Whisper (Cloud)...
[2026-08-12 15:51:06] STT CLOUD OK → Transcripción: Thank you.
[2026-08-12 15:51:07] FILTRO: Transcripción descartada por ser basura/silencio: 'Thank you.'
[2026-08-12 15:51:07] --- PIPELINE INICIADO (AUDIO): alberth_voice_20260811_122914.wav ---
[2026-08-12 15:51:07] PASO 1: Transcribiendo audio con Groq Whisper (Cloud)...
[2026-08-12 15:51:18] STT CLOUD OK → Transcripción: Well, Dana, the material is already done.
[2026-08-12 15:51:19] FILTRO: Transcripción válida → 'Well, Dana, the material is already done.'
[2026-08-12 15:51:19] PASO 1.5: Consultando Tálamo para clasificación semántica...
[Tálamo] Ollama OK → GENERAL_TALK
[2026-08-12 15:51:23] Tálamo → Tipo: GENERAL_TALK
[2026-08-12 15:51:23] PASO 2: Consultando al Agente Alberth...
[2026-08-12 15:51:23] Recuperando contexto de memoria persistente...
[2026-08-12 15:51:24] Memoria OK → Contexto recuperado (300 chars)
[2026-08-12 15:51:38] ERROR: Falló conexión con el agente. Usando fallback.
[2026-08-12 15:51:38] PASO 3: Generando audio de respuesta (TTS Premium edge-tts)...
[TTS-Premium] Sintetizando 94 caracteres con voz 'es-MX-JorgeNeural'...
[TTS-Premium] OK → Audio generado: alberth_voice_20260811_122914_response.mp3 (45 KB) | Voz: es-MX-JorgeNeural
[2026-08-12 15:51:41] TTS PREMIUM OK → Audio: /Users/digitalspace/.openclaw/workspace/voice_exchange/output/alberth_voice_20260811_122914_response.mp3 (edge-tts)
[2026-08-12 15:51:41] PASO 4: Reproduciendo respuesta...
[2026-08-12 15:51:51] --- PIPELINE COMPLETADO ---
[2026-08-12 15:51:52] --- PIPELINE INICIADO (AUDIO): alberth_voice_20260811_122919.wav ---
[2026-08-12 15:51:52] PASO 1: Transcribiendo audio con Groq Whisper (Cloud)...
[2026-08-12 15:52:02] STT CLOUD OK → Transcripción: Thank you.
[2026-08-12 15:52:02] FILTRO: Transcripción descartada por ser basura/silencio: 'Thank you.'
[2026-08-12 15:52:03] --- PIPELINE INICIADO (AUDIO): alberth_voice_20260811_123840.wav ---
[2026-08-12 15:52:03] PASO 1: Transcribiendo audio con Groq Whisper (Cloud)...
[2026-08-12 15:52:13] STT CLOUD OK → Transcripción: What's up?
[2026-08-12 15:52:13] FILTRO: Transcripción válida → 'What's up?'
[2026-08-12 15:52:14] PASO 1.5: Consultando Tálamo para clasificación semántica...
[Tálamo] Ollama OK → GENERAL_TALK
[2026-08-12 15:52:18] Tálamo → Tipo: GENERAL_TALK
[2026-08-12 15:52:18] PASO 2: Consultando al Agente Alberth...
[2026-08-12 15:52:18] Recuperando contexto de memoria persistente...
[2026-08-12 15:52:19] Memoria OK → Contexto recuperado (300 chars)
[2026-08-12 15:52:31] ERROR: Falló conexión con el agente. Usando fallback.
[2026-08-12 15:52:32] PASO 3: Generando audio de respuesta (TTS Premium edge-tts)...
[TTS-Premium] Sintetizando 94 caracteres con voz 'es-MX-JorgeNeural'...
[TTS-Premium] OK → Audio generado: alberth_voice_20260811_123840_response.mp3 (45 KB) | Voz: es-MX-JorgeNeural
[2026-08-12 15:52:35] TTS PREMIUM OK → Audio: /Users/digitalspace/.openclaw/workspace/voice_exchange/output/alberth_voice_20260811_123840_response.mp3 (edge-tts)
[2026-08-12 15:52:35] PASO 4: Reproduciendo respuesta...
[2026-08-12 15:52:45] --- PIPELINE COMPLETADO ---
[2026-08-12 15:52:45] --- PIPELINE INICIADO (AUDIO): alberth_voice_20260811_123842.wav ---
[2026-08-12 15:52:45] PASO 1: Transcribiendo audio con Groq Whisper (Cloud)...
[2026-08-12 15:52:55] STT CLOUD OK → Transcripción: Bye and one.
[2026-08-12 15:52:56] FILTRO: Transcripción válida → 'Bye and one.'
[2026-08-12 15:52:56] PASO 1.5: Consultando Tálamo para clasificación semántica...
[Tálamo] Ollama OK → GENERAL_TALK
[2026-08-12 15:53:00] Tálamo → Tipo: GENERAL_TALK
[2026-08-12 15:53:00] PASO 2: Consultando al Agente Alberth...
[2026-08-12 15:53:00] Recuperando contexto de memoria persistente...
[2026-08-12 15:53:01] Memoria OK → Contexto recuperado (300 chars)
[2026-08-12 15:53:16] ERROR: Falló conexión con el agente. Usando fallback.
[2026-08-12 15:53:16] PASO 3: Generando audio de respuesta (TTS Premium edge-tts)...
[TTS-Premium] Sintetizando 94 caracteres con voz 'es-MX-JorgeNeural'...
[TTS-Premium] OK → Audio generado: alberth_voice_20260811_123842_response.mp3 (45 KB) | Voz: es-MX-JorgeNeural
[2026-08-12 15:53:18] TTS PREMIUM OK → Audio: /Users/digitalspace/.openclaw/workspace/voice_exchange/output/alberth_voice_20260811_123842_response.mp3 (edge-tts)
[2026-08-12 15:53:18] PASO 4: Reproduciendo respuesta...
[2026-08-12 15:53:29] --- PIPELINE COMPLETADO ---
[2026-08-12 15:53:29] --- PIPELINE INICIADO (AUDIO): alberth_voice_20260811_123922.wav ---
[2026-08-12 15:53:29] PASO 1: Transcribiendo audio con Groq Whisper (Cloud)...
[2026-08-12 15:53:40] STT CLOUD OK → Transcripción: Thank you.
[2026-08-12 15:53:40] FILTRO: Transcripción descartada por ser basura/silencio: 'Thank you.'
[2026-08-12 15:53:41] --- PIPELINE INICIADO (AUDIO): alberth_voice_20260811_123928.wav ---
[2026-08-12 15:53:41] PASO 1: Transcribiendo audio con Groq Whisper (Cloud)...
[2026-08-12 15:53:51] STT CLOUD OK → Transcripción: Thank you.
[2026-08-12 15:53:52] FILTRO: Transcripción descartada por ser basura/silencio: 'Thank you.'
[2026-08-12 15:53:52] --- PIPELINE INICIADO (AUDIO): alberth_voice_20260811_124517.wav ---
[2026-08-12 15:53:52] PASO 1: Transcribiendo audio con Groq Whisper (Cloud)...
[2026-08-12 15:54:02] STT CLOUD OK → Transcripción: Nos falta el del lengua y el del reciente.
[2026-08-12 15:54:02] FILTRO: Transcripción válida → 'Nos falta el del lengua y el del reciente.'
[2026-08-12 15:54:03] PASO 1.5: Consultando Tálamo para clasificación semántica...
[Tálamo] Ollama OK → GENERAL_TALK
[2026-08-12 15:54:07] Tálamo → Tipo: GENERAL_TALK
[2026-08-12 15:54:07] PASO 2: Consultando al Agente Alberth...
[2026-08-12 15:54:07] Recuperando contexto de memoria persistente...
[2026-08-12 15:54:08] Memoria OK → Contexto recuperado (300 chars)
[2026-08-12 15:54:21] ERROR: Falló conexión con el agente. Usando fallback.
[2026-08-12 15:54:21] PASO 3: Generando audio de respuesta (TTS Premium edge-tts)...
[TTS-Premium] Sintetizando 94 caracteres con voz 'es-MX-JorgeNeural'...
[TTS-Premium] OK → Audio generado: alberth_voice_20260811_124517_response.mp3 (45 KB) | Voz: es-MX-JorgeNeural
[2026-08-12 15:54:24] TTS PREMIUM OK → Audio: /Users/digitalspace/.openclaw/workspace/voice_exchange/output/alberth_voice_20260811_124517_response.mp3 (edge-tts)
[2026-08-12 15:54:24] PASO 4: Reproduciendo respuesta...
[2026-08-12 15:54:34] --- PIPELINE COMPLETADO ---
[2026-08-12 15:54:34] --- PIPELINE INICIADO (AUDIO): alberth_voice_20260811_124545.wav ---
[2026-08-12 15:54:34] PASO 1: Transcribiendo audio con Groq Whisper (Cloud)...
[2026-08-12 15:54:44] STT CLOUD OK → Transcripción: Thank you.
[2026-08-12 15:54:44] FILTRO: Transcripción descartada por ser basura/silencio: 'Thank you.'
[2026-08-12 15:54:45] --- PIPELINE INICIADO (AUDIO): alberth_voice_20260811_124845.wav ---
[2026-08-12 15:54:45] PASO 1: Transcribiendo audio con Groq Whisper (Cloud)...
[2026-08-12 15:54:56] STT CLOUD OK → Transcripción: Thank you.
[2026-08-12 15:54:56] FILTRO: Transcripción descartada por ser basura/silencio: 'Thank you.'
[2026-08-12 15:54:56] --- PIPELINE INICIADO (AUDIO): alberth_voice_20260811_124917.wav ---
[2026-08-12 15:54:56] PASO 1: Transcribiendo audio con Groq Whisper (Cloud)...
[2026-08-12 15:55:07] STT CLOUD OK → Transcripción: Thank you.
[2026-08-12 15:55:07] FILTRO: Transcripción descartada por ser basura/silencio: 'Thank you.'
[2026-08-12 15:55:07] --- PIPELINE INICIADO (AUDIO): alberth_voice_20260811_124948.wav ---
[2026-08-12 15:55:07] PASO 1: Transcribiendo audio con Groq Whisper (Cloud)...
[2026-08-12 15:55:18] STT CLOUD OK → Transcripción: Thank you.
[2026-08-12 15:55:19] FILTRO: Transcripción descartada por ser basura/silencio: 'Thank you.'
[2026-08-12 15:55:19] --- PIPELINE INICIADO (AUDIO): alberth_voice_20260811_125010.wav ---
[2026-08-12 15:55:19] PASO 1: Transcribiendo audio con Groq Whisper (Cloud)...
[2026-08-12 15:55:29] STT CLOUD OK → Transcripción: Thank you.
[2026-08-12 15:55:29] FILTRO: Transcripción descartada por ser basura/silencio: 'Thank you.'
[2026-08-12 15:55:29] --- PIPELINE INICIADO (AUDIO): alberth_voice_20260811_130507.wav ---
[2026-08-12 15:55:29] PASO 1: Transcribiendo audio con Groq Whisper (Cloud)...
[2026-08-12 15:55:41] STT CLOUD OK → Transcripción: I'm going to talk to you about the video. Transcribe the audio.
[2026-08-12 15:55:41] FILTRO: Transcripción válida → 'I'm going to talk to you about the video. Transcribe the audio.'
[2026-08-12 15:55:42] PASO 1.5: Consultando Tálamo para clasificación semántica...
[Tálamo] Ollama OK → GENERAL_TALK
[2026-08-12 15:55:46] Tálamo → Tipo: GENERAL_TALK
[2026-08-12 15:55:46] PASO 2: Consultando al Agente Alberth...
[2026-08-12 15:55:46] Recuperando contexto de memoria persistente...
[2026-08-12 15:55:47] Memoria OK → Contexto recuperado (300 chars)
[2026-08-12 15:56:02] ERROR: Falló conexión con el agente. Usando fallback.
[2026-08-12 15:56:02] PASO 3: Generando audio de respuesta (TTS Premium edge-tts)...
[TTS-Premium] Sintetizando 94 caracteres con voz 'es-MX-JorgeNeural'...
[TTS-Premium] OK → Audio generado: alberth_voice_20260811_130507_response.mp3 (45 KB) | Voz: es-MX-JorgeNeural
[2026-08-12 15:56:05] TTS PREMIUM OK → Audio: /Users/digitalspace/.openclaw/workspace/voice_exchange/output/alberth_voice_20260811_130507_response.mp3 (edge-tts)
[2026-08-12 15:56:05] PASO 4: Reproduciendo respuesta...
[2026-08-12 15:56:15] --- PIPELINE COMPLETADO ---
[2026-08-12 15:56:15] --- PIPELINE INICIADO (AUDIO): alberth_voice_20260811_130540.wav ---
[2026-08-12 15:56:16] PASO 1: Transcribiendo audio con Groq Whisper (Cloud)...
[2026-08-12 15:56:29] STT CLOUD OK → Transcripción: Tornando conmigo, cuando llegue el piso sea lo que tiene que suceder, y va suceder. Ahora no le va a dar un segundo séptimo en ningún campo porque está moroso, moroso, no le va a dar ni el peso. Tiene que trabajar del año en el pensamiento de la inserimiento y tanto como se llama morado. So, I think it's like a pain.
[2026-08-12 15:56:29] FILTRO: Transcripción válida → 'Tornando conmigo, cuando llegue el piso sea lo que tiene que suceder, y va suceder. Ahora no le va a dar un segundo séptimo en ningún campo porque está moroso, moroso, no le va a dar ni el peso. Tiene que trabajar del año en el pensamiento de la inserimiento y tanto como se llama morado. So, I think it's like a pain.'
[2026-08-12 15:56:30] PASO 1.5: Consultando Tálamo para clasificación semántica...
[Tálamo] Ollama OK → GENERAL_TALK
[2026-08-12 15:56:36] Tálamo → Tipo: GENERAL_TALK
[2026-08-12 15:56:36] PASO 2: Consultando al Agente Alberth...
[2026-08-12 15:56:36] Recuperando contexto de memoria persistente...
[2026-08-12 15:56:36] Memoria OK → Contexto recuperado (300 chars)
[2026-08-12 15:56:49] ERROR: Falló conexión con el agente. Usando fallback.
[2026-08-12 15:56:49] PASO 3: Generando audio de respuesta (TTS Premium edge-tts)...
[TTS-Premium] Sintetizando 94 caracteres con voz 'es-MX-JorgeNeural'...
[TTS-Premium] OK → Audio generado: alberth_voice_20260811_130540_response.mp3 (45 KB) | Voz: es-MX-JorgeNeural
[2026-08-12 15:56:53] TTS PREMIUM OK → Audio: /Users/digitalspace/.openclaw/workspace/voice_exchange/output/alberth_voice_20260811_130540_response.mp3 (edge-tts)
[2026-08-12 15:56:53] PASO 4: Reproduciendo respuesta...
[2026-08-12 15:57:03] --- PIPELINE COMPLETADO ---
[2026-08-12 15:57:03] --- PIPELINE INICIADO (AUDIO): alberth_voice_20260811_130652.wav ---
[2026-08-12 15:57:03] PASO 1: Transcribiendo audio con Groq Whisper (Cloud)...
[2026-08-12 15:57:18] STT CLOUD OK → Transcripción: Marisa es una señorita y dice, mi madre está acercando, y la armeya quiere que te sepa de su papá. Pero tú eres una espaciela, y nunca quieres separar de la hija. Y te ha hecho muchas, muchas dudades de que te juntara en tu cajaín, al cañón. Pero ya esto ya lo como yo.
[2026-08-12 15:57:18] FILTRO: Transcripción válida → 'Marisa es una señorita y dice, mi madre está acercando, y la armeya quiere que te sepa de su papá. Pero tú eres una espaciela, y nunca quieres separar de la hija. Y te ha hecho muchas, muchas dudades de que te juntara en tu cajaín, al cañón. Pero ya esto ya lo como yo.'
[2026-08-12 15:57:18] PASO 1.5: Consultando Tálamo para clasificación semántica...
[Tálamo] Ollama OK → GENERAL_TALK
[2026-08-12 15:57:24] Tálamo → Tipo: GENERAL_TALK
[2026-08-12 15:57:24] PASO 2: Consultando al Agente Alberth...
[2026-08-12 15:57:24] Recuperando contexto de memoria persistente...
[2026-08-12 15:57:25] Memoria OK → Contexto recuperado (300 chars)
[2026-08-12 15:57:39] ERROR: Falló conexión con el agente. Usando fallback.
[2026-08-12 15:57:39] PASO 3: Generando audio de respuesta (TTS Premium edge-tts)...
[TTS-Premium] Sintetizando 94 caracteres con voz 'es-MX-JorgeNeural'...
[TTS-Premium] OK → Audio generado: alberth_voice_20260811_130652_response.mp3 (45 KB) | Voz: es-MX-JorgeNeural
[2026-08-12 15:57:41] TTS PREMIUM OK → Audio: /Users/digitalspace/.openclaw/workspace/voice_exchange/output/alberth_voice_20260811_130652_response.mp3 (edge-tts)
[2026-08-12 15:57:41] PASO 4: Reproduciendo respuesta...
[2026-08-12 15:57:51] --- PIPELINE COMPLETADO ---
[2026-08-12 15:57:52] --- PIPELINE INICIADO (AUDIO): alberth_voice_20260811_130746.wav ---
[2026-08-12 15:57:52] PASO 1: Transcribiendo audio con Groq Whisper (Cloud)...
[2026-08-12 15:58:04] STT CLOUD OK → Transcripción: Como me dice tu hija, mi madre es la que decide. Pero yo como amiga, ella es hermana, ya no, ya no. Esa es la que dice. Te vas a salir en la calle con una mano adelante y otra atrás. No lo pusiera, pero eso es lo que pasa. Transcribe the audio.
[2026-08-12 15:58:05] FILTRO: Transcripción válida → 'Como me dice tu hija, mi madre es la que decide. Pero yo como amiga, ella es hermana, ya no, ya no. Esa es la que dice. Te vas a salir en la calle con una mano adelante y otra atrás. No lo pusiera, pero eso es lo que pasa. Transcribe the audio.'
[2026-08-12 15:58:05] PASO 1.5: Consultando Tálamo para clasificación semántica...
[Tálamo] Ollama OK → GENERAL_TALK
[2026-08-12 15:58:11] Tálamo → Tipo: GENERAL_TALK
[2026-08-12 15:58:11] PASO 2: Consultando al Agente Alberth...
[2026-08-12 15:58:11] Recuperando contexto de memoria persistente...
[2026-08-12 15:58:12] Memoria OK → Contexto recuperado (300 chars)
[2026-08-12 15:58:25] ERROR: Falló conexión con el agente. Usando fallback.
[2026-08-12 15:58:25] PASO 3: Generando audio de respuesta (TTS Premium edge-tts)...
[TTS-Premium] Sintetizando 94 caracteres con voz 'es-MX-JorgeNeural'...
[TTS-Premium] OK → Audio generado: alberth_voice_20260811_130746_response.mp3 (45 KB) | Voz: es-MX-JorgeNeural
[2026-08-12 15:58:27] TTS PREMIUM OK → Audio: /Users/digitalspace/.openclaw/workspace/voice_exchange/output/alberth_voice_20260811_130746_response.mp3 (edge-tts)
[2026-08-12 15:58:27] PASO 4: Reproduciendo respuesta...
[2026-08-12 15:58:37] --- PIPELINE COMPLETADO ---
[2026-08-12 15:58:38] --- PIPELINE INICIADO (AUDIO): alberth_voice_20260811_130758.wav ---
[2026-08-12 15:58:38] PASO 1: Transcribiendo audio con Groq Whisper (Cloud)...
[2026-08-12 15:59:19] WARN: Groq Whisper Cloud falló (sin conexión o API error). Activando fallback local...
[2026-08-12 15:59:19] PASO 1b: Transcripción local con Whisper (modelo: base)...
[2026-08-12 16:01:24] STT LOCAL OK → Transcripción: Subeverybanos dos bases.
Then there have been a 3 raíbles,
los 3 raíbles cerrestaron la buena pandella.
Entonces éste apareció en la fragadilla a estábita.
AREVO
VeAct 파ronado
CRIDE
last специal
PLA
PLA
POR POR POOO
PUSPEO
ACIDER
SOCORING
CO� insanlar
EN GORA
[2026-08-12 16:01:24] FILTRO: Transcripción válida → 'Subeverybanos dos bases.
Then there have been a 3 raíbles,
los 3 raíbles cerrestaron la buena pandella.
Entonces éste apareció en la fragadilla a estábita.
AREVO
VeAct 파ronado
CRIDE
last специal
PLA
PLA
POR POR POOO
PUSPEO
ACIDER
SOCORING
CO� insanlar
EN GORA'
[2026-08-12 16:01:25] PASO 1.5: Consultando Tálamo para clasificación semántica...
[Tálamo] Ollama OK → FINANCE_TICKER
[2026-08-12 16:01:31] Tálamo → Tipo: FINANCE_TICKER
[2026-08-12 16:01:31] Tálamo → Enrutando a FINANCE HELPER...
[2026-08-12 16:01:53] FINANCE OK → No pude obtener datos de Yahoo Finance para: SUBEVERYBANOS
[TTS-Premium] Sintetizando 58 caracteres con voz 'es-MX-JorgeNeural'...
[TTS-Premium] OK → Audio generado: alberth_voice_20260811_130758_response.mp3 (29 KB) | Voz: es-MX-JorgeNeural
[2026-08-12 16:01:56] --- PIPELINE COMPLETADO (FINANCE) ---
[2026-08-12 16:01:56] --- PIPELINE INICIADO (AUDIO): alberth_voice_20260811_130905.wav ---
[2026-08-12 16:01:56] PASO 1: Transcribiendo audio con Groq Whisper (Cloud)...
[2026-08-12 16:02:16] STT CLOUD OK → Transcripción: Aguantar no le harán traiciones, más traiciones, falta de respeto con sus hijas. No se las aguantaron. Yo no creo que la aguante se que deje a sus hijos en la calle, con eso señaló. Para mí, no confundo. No confundo. Y después me repito, como es el hijo, decisión de la madre. Transcribe the audio. It's like a little bit.
[2026-08-12 16:02:16] FILTRO: Transcripción válida → 'Aguantar no le harán traiciones, más traiciones, falta de respeto con sus hijas. No se las aguantaron. Yo no creo que la aguante se que deje a sus hijos en la calle, con eso señaló. Para mí, no confundo. No confundo. Y después me repito, como es el hijo, decisión de la madre. Transcribe the audio. It's like a little bit.'
[2026-08-12 16:02:17] PASO 1.5: Consultando Tálamo para clasificación semántica...
[Tálamo] Ollama OK → GENERAL_TALK
[2026-08-12 16:02:22] Tálamo → Tipo: GENERAL_TALK
[2026-08-12 16:02:23] PASO 2: Consultando al Agente Alberth...
[2026-08-12 16:02:23] Recuperando contexto de memoria persistente...
[2026-08-12 16:02:23] Memoria OK → Contexto recuperado (300 chars)
[2026-08-12 16:02:40] ERROR: Falló conexión con el agente. Usando fallback.
[2026-08-12 16:02:40] PASO 3: Generando audio de respuesta (TTS Premium edge-tts)...
[TTS-Premium] Sintetizando 94 caracteres con voz 'es-MX-JorgeNeural'...
[TTS-Premium] OK → Audio generado: alberth_voice_20260811_130905_response.mp3 (45 KB) | Voz: es-MX-JorgeNeural
[2026-08-12 16:02:42] TTS PREMIUM OK → Audio: /Users/digitalspace/.openclaw/workspace/voice_exchange/output/alberth_voice_20260811_130905_response.mp3 (edge-tts)
[2026-08-12 16:02:42] PASO 4: Reproduciendo respuesta...
[2026-08-12 16:02:52] --- PIPELINE COMPLETADO ---
[2026-08-12 16:02:53] --- PIPELINE INICIADO (AUDIO): alberth_voice_20260811_130923.wav ---
[2026-08-12 16:02:53] PASO 1: Transcribiendo audio con Groq Whisper (Cloud)...
[2026-08-12 16:03:04] STT CLOUD OK → Transcripción: Algo. Se me ha coped en la vida. No, Monika. No, no. Perdona que te hable así, no te he hablado, pero te he... No, te he acordado. No sé si te molestas o no te molestas, pero con cariño, te lo hago por ti.
[2026-08-12 16:03:04] FILTRO: Transcripción válida → 'Algo. Se me ha coped en la vida. No, Monika. No, no. Perdona que te hable así, no te he hablado, pero te he... No, te he acordado. No sé si te molestas o no te molestas, pero con cariño, te lo hago por ti.'
[2026-08-12 16:03:04] PASO 1.5: Consultando Tálamo para clasificación semántica...
[Tálamo] Ollama OK → GENERAL_TALK
[2026-08-12 16:03:11] Tálamo → Tipo: GENERAL_TALK
[2026-08-12 16:03:12] PASO 2: Consultando al Agente Alberth...
[2026-08-12 16:03:12] Recuperando contexto de memoria persistente...
[2026-08-12 16:03:12] Memoria OK → Contexto recuperado (300 chars)
[2026-08-12 16:03:26] ERROR: Falló conexión con el agente. Usando fallback.
[2026-08-12 16:03:26] PASO 3: Generando audio de respuesta (TTS Premium edge-tts)...
[TTS-Premium] Sintetizando 94 caracteres con voz 'es-MX-JorgeNeural'...
[TTS-Premium] OK → Audio generado: alberth_voice_20260811_130923_response.mp3 (45 KB) | Voz: es-MX-JorgeNeural
[2026-08-12 16:03:28] TTS PREMIUM OK → Audio: /Users/digitalspace/.openclaw/workspace/voice_exchange/output/alberth_voice_20260811_130923_response.mp3 (edge-tts)
[2026-08-12 16:03:28] PASO 4: Reproduciendo respuesta...
[2026-08-12 16:03:38] --- PIPELINE COMPLETADO ---
[2026-08-12 16:03:38] --- PIPELINE INICIADO (AUDIO): alberth_voice_20260811_131034.wav ---
[2026-08-12 16:03:38] PASO 1: Transcribiendo audio con Groq Whisper (Cloud)...
[2026-08-12 16:04:01] STT CLOUD OK → Transcripción: Ya, abre los puntos, ojos y decir que da, no te aguanto, da, no te sientes. No vas a conseguir nada con el otro. Y es más, vamos a dejar la vuelta cayendo bien. Ya, que es mentira lo que diga cuando dice, vale, ¿dónde vuelvo a mis hijos? Nadie dice que es verdad, es verdad, me entendí a tu país, pero ahora no tienes otra solución. Mariana, ¿qué te trae 15 días? La otra te trae 15 días. No, no, ese no es el chiste. Como venía así, dice, no, no, no. Como siempre, le llamaste, decirte la boca, si yo me salgo a la mamá, ¿qué? Si yo no tengo hija y no me ganan. No, tienes otra hermana que se llama María de él. No puedo. Sí, el día que tú decidas yo voy a hablar con cada una y vieno a hablar. Te lo cuentas conmigo. Te vas a hacer la de la calle. Eso sí. A tanto yo no quiero...
[2026-08-12 16:04:01] FILTRO: Transcripción válida → 'Ya, abre los puntos, ojos y decir que da, no te aguanto, da, no te sientes. No vas a conseguir nada con el otro. Y es más, vamos a dejar la vuelta cayendo bien. Ya, que es mentira lo que diga cuando dice, vale, ¿dónde vuelvo a mis hijos? Nadie dice que es verdad, es verdad, me entendí a tu país, pero ahora no tienes otra solución. Mariana, ¿qué te trae 15 días? La otra te trae 15 días. No, no, ese no es el chiste. Como venía así, dice, no, no, no. Como siempre, le llamaste, decirte la boca, si yo me salgo a la mamá, ¿qué? Si yo no tengo hija y no me ganan. No, tienes otra hermana que se llama María de él. No puedo. Sí, el día que tú decidas yo voy a hablar con cada una y vieno a hablar. Te lo cuentas conmigo. Te vas a hacer la de la calle. Eso sí. A tanto yo no quiero...'
[2026-08-12 16:04:02] PASO 1.5: Consultando Tálamo para clasificación semántica...
[Tálamo] Ollama OK → GENERAL_TALK
[2026-08-12 16:04:11] Tálamo → Tipo: GENERAL_TALK
[2026-08-12 16:04:11] PASO 2: Consultando al Agente Alberth...
[2026-08-12 16:04:11] Recuperando contexto de memoria persistente...
[2026-08-12 16:04:12] Memoria OK → Contexto recuperado (300 chars)
[2026-08-12 16:04:24] ERROR: Falló conexión con el agente. Usando fallback.
[2026-08-12 16:04:24] PASO 3: Generando audio de respuesta (TTS Premium edge-tts)...
[TTS-Premium] Sintetizando 94 caracteres con voz 'es-MX-JorgeNeural'...
[TTS-Premium] OK → Audio generado: alberth_voice_20260811_131034_response.mp3 (45 KB) | Voz: es-MX-JorgeNeural
[2026-08-12 16:04:27] TTS PREMIUM OK → Audio: /Users/digitalspace/.openclaw/workspace/voice_exchange/output/alberth_voice_20260811_131034_response.mp3 (edge-tts)
[2026-08-12 16:04:27] PASO 4: Reproduciendo respuesta...
[2026-08-12 16:04:37] --- PIPELINE COMPLETADO ---
[2026-08-12 16:04:38] --- PIPELINE INICIADO (AUDIO): alberth_voice_20260811_131050.wav ---
[2026-08-12 16:04:38] PASO 1: Transcribiendo audio con Groq Whisper (Cloud)...
[2026-08-12 16:04:49] STT CLOUD OK → Transcripción: I don't want to go to the other. Now, you decide why not to stop the video. I will have to stop the video. I will have to stop the video. I will have to stop the video. I will have to stop the video. Perfect.
[2026-08-12 16:04:50] FILTRO: Transcripción válida → 'I don't want to go to the other. Now, you decide why not to stop the video. I will have to stop the video. I will have to stop the video. I will have to stop the video. I will have to stop the video. Perfect.'
[2026-08-12 16:04:50] PASO 1.5: Consultando Tálamo para clasificación semántica...
[Tálamo] Ollama OK → GENERAL_TALK
[2026-08-12 16:04:55] Tálamo → Tipo: GENERAL_TALK
[2026-08-12 16:04:55] PASO 2: Consultando al Agente Alberth...
[2026-08-12 16:04:55] Recuperando contexto de memoria persistente...
[2026-08-12 16:04:56] Memoria OK → Contexto recuperado (300 chars)
[2026-08-12 16:05:08] ERROR: Falló conexión con el agente. Usando fallback.
[2026-08-12 16:05:08] PASO 3: Generando audio de respuesta (TTS Premium edge-tts)...
[TTS-Premium] Sintetizando 94 caracteres con voz 'es-MX-JorgeNeural'...
[TTS-Premium] OK → Audio generado: alberth_voice_20260811_131050_response.mp3 (45 KB) | Voz: es-MX-JorgeNeural
[2026-08-12 16:05:11] TTS PREMIUM OK → Audio: /Users/digitalspace/.openclaw/workspace/voice_exchange/output/alberth_voice_20260811_131050_response.mp3 (edge-tts)
[2026-08-12 16:05:11] PASO 4: Reproduciendo respuesta...
[2026-08-12 16:05:21] --- PIPELINE COMPLETADO ---
[2026-08-12 16:05:21] --- PIPELINE INICIADO (AUDIO): alberth_voice_20260811_131052.wav ---
[2026-08-12 16:05:22] PASO 1: Transcribiendo audio con Groq Whisper (Cloud)...
[2026-08-12 16:05:34] STT CLOUD OK → Transcripción: Dan.
[2026-08-12 16:05:34] FILTRO: Transcripción válida → 'Dan.'
[2026-08-12 16:05:35] PASO 1.5: Consultando Tálamo para clasificación semántica...
[Tálamo] Ollama OK → GENERAL_TALK
[2026-08-12 16:05:39] Tálamo → Tipo: GENERAL_TALK
[2026-08-12 16:05:39] PASO 2: Consultando al Agente Alberth...
[2026-08-12 16:05:40] Recuperando contexto de memoria persistente...
[2026-08-12 16:05:40] Memoria OK → Contexto recuperado (300 chars)
[2026-08-12 16:05:55] ERROR: Falló conexión con el agente. Usando fallback.
[2026-08-12 16:05:55] PASO 3: Generando audio de respuesta (TTS Premium edge-tts)...
[TTS-Premium] Sintetizando 94 caracteres con voz 'es-MX-JorgeNeural'...
[TTS-Premium] OK → Audio generado: alberth_voice_20260811_131052_response.mp3 (45 KB) | Voz: es-MX-JorgeNeural
[2026-08-12 16:05:57] TTS PREMIUM OK → Audio: /Users/digitalspace/.openclaw/workspace/voice_exchange/output/alberth_voice_20260811_131052_response.mp3 (edge-tts)
[2026-08-12 16:05:58] PASO 4: Reproduciendo respuesta...
[2026-08-12 16:06:08] --- PIPELINE COMPLETADO ---
[2026-08-12 16:06:08] --- PIPELINE INICIADO (AUDIO): alberth_voice_20260811_131103.wav ---
[2026-08-12 16:06:08] PASO 1: Transcribiendo audio con Groq Whisper (Cloud)...
[2026-08-12 16:06:22] STT CLOUD OK → Transcripción: Thank you.
[2026-08-12 16:06:23] FILTRO: Transcripción descartada por ser basura/silencio: 'Thank you.'
[2026-08-12 16:06:23] --- PIPELINE INICIADO (AUDIO): alberth_voice_20260811_131223.wav ---
[2026-08-12 16:06:23] PASO 1: Transcribiendo audio con Groq Whisper (Cloud)...
[2026-08-12 16:06:37] STT CLOUD OK → Transcripción: Thank you.
[2026-08-12 16:06:37] FILTRO: Transcripción descartada por ser basura/silencio: 'Thank you.'
[2026-08-12 16:06:37] --- PIPELINE INICIADO (AUDIO): alberth_voice_20260811_131236.wav ---
[2026-08-12 16:06:37] PASO 1: Transcribiendo audio con Groq Whisper (Cloud)...
[2026-08-12 16:07:02] STT CLOUD OK → Transcripción: Thank you.
[2026-08-12 16:07:02] FILTRO: Transcripción descartada por ser basura/silencio: 'Thank you.'
[2026-08-12 16:07:03] --- PIPELINE INICIADO (AUDIO): alberth_voice_20260811_131314.wav ---
[2026-08-12 16:07:03] PASO 1: Transcribiendo audio con Groq Whisper (Cloud)...
[2026-08-12 16:07:26] STT CLOUD OK → Transcripción: Thank you.
[2026-08-12 16:07:26] FILTRO: Transcripción descartada por ser basura/silencio: 'Thank you.'
[2026-08-12 16:07:27] --- PIPELINE INICIADO (AUDIO): alberth_voice_20260811_131323.wav ---
[2026-08-12 16:07:27] PASO 1: Transcribiendo audio con Groq Whisper (Cloud)...
[2026-08-12 16:07:42] STT CLOUD OK → Transcripción: It's a good song.
[2026-08-12 16:07:42] FILTRO: Transcripción válida → 'It's a good song.'
[2026-08-12 16:07:43] PASO 1.5: Consultando Tálamo para clasificación semántica...
[Tálamo] Ollama OK → WEB_SEARCH
[2026-08-12 16:07:48] Tálamo → Tipo: WEB_SEARCH
[2026-08-12 16:07:49] PASO 2: Consultando al Agente Alberth...
[2026-08-12 16:07:49] Tálamo → Enrutando a WEB_SEARCH...
[2026-08-12 16:07:52] BÚSQUEDA OK
[2026-08-12 16:07:52] Recuperando contexto de memoria persistente...
[2026-08-12 16:07:53] Memoria OK → Contexto recuperado (300 chars)
[2026-08-12 16:08:12] ERROR: Falló conexión con el agente. Usando fallback.
[2026-08-12 16:08:12] PASO 3: Generando audio de respuesta (TTS Premium edge-tts)...
[TTS-Premium] Sintetizando 94 caracteres con voz 'es-MX-JorgeNeural'...
[TTS-Premium] OK → Audio generado: alberth_voice_20260811_131323_response.mp3 (45 KB) | Voz: es-MX-JorgeNeural
[2026-08-12 16:08:15] TTS PREMIUM OK → Audio: /Users/digitalspace/.openclaw/workspace/voice_exchange/output/alberth_voice_20260811_131323_response.mp3 (edge-tts)
[2026-08-12 16:08:15] PASO 4: Reproduciendo respuesta...
[2026-08-12 16:08:25] --- PIPELINE COMPLETADO ---
[2026-08-12 16:08:25] --- PIPELINE INICIADO (AUDIO): alberth_voice_20260811_131334.wav ---
[2026-08-12 16:08:26] PASO 1: Transcribiendo audio con Groq Whisper (Cloud)...
[2026-08-12 16:08:39] STT CLOUD OK → Transcripción: When you put the suit on, you will be able to enter. You will be able to enter. You will be able to enter. You will be able to enter.
[2026-08-12 16:08:39] FILTRO: Transcripción válida → 'When you put the suit on, you will be able to enter. You will be able to enter. You will be able to enter. You will be able to enter.'
[2026-08-12 16:08:40] PASO 1.5: Consultando Tálamo para clasificación semántica...
[Tálamo] Ollama OK → GENERAL_TALK
[2026-08-12 16:08:45] Tálamo → Tipo: GENERAL_TALK
[2026-08-12 16:08:46] PASO 2: Consultando al Agente Alberth...
[2026-08-12 16:08:46] Recuperando contexto de memoria persistente...
[2026-08-12 16:08:46] Memoria OK → Contexto recuperado (300 chars)
[2026-08-12 16:09:08] ERROR: Falló conexión con el agente. Usando fallback.
[2026-08-12 16:09:08] PASO 3: Generando audio de respuesta (TTS Premium edge-tts)...
[TTS-Premium] Sintetizando 94 caracteres con voz 'es-MX-JorgeNeural'...
[TTS-Premium] OK → Audio generado: alberth_voice_20260811_131334_response.mp3 (45 KB) | Voz: es-MX-JorgeNeural
[2026-08-12 16:09:19] TTS PREMIUM OK → Audio: /Users/digitalspace/.openclaw/workspace/voice_exchange/output/alberth_voice_20260811_131334_response.mp3 (edge-tts)
[2026-08-12 16:09:19] PASO 4: Reproduciendo respuesta...
[2026-08-12 16:09:29] --- PIPELINE COMPLETADO ---
[2026-08-12 16:09:30] --- PIPELINE INICIADO (AUDIO): alberth_voice_20260811_131353.wav ---
[2026-08-12 16:09:30] PASO 1: Transcribiendo audio con Groq Whisper (Cloud)...
[2026-08-12 16:09:49] STT CLOUD OK → Transcripción: Transcribe the audio.
[2026-08-12 16:09:49] FILTRO: Transcripción válida → 'Transcribe the audio.'
[2026-08-12 16:09:50] PASO 1.5: Consultando Tálamo para clasificación semántica...
[Tálamo] Ollama OK → GENERAL_TALK
[2026-08-12 16:09:55] Tálamo → Tipo: GENERAL_TALK
[2026-08-12 16:09:55] PASO 2: Consultando al Agente Alberth...
[2026-08-12 16:09:55] Recuperando contexto de memoria persistente...
[2026-08-12 16:09:56] Memoria OK → Contexto recuperado (300 chars)
[2026-08-12 16:10:22] ERROR: Falló conexión con el agente. Usando fallback.
[2026-08-12 16:10:22] PASO 3: Generando audio de respuesta (TTS Premium edge-tts)...
[TTS-Premium] Sintetizando 94 caracteres con voz 'es-MX-JorgeNeural'...
[TTS-Premium] OK → Audio generado: alberth_voice_20260811_131353_response.mp3 (45 KB) | Voz: es-MX-JorgeNeural
[2026-08-12 16:10:30] TTS PREMIUM OK → Audio: /Users/digitalspace/.openclaw/workspace/voice_exchange/output/alberth_voice_20260811_131353_response.mp3 (edge-tts)
[2026-08-12 16:10:30] PASO 4: Reproduciendo respuesta...
[2026-08-12 16:10:39] --- PIPELINE COMPLETADO ---
[2026-08-12 16:10:40] --- PIPELINE INICIADO (AUDIO): alberth_voice_20260811_131400.wav ---
[2026-08-12 16:10:40] PASO 1: Transcribiendo audio con Groq Whisper (Cloud)...
[2026-08-12 16:10:57] STT CLOUD OK → Transcripción: Thank you.
[2026-08-12 16:10:57] FILTRO: Transcripción descartada por ser basura/silencio: 'Thank you.'
[2026-08-12 16:10:58] --- PIPELINE INICIADO (AUDIO): alberth_voice_20260811_131408.wav ---
[2026-08-12 16:10:58] PASO 1: Transcribiendo audio con Groq Whisper (Cloud)...
[2026-08-12 16:11:18] STT CLOUD OK → Transcripción: Thank you.
[2026-08-12 16:11:18] FILTRO: Transcripción descartada por ser basura/silencio: 'Thank you.'
[2026-08-12 16:11:18] --- PIPELINE INICIADO (AUDIO): alberth_voice_20260811_131418.wav ---
[2026-08-12 16:11:19] PASO 1: Transcribiendo audio con Groq Whisper (Cloud)...
[2026-08-12 16:11:35] STT CLOUD OK → Transcripción: I don't know if you're a person.
[2026-08-12 16:11:36] FILTRO: Transcripción válida → 'I don't know if you're a person.'
[2026-08-12 16:11:36] PASO 1.5: Consultando Tálamo para clasificación semántica...
[Tálamo] Ollama OK → GENERAL_TALK
[2026-08-12 16:11:40] Tálamo → Tipo: GENERAL_TALK
[2026-08-12 16:11:40] PASO 2: Consultando al Agente Alberth...
[2026-08-12 16:11:41] Recuperando contexto de memoria persistente...
[2026-08-12 16:11:41] Memoria OK → Contexto recuperado (300 chars)
[2026-08-12 16:12:01] ERROR: Falló conexión con el agente. Usando fallback.
[2026-08-12 16:12:01] PASO 3: Generando audio de respuesta (TTS Premium edge-tts)...
[TTS-Premium] Sintetizando 94 caracteres con voz 'es-MX-JorgeNeural'...
[TTS-Premium] OK → Audio generado: alberth_voice_20260811_131418_response.mp3 (45 KB) | Voz: es-MX-JorgeNeural
[2026-08-12 16:12:10] TTS PREMIUM OK → Audio: /Users/digitalspace/.openclaw/workspace/voice_exchange/output/alberth_voice_20260811_131418_response.mp3 (edge-tts)
[2026-08-12 16:12:10] PASO 4: Reproduciendo respuesta...
[2026-08-12 16:12:20] --- PIPELINE COMPLETADO ---
[2026-08-12 16:12:20] --- PIPELINE INICIADO (AUDIO): alberth_voice_20260811_131442.wav ---
[2026-08-12 16:12:20] PASO 1: Transcribiendo audio con Groq Whisper (Cloud)...
[2026-08-12 16:12:39] STT CLOUD OK → Transcripción: What do you think? You can see it. You are not. You are not. I'm sorry. I can see it. It's okay. I know you are a lot of people. It's okay. It's okay. It's okay. It's okay.
[2026-08-12 16:12:39] FILTRO: Transcripción válida → 'What do you think? You can see it. You are not. You are not. I'm sorry. I can see it. It's okay. I know you are a lot of people. It's okay. It's okay. It's okay. It's okay.'
[2026-08-12 16:12:40] PASO 1.5: Consultando Tálamo para clasificación semántica...
[Tálamo] Ollama OK → GENERAL_TALK
[2026-08-12 16:12:45] Tálamo → Tipo: GENERAL_TALK
[2026-08-12 16:12:45] PASO 2: Consultando al Agente Alberth...
[2026-08-12 16:12:45] Recuperando contexto de memoria persistente...
[2026-08-12 16:12:46] Memoria OK → Contexto recuperado (300 chars)
[2026-08-12 16:13:11] ERROR: Falló conexión con el agente. Usando fallback.
[2026-08-12 16:13:11] PASO 3: Generando audio de respuesta (TTS Premium edge-tts)...
[TTS-Premium] Sintetizando 94 caracteres con voz 'es-MX-JorgeNeural'...
[TTS-Premium] OK → Audio generado: alberth_voice_20260811_131442_response.mp3 (45 KB) | Voz: es-MX-JorgeNeural
[2026-08-12 16:13:21] TTS PREMIUM OK → Audio: /Users/digitalspace/.openclaw/workspace/voice_exchange/output/alberth_voice_20260811_131442_response.mp3 (edge-tts)
[2026-08-12 16:13:21] PASO 4: Reproduciendo respuesta...
[2026-08-12 16:13:31] --- PIPELINE COMPLETADO ---
[2026-08-12 16:13:31] --- PIPELINE INICIADO (AUDIO): alberth_voice_20260811_131448.wav ---
[2026-08-12 16:13:32] PASO 1: Transcribiendo audio con Groq Whisper (Cloud)...
[2026-08-12 16:13:52] STT CLOUD OK → Transcripción: Thank you.
[2026-08-12 16:13:52] FILTRO: Transcripción descartada por ser basura/silencio: 'Thank you.'
[2026-08-12 16:13:52] --- PIPELINE INICIADO (AUDIO): alberth_voice_20260811_131507.wav ---
[2026-08-12 16:13:52] PASO 1: Transcribiendo audio con Groq Whisper (Cloud)...
[2026-08-12 16:14:18] STT CLOUD OK → Transcripción: Transcribe the audio.
[2026-08-12 16:14:18] FILTRO: Transcripción válida → 'Transcribe the audio.'
[2026-08-12 16:14:19] PASO 1.5: Consultando Tálamo para clasificación semántica...
[Tálamo] Ollama OK → GENERAL_TALK
[2026-08-12 16:14:22] Tálamo → Tipo: GENERAL_TALK
[2026-08-12 16:14:22] PASO 2: Consultando al Agente Alberth...
[2026-08-12 16:14:23] Recuperando contexto de memoria persistente...
[2026-08-12 16:14:23] Memoria OK → Contexto recuperado (300 chars)
[2026-08-12 16:14:52] ERROR: Falló conexión con el agente. Usando fallback.
[2026-08-12 16:14:52] PASO 3: Generando audio de respuesta (TTS Premium edge-tts)...
[TTS-Premium] Sintetizando 94 caracteres con voz 'es-MX-JorgeNeural'...
[TTS-Premium] OK → Audio generado: alberth_voice_20260811_131507_response.mp3 (45 KB) | Voz: es-MX-JorgeNeural
[2026-08-12 16:15:01] TTS PREMIUM OK → Audio: /Users/digitalspace/.openclaw/workspace/voice_exchange/output/alberth_voice_20260811_131507_response.mp3 (edge-tts)
[2026-08-12 16:15:01] PASO 4: Reproduciendo respuesta...
[2026-08-12 16:15:11] --- PIPELINE COMPLETADO ---
[2026-08-12 16:15:11] --- PIPELINE INICIADO (AUDIO): alberth_voice_20260811_131530.wav ---
[2026-08-12 16:15:12] PASO 1: Transcribiendo audio con Groq Whisper (Cloud)...
[2026-08-12 16:15:29] STT CLOUD OK → Transcripción: ¿Qué te decís? Me dice, eso es la decisión de mi mamá. Digo, sí, voy a ver si me canto. No te exijo de gran. ¿Vale? Pero un hombre que no te suba y te deje en el hoyo, ya es tu decisión, cariño, tu decisión. Pero sí, te digo que decepcionas o que decepcionas.
[2026-08-12 16:15:29] FILTRO: Transcripción válida → '¿Qué te decís? Me dice, eso es la decisión de mi mamá. Digo, sí, voy a ver si me canto. No te exijo de gran. ¿Vale? Pero un hombre que no te suba y te deje en el hoyo, ya es tu decisión, cariño, tu decisión. Pero sí, te digo que decepcionas o que decepcionas.'
[2026-08-12 16:15:30] PASO 1.5: Consultando Tálamo para clasificación semántica...
[Tálamo] Ollama OK → GENERAL_TALK
[2026-08-12 16:15:35] Tálamo → Tipo: GENERAL_TALK
[2026-08-12 16:15:35] PASO 2: Consultando al Agente Alberth...
[2026-08-12 16:15:35] Recuperando contexto de memoria persistente...
[2026-08-12 16:15:36] Memoria OK → Contexto recuperado (300 chars)
[2026-08-12 16:15:55] ERROR: Falló conexión con el agente. Usando fallback.
[2026-08-12 16:15:55] PASO 3: Generando audio de respuesta (TTS Premium edge-tts)...
[TTS-Premium] Sintetizando 94 caracteres con voz 'es-MX-JorgeNeural'...
[TTS-Premium] OK → Audio generado: alberth_voice_20260811_131530_response.mp3 (45 KB) | Voz: es-MX-JorgeNeural
[2026-08-12 16:16:02] TTS PREMIUM OK → Audio: /Users/digitalspace/.openclaw/workspace/voice_exchange/output/alberth_voice_20260811_131530_response.mp3 (edge-tts)
[2026-08-12 16:16:02] PASO 4: Reproduciendo respuesta...
[2026-08-12 16:16:12] --- PIPELINE COMPLETADO ---
[2026-08-12 16:16:13] --- PIPELINE INICIADO (AUDIO): alberth_voice_20260811_131546.wav ---
[2026-08-12 16:16:13] PASO 1: Transcribiendo audio con Groq Whisper (Cloud)...
[2026-08-12 16:16:30] STT CLOUD OK → Transcripción: It's a black man, it's a shaman, it's a shaman, it's a shaman. You leave it to your family and you're going to have a friend.
[2026-08-12 16:16:30] FILTRO: Transcripción válida → 'It's a black man, it's a shaman, it's a shaman, it's a shaman. You leave it to your family and you're going to have a friend.'
[2026-08-12 16:16:31] PASO 1.5: Consultando Tálamo para clasificación semántica...
[Tálamo] Ollama OK → GENERAL_TALK
[2026-08-12 16:16:35] Tálamo → Tipo: GENERAL_TALK
[2026-08-12 16:16:36] PASO 2: Consultando al Agente Alberth...
[2026-08-12 16:16:36] Recuperando contexto de memoria persistente...
[2026-08-12 16:16:36] Memoria OK → Contexto recuperado (300 chars)
[2026-08-12 16:17:01] ERROR: Falló conexión con el agente. Usando fallback.
[2026-08-12 16:17:01] PASO 3: Generando audio de respuesta (TTS Premium edge-tts)...
[TTS-Premium] Sintetizando 94 caracteres con voz 'es-MX-JorgeNeural'...
[TTS-Premium] OK → Audio generado: alberth_voice_20260811_131546_response.mp3 (45 KB) | Voz: es-MX-JorgeNeural
[2026-08-12 16:17:13] TTS PREMIUM OK → Audio: /Users/digitalspace/.openclaw/workspace/voice_exchange/output/alberth_voice_20260811_131546_response.mp3 (edge-tts)
[2026-08-12 16:17:13] PASO 4: Reproduciendo respuesta...
[2026-08-12 16:17:23] --- PIPELINE COMPLETADO ---
[2026-08-12 16:17:24] --- PIPELINE INICIADO (AUDIO): alberth_voice_20260811_131622.wav ---
[2026-08-12 16:17:24] PASO 1: Transcribiendo audio con Groq Whisper (Cloud)...
[2026-08-12 16:17:46] STT CLOUD OK → Transcripción: I have a picture. That's not a picture. Look, if she didn't know that she was a child, she'd go to the house. I'm sorry. Little girl, she's a little bitch. She's a little bitch. She was a little bitch. She's a little bitch. She's a little bitch. I'm a little bitch. She's a little bitch. But she's a little bitch. She's a little bitch. Transcribe the audio.
[2026-08-12 16:17:46] FILTRO: Transcripción válida → 'I have a picture. That's not a picture. Look, if she didn't know that she was a child, she'd go to the house. I'm sorry. Little girl, she's a little bitch. She's a little bitch. She was a little bitch. She's a little bitch. She's a little bitch. I'm a little bitch. She's a little bitch. But she's a little bitch. She's a little bitch. Transcribe the audio.'
[2026-08-12 16:17:47] PASO 1.5: Consultando Tálamo para clasificación semántica...
[Tálamo] Ollama OK → GENERAL_TALK
[2026-08-12 16:17:53] Tálamo → Tipo: GENERAL_TALK
[2026-08-12 16:17:53] PASO 2: Consultando al Agente Alberth...
[2026-08-12 16:17:53] Recuperando contexto de memoria persistente...
[2026-08-12 16:17:54] Memoria OK → Contexto recuperado (300 chars)
[2026-08-12 16:18:23] ERROR: Falló conexión con el agente. Usando fallback.
[2026-08-12 16:18:23] PASO 3: Generando audio de respuesta (TTS Premium edge-tts)...
[TTS-Premium] Sintetizando 94 caracteres con voz 'es-MX-JorgeNeural'...
[TTS-Premium] OK → Audio generado: alberth_voice_20260811_131622_response.mp3 (45 KB) | Voz: es-MX-JorgeNeural
[2026-08-12 16:18:34] TTS PREMIUM OK → Audio: /Users/digitalspace/.openclaw/workspace/voice_exchange/output/alberth_voice_20260811_131622_response.mp3 (edge-tts)
[2026-08-12 16:18:34] PASO 4: Reproduciendo respuesta...
[2026-08-12 16:18:44] --- PIPELINE COMPLETADO ---
[2026-08-12 16:18:45] --- PIPELINE INICIADO (AUDIO): alberth_voice_20260811_131639.wav ---
[2026-08-12 16:18:45] PASO 1: Transcribiendo audio con Groq Whisper (Cloud)...
[2026-08-12 16:19:06] STT CLOUD OK → Transcripción: Transcribe the audio.
[2026-08-12 16:19:07] FILTRO: Transcripción válida → 'Transcribe the audio.'
[2026-08-12 16:19:07] PASO 1.5: Consultando Tálamo para clasificación semántica...
[Tálamo] Ollama OK → GENERAL_TALK
[2026-08-12 16:19:11] Tálamo → Tipo: GENERAL_TALK
[2026-08-12 16:19:11] PASO 2: Consultando al Agente Alberth...
[2026-08-12 16:19:12] Recuperando contexto de memoria persistente...
[2026-08-12 16:19:12] Memoria OK → Contexto recuperado (300 chars)
[2026-08-12 16:19:39] ERROR: Falló conexión con el agente. Usando fallback.
[2026-08-12 16:19:39] PASO 3: Generando audio de respuesta (TTS Premium edge-tts)...
[TTS-Premium] Sintetizando 94 caracteres con voz 'es-MX-JorgeNeural'...
[TTS-Premium] OK → Audio generado: alberth_voice_20260811_131639_response.mp3 (45 KB) | Voz: es-MX-JorgeNeural
[2026-08-12 16:19:51] TTS PREMIUM OK → Audio: /Users/digitalspace/.openclaw/workspace/voice_exchange/output/alberth_voice_20260811_131639_response.mp3 (edge-tts)
[2026-08-12 16:19:51] PASO 4: Reproduciendo respuesta...
[2026-08-12 16:20:01] --- PIPELINE COMPLETADO ---
[2026-08-12 16:20:02] --- PIPELINE INICIADO (AUDIO): alberth_voice_20260811_131642.wav ---
[2026-08-12 16:20:02] PASO 1: Transcribiendo audio con Groq Whisper (Cloud)...
[2026-08-12 16:20:21] STT CLOUD OK → Transcripción: Thank you.
[2026-08-12 16:20:22] FILTRO: Transcripción descartada por ser basura/silencio: 'Thank you.'
[2026-08-12 16:20:22] --- PIPELINE INICIADO (AUDIO): alberth_voice_20260811_131830.wav ---
[2026-08-12 16:20:22] PASO 1: Transcribiendo audio con Groq Whisper (Cloud)...
[2026-08-12 16:20:44] STT CLOUD OK → Transcripción: Transcribe the audio. I'm sorry.
[2026-08-12 16:20:45] FILTRO: Transcripción válida → 'Transcribe the audio. I'm sorry.'
[2026-08-12 16:20:45] PASO 1.5: Consultando Tálamo para clasificación semántica...
[Tálamo] Ollama OK → GENERAL_TALK
[2026-08-12 16:20:49] Tálamo → Tipo: GENERAL_TALK
[2026-08-12 16:20:49] PASO 2: Consultando al Agente Alberth...
[2026-08-12 16:20:50] Recuperando contexto de memoria persistente...
[2026-08-12 16:20:50] Memoria OK → Contexto recuperado (300 chars)
[2026-08-12 16:21:30] ERROR: Falló conexión con el agente. Usando fallback.
[2026-08-12 16:21:31] PASO 3: Generando audio de respuesta (TTS Premium edge-tts)...
[TTS-Premium] Sintetizando 94 caracteres con voz 'es-MX-JorgeNeural'...
[TTS-Premium] OK → Audio generado: alberth_voice_20260811_131830_response.mp3 (45 KB) | Voz: es-MX-JorgeNeural
[2026-08-12 16:21:45] TTS PREMIUM OK → Audio: /Users/digitalspace/.openclaw/workspace/voice_exchange/output/alberth_voice_20260811_131830_response.mp3 (edge-tts)
[2026-08-12 16:21:45] PASO 4: Reproduciendo respuesta...
[2026-08-12 16:21:56] --- PIPELINE COMPLETADO ---
[2026-08-12 16:21:56] --- PIPELINE INICIADO (AUDIO): alberth_voice_20260811_140215.wav ---
[2026-08-12 16:21:56] PASO 1: Transcribiendo audio con Groq Whisper (Cloud)...
[2026-08-12 16:22:20] STT CLOUD OK → Transcripción: Transcribe the audio.
[2026-08-12 16:22:20] FILTRO: Transcripción válida → 'Transcribe the audio.'
[2026-08-12 16:22:21] PASO 1.5: Consultando Tálamo para clasificación semántica...
[Tálamo] Ollama OK → GENERAL_TALK
[2026-08-12 16:22:26] Tálamo → Tipo: GENERAL_TALK
[2026-08-12 16:22:26] PASO 2: Consultando al Agente Alberth...
[2026-08-12 16:22:26] Recuperando contexto de memoria persistente...
[2026-08-12 16:22:27] Memoria OK → Contexto recuperado (300 chars)
[2026-08-12 16:23:04] ERROR: Falló conexión con el agente. Usando fallback.
[2026-08-12 16:23:04] PASO 3: Generando audio de respuesta (TTS Premium edge-tts)...
[TTS-Premium] Sintetizando 94 caracteres con voz 'es-MX-JorgeNeural'...
[TTS-Premium] OK → Audio generado: alberth_voice_20260811_140215_response.mp3 (45 KB) | Voz: es-MX-JorgeNeural
[2026-08-12 16:23:11] TTS PREMIUM OK → Audio: /Users/digitalspace/.openclaw/workspace/voice_exchange/output/alberth_voice_20260811_140215_response.mp3 (edge-tts)
[2026-08-12 16:23:11] PASO 4: Reproduciendo respuesta...
[2026-08-12 16:23:21] --- PIPELINE COMPLETADO ---
[2026-08-12 16:23:21] --- PIPELINE INICIADO (AUDIO): alberth_voice_20260811_140218.wav ---
[2026-08-12 16:23:21] PASO 1: Transcribiendo audio con Groq Whisper (Cloud)...
[2026-08-12 16:23:40] STT CLOUD OK → Transcripción: The house is going to be.
[2026-08-12 16:23:40] FILTRO: Transcripción válida → 'The house is going to be.'
[2026-08-12 16:23:41] PASO 1.5: Consultando Tálamo para clasificación semántica...
[Tálamo] Ollama OK → GENERAL_TALK
[2026-08-12 16:23:45] Tálamo → Tipo: GENERAL_TALK
[2026-08-12 16:23:45] PASO 2: Consultando al Agente Alberth...
[2026-08-12 16:23:45] Recuperando contexto de memoria persistente...
[2026-08-12 16:23:46] Memoria OK → Contexto recuperado (300 chars)
[2026-08-12 16:24:20] ERROR: Falló conexión con el agente. Usando fallback.
[2026-08-12 16:24:21] PASO 3: Generando audio de respuesta (TTS Premium edge-tts)...
[TTS-Premium] Sintetizando 94 caracteres con voz 'es-MX-JorgeNeural'...
[TTS-Premium] OK → Audio generado: alberth_voice_20260811_140218_response.mp3 (45 KB) | Voz: es-MX-JorgeNeural
[2026-08-12 16:24:30] TTS PREMIUM OK → Audio: /Users/digitalspace/.openclaw/workspace/voice_exchange/output/alberth_voice_20260811_140218_response.mp3 (edge-tts)
[2026-08-12 16:24:30] PASO 4: Reproduciendo respuesta...
[2026-08-12 16:24:40] --- PIPELINE COMPLETADO ---
[2026-08-12 16:24:41] --- PIPELINE INICIADO (AUDIO): alberth_voice_20260811_140244.wav ---
[2026-08-12 16:24:41] PASO 1: Transcribiendo audio con Groq Whisper (Cloud)...
[2026-08-12 16:25:04] STT CLOUD OK → Transcripción: And then, the video is going to be recorded.
[2026-08-12 16:25:04] FILTRO: Transcripción válida → 'And then, the video is going to be recorded.'
[2026-08-12 16:25:05] PASO 1.5: Consultando Tálamo para clasificación semántica...
[Tálamo] Ollama OK → GENERAL_TALK
[2026-08-12 16:25:10] Tálamo → Tipo: GENERAL_TALK
[2026-08-12 16:25:10] PASO 2: Consultando al Agente Alberth...
[2026-08-12 16:25:10] Recuperando contexto de memoria persistente...
[2026-08-12 16:25:11] Memoria OK → Contexto recuperado (300 chars)
[2026-08-12 16:25:37] ERROR: Falló conexión con el agente. Usando fallback.
[2026-08-12 16:25:38] PASO 3: Generando audio de respuesta (TTS Premium edge-tts)...
[TTS-Premium] Sintetizando 94 caracteres con voz 'es-MX-JorgeNeural'...
[TTS-Premium] OK → Audio generado: alberth_voice_20260811_140244_response.mp3 (45 KB) | Voz: es-MX-JorgeNeural
[2026-08-12 16:25:51] TTS PREMIUM OK → Audio: /Users/digitalspace/.openclaw/workspace/voice_exchange/output/alberth_voice_20260811_140244_response.mp3 (edge-tts)
[2026-08-12 16:25:51] PASO 4: Reproduciendo respuesta...
[2026-08-12 16:26:01] --- PIPELINE COMPLETADO ---
[2026-08-12 16:26:01] --- PIPELINE INICIADO (AUDIO): alberth_voice_20260811_140423.wav ---
[2026-08-12 16:26:01] PASO 1: Transcribiendo audio con Groq Whisper (Cloud)...
[2026-08-12 16:26:27] STT CLOUD OK → Transcripción: TRISCAN A mí sí le avisa cuando va a ver el dolor, pero... Pero es que el otro directivo, ese revisó. Estábamos ahí en África. Yo le estaba pasando un libro a Dan. Cuando ¡pum! me sale el mensaje. Actividad cígnica. Yo vengo acá y le digo, Dan, me salió para ver este... And a half.
[2026-08-12 16:26:27] FILTRO: Transcripción válida → 'TRISCAN A mí sí le avisa cuando va a ver el dolor, pero... Pero es que el otro directivo, ese revisó. Estábamos ahí en África. Yo le estaba pasando un libro a Dan. Cuando ¡pum! me sale el mensaje. Actividad cígnica. Yo vengo acá y le digo, Dan, me salió para ver este... And a half.'
[2026-08-12 16:26:28] PASO 1.5: Consultando Tálamo para clasificación semántica...
[Tálamo] Ollama OK → GENERAL_TALK
[2026-08-12 16:26:33] Tálamo → Tipo: GENERAL_TALK
[2026-08-12 16:26:33] PASO 2: Consultando al Agente Alberth...
[2026-08-12 16:26:34] Recuperando contexto de memoria persistente...
[2026-08-12 16:26:34] Memoria OK → Contexto recuperado (300 chars)
[2026-08-12 16:27:03] ERROR: Falló conexión con el agente. Usando fallback.
[2026-08-12 16:27:03] PASO 3: Generando audio de respuesta (TTS Premium edge-tts)...
[TTS-Premium] Sintetizando 94 caracteres con voz 'es-MX-JorgeNeural'...
[TTS-Premium] OK → Audio generado: alberth_voice_20260811_140423_response.mp3 (45 KB) | Voz: es-MX-JorgeNeural
[2026-08-12 16:27:09] TTS PREMIUM OK → Audio: /Users/digitalspace/.openclaw/workspace/voice_exchange/output/alberth_voice_20260811_140423_response.mp3 (edge-tts)
[2026-08-12 16:27:09] PASO 4: Reproduciendo respuesta...
[2026-08-12 16:27:19] --- PIPELINE COMPLETADO ---
[2026-08-12 16:27:20] --- PIPELINE INICIADO (AUDIO): alberth_voice_20260811_140445.wav ---
[2026-08-12 16:27:20] PASO 1: Transcribiendo audio con Groq Whisper (Cloud)...
[2026-08-12 16:27:40] STT CLOUD OK → Transcripción: Bye.
[2026-08-12 16:27:40] FILTRO: Transcripción descartada por ser basura/silencio: 'Bye.'
[2026-08-12 16:27:40] --- PIPELINE INICIADO (AUDIO): alberth_voice_20260811_140509.wav ---
[2026-08-12 16:27:40] PASO 1: Transcribiendo audio con Groq Whisper (Cloud)...
[2026-08-12 16:27:59] STT CLOUD OK → Transcripción: Thank you.
[2026-08-12 16:27:59] FILTRO: Transcripción descartada por ser basura/silencio: 'Thank you.'
[2026-08-12 16:28:00] --- PIPELINE INICIADO (AUDIO): alberth_voice_20260811_140520.wav ---
[2026-08-12 16:28:00] PASO 1: Transcribiendo audio con Groq Whisper (Cloud)...
[2026-08-12 16:28:11] STT CLOUD OK → Transcripción: Olha a placa. Ela está fresquita já. O que ela me hace?
[2026-08-12 16:28:12] FILTRO: Transcripción válida → 'Olha a placa. Ela está fresquita já. O que ela me hace?'
[2026-08-12 16:28:12] PASO 1.5: Consultando Tálamo para clasificación semántica...
[Tálamo] Ollama OK → GENERAL_TALK
[2026-08-12 16:28:17] Tálamo → Tipo: GENERAL_TALK
[2026-08-12 16:28:17] PASO 2: Consultando al Agente Alberth...
[2026-08-12 16:28:17] Recuperando contexto de memoria persistente...
[2026-08-12 16:28:18] Memoria OK → Contexto recuperado (300 chars)
[2026-08-12 16:28:35] ERROR: Falló conexión con el agente. Usando fallback.
[2026-08-12 16:28:35] PASO 3: Generando audio de respuesta (TTS Premium edge-tts)...
[TTS-Premium] Sintetizando 94 caracteres con voz 'es-MX-JorgeNeural'...
[TTS-Premium] OK → Audio generado: alberth_voice_20260811_140520_response.mp3 (45 KB) | Voz: es-MX-JorgeNeural
[2026-08-12 16:28:38] TTS PREMIUM OK → Audio: /Users/digitalspace/.openclaw/workspace/voice_exchange/output/alberth_voice_20260811_140520_response.mp3 (edge-tts)
[2026-08-12 16:28:38] PASO 4: Reproduciendo respuesta...
[2026-08-12 16:28:48] --- PIPELINE COMPLETADO ---
[2026-08-12 16:28:49] --- PIPELINE INICIADO (AUDIO): alberth_voice_20260811_140525.wav ---
[2026-08-12 16:28:49] PASO 1: Transcribiendo audio con Groq Whisper (Cloud)...
[2026-08-12 16:29:00] STT CLOUD OK → Transcripción: Thank you.
[2026-08-12 16:29:00] FILTRO: Transcripción descartada por ser basura/silencio: 'Thank you.'
[2026-08-12 16:29:00] --- PIPELINE INICIADO (AUDIO): alberth_voice_20260811_140537.wav ---
[2026-08-12 16:29:01] PASO 1: Transcribiendo audio con Groq Whisper (Cloud)...
[2026-08-12 16:29:19] STT CLOUD OK → Transcripción: Ai, ai, ai. A gente se vê que é a Mariela.
[2026-08-12 16:29:19] FILTRO: Transcripción válida → 'Ai, ai, ai. A gente se vê que é a Mariela.'
[2026-08-12 16:29:20] PASO 1.5: Consultando Tálamo para clasificación semántica...
[Tálamo] Ollama OK → GENERAL_TALK
[2026-08-12 16:29:24] Tálamo → Tipo: GENERAL_TALK
[2026-08-12 16:29:24] PASO 2: Consultando al Agente Alberth...
[2026-08-12 16:29:24] Recuperando contexto de memoria persistente...
[2026-08-12 16:29:25] Memoria OK → Contexto recuperado (300 chars)
[2026-08-12 16:29:51] ERROR: Falló conexión con el agente. Usando fallback.
[2026-08-12 16:29:51] PASO 3: Generando audio de respuesta (TTS Premium edge-tts)...
[TTS-Premium] Sintetizando 94 caracteres con voz 'es-MX-JorgeNeural'...
[TTS-Premium] OK → Audio generado: alberth_voice_20260811_140537_response.mp3 (45 KB) | Voz: es-MX-JorgeNeural
[2026-08-12 16:30:00] TTS PREMIUM OK → Audio: /Users/digitalspace/.openclaw/workspace/voice_exchange/output/alberth_voice_20260811_140537_response.mp3 (edge-tts)
[2026-08-12 16:30:00] PASO 4: Reproduciendo respuesta...
[2026-08-12 16:30:09] --- PIPELINE COMPLETADO ---
[2026-08-12 16:30:10] --- PIPELINE INICIADO (AUDIO): alberth_voice_20260811_140545.wav ---
[2026-08-12 16:30:10] PASO 1: Transcribiendo audio con Groq Whisper (Cloud)...
[2026-08-12 16:30:26] STT CLOUD OK → Transcripción: Thank you.
[2026-08-12 16:30:26] FILTRO: Transcripción descartada por ser basura/silencio: 'Thank you.'
[2026-08-12 16:30:27] --- PIPELINE INICIADO (AUDIO): alberth_voice_20260811_140812.wav ---
[2026-08-12 16:30:27] PASO 1: Transcribiendo audio con Groq Whisper (Cloud)...
[2026-08-12 16:30:46] STT CLOUD OK → Transcripción: Thank you.
[2026-08-12 16:30:46] FILTRO: Transcripción descartada por ser basura/silencio: 'Thank you.'
[2026-08-12 16:30:47] --- PIPELINE INICIADO (AUDIO): alberth_voice_20260811_140845.wav ---
[2026-08-12 16:30:47] PASO 1: Transcribiendo audio con Groq Whisper (Cloud)...
[2026-08-12 16:31:05] STT CLOUD OK → Transcripción: Thank you.
[2026-08-12 16:31:05] FILTRO: Transcripción descartada por ser basura/silencio: 'Thank you.'
[2026-08-12 16:31:06] --- PIPELINE INICIADO (AUDIO): alberth_voice_20260811_140941.wav ---
[2026-08-12 16:31:06] PASO 1: Transcribiendo audio con Groq Whisper (Cloud)...
[2026-08-12 16:31:22] STT CLOUD OK → Transcripción: Thank you.
[2026-08-12 16:31:22] FILTRO: Transcripción descartada por ser basura/silencio: 'Thank you.'
[2026-08-12 16:31:22] --- PIPELINE INICIADO (AUDIO): alberth_voice_20260811_140955.wav ---
[2026-08-12 16:31:22] PASO 1: Transcribiendo audio con Groq Whisper (Cloud)...
[2026-08-12 16:31:42] STT CLOUD OK → Transcripción: Thank you.
[2026-08-12 16:31:42] FILTRO: Transcripción descartada por ser basura/silencio: 'Thank you.'
[2026-08-12 16:31:42] --- PIPELINE INICIADO (AUDIO): alberth_voice_20260811_141106.wav ---
[2026-08-12 16:31:42] PASO 1: Transcribiendo audio con Groq Whisper (Cloud)...
[2026-08-12 16:31:59] STT CLOUD OK → Transcripción: Yeah.
[2026-08-12 16:31:59] FILTRO: Transcripción descartada por ser basura/silencio: 'Yeah.'
[2026-08-12 16:31:59] --- PIPELINE INICIADO (AUDIO): alberth_voice_20260811_141124.wav ---
[2026-08-12 16:31:59] PASO 1: Transcribiendo audio con Groq Whisper (Cloud)...
[2026-08-12 16:32:15] STT CLOUD OK → Transcripción: Thank you.
[2026-08-12 16:32:15] FILTRO: Transcripción descartada por ser basura/silencio: 'Thank you.'
[2026-08-12 16:32:16] --- PIPELINE INICIADO (AUDIO): alberth_voice_20260811_141136.wav ---
[2026-08-12 16:32:16] PASO 1: Transcribiendo audio con Groq Whisper (Cloud)...
[2026-08-12 16:32:29] STT CLOUD OK → Transcripción: Oh, oh. What is this? I don't know what to say.
[2026-08-12 16:32:29] FILTRO: Transcripción válida → 'Oh, oh. What is this? I don't know what to say.'
[2026-08-12 16:32:30] PASO 1.5: Consultando Tálamo para clasificación semántica...
[Tálamo] Ollama OK → GENERAL_TALK
[2026-08-12 16:32:34] Tálamo → Tipo: GENERAL_TALK
[2026-08-12 16:32:34] PASO 2: Consultando al Agente Alberth...
[2026-08-12 16:32:34] Recuperando contexto de memoria persistente...
[2026-08-12 16:32:34] Memoria OK → Contexto recuperado (300 chars)
[2026-08-12 16:33:06] ERROR: Falló conexión con el agente. Usando fallback.
[2026-08-12 16:33:06] PASO 3: Generando audio de respuesta (TTS Premium edge-tts)...
[TTS-Premium] Sintetizando 94 caracteres con voz 'es-MX-JorgeNeural'...
[TTS-Premium] OK → Audio generado: alberth_voice_20260811_141136_response.mp3 (45 KB) | Voz: es-MX-JorgeNeural
[2026-08-12 16:33:16] TTS PREMIUM OK → Audio: /Users/digitalspace/.openclaw/workspace/voice_exchange/output/alberth_voice_20260811_141136_response.mp3 (edge-tts)
[2026-08-12 16:33:16] PASO 4: Reproduciendo respuesta...
[2026-08-12 16:33:26] --- PIPELINE COMPLETADO ---
[2026-08-12 16:33:26] --- PIPELINE INICIADO (AUDIO): alberth_voice_20260811_141248.wav ---
[2026-08-12 16:33:26] PASO 1: Transcribiendo audio con Groq Whisper (Cloud)...
[2026-08-12 16:33:43] STT CLOUD OK → Transcripción: Bye.
[2026-08-12 16:33:43] FILTRO: Transcripción descartada por ser basura/silencio: 'Bye.'
[2026-08-12 16:33:44] --- PIPELINE INICIADO (AUDIO): alberth_voice_20260811_141252.wav ---
[2026-08-12 16:33:44] PASO 1: Transcribiendo audio con Groq Whisper (Cloud)...
[2026-08-12 16:33:59] STT CLOUD OK → Transcripción: All right.
[2026-08-12 16:33:59] FILTRO: Transcripción válida → 'All right.'
[2026-08-12 16:34:00] PASO 1.5: Consultando Tálamo para clasificación semántica...
[Tálamo] Ollama OK → GENERAL_TALK
[2026-08-12 16:34:04] Tálamo → Tipo: GENERAL_TALK
[2026-08-12 16:34:04] PASO 2: Consultando al Agente Alberth...
[2026-08-12 16:34:04] Recuperando contexto de memoria persistente...
[2026-08-12 16:34:04] Memoria OK → Contexto recuperado (300 chars)
[2026-08-12 16:34:42] ERROR: Falló conexión con el agente. Usando fallback.
[2026-08-12 16:34:42] PASO 3: Generando audio de respuesta (TTS Premium edge-tts)...
[TTS-Premium] Sintetizando 94 caracteres con voz 'es-MX-JorgeNeural'...
[TTS-Premium] OK → Audio generado: alberth_voice_20260811_141252_response.mp3 (45 KB) | Voz: es-MX-JorgeNeural
[2026-08-12 16:35:00] TTS PREMIUM OK → Audio: /Users/digitalspace/.openclaw/workspace/voice_exchange/output/alberth_voice_20260811_141252_response.mp3 (edge-tts)
[2026-08-12 16:35:00] PASO 4: Reproduciendo respuesta...
[2026-08-12 16:35:10] --- PIPELINE COMPLETADO ---
[2026-08-12 16:35:10] --- PIPELINE INICIADO (AUDIO): alberth_voice_20260811_143448.wav ---
[2026-08-12 16:35:10] PASO 1: Transcribiendo audio con Groq Whisper (Cloud)...
[2026-08-12 16:35:25] STT CLOUD OK → Transcripción: Thank you.
[2026-08-12 16:35:25] FILTRO: Transcripción descartada por ser basura/silencio: 'Thank you.'
[2026-08-12 16:35:26] --- PIPELINE INICIADO (AUDIO): alberth_voice_20260811_143516.wav ---
[2026-08-12 16:35:26] PASO 1: Transcribiendo audio con Groq Whisper (Cloud)...
[2026-08-12 16:35:39] STT CLOUD OK → Transcripción: I don't know.
[2026-08-12 16:35:39] FILTRO: Transcripción válida → 'I don't know.'
[2026-08-12 16:35:40] PASO 1.5: Consultando Tálamo para clasificación semántica...
[Tálamo] Ollama OK → GENERAL_TALK
[2026-08-12 16:35:44] Tálamo → Tipo: GENERAL_TALK
[2026-08-12 16:35:44] PASO 2: Consultando al Agente Alberth...
[2026-08-12 16:35:44] Recuperando contexto de memoria persistente...
[2026-08-12 16:35:45] Memoria OK → Contexto recuperado (300 chars)
[2026-08-12 16:36:01] ERROR: Falló conexión con el agente. Usando fallback.
[2026-08-12 16:36:01] PASO 3: Generando audio de respuesta (TTS Premium edge-tts)...
[TTS-Premium] Sintetizando 94 caracteres con voz 'es-MX-JorgeNeural'...
[TTS-Premium] OK → Audio generado: alberth_voice_20260811_143516_response.mp3 (45 KB) | Voz: es-MX-JorgeNeural
[2026-08-12 16:36:09] TTS PREMIUM OK → Audio: /Users/digitalspace/.openclaw/workspace/voice_exchange/output/alberth_voice_20260811_143516_response.mp3 (edge-tts)
[2026-08-12 16:36:10] PASO 4: Reproduciendo respuesta...
[2026-08-12 16:36:20] --- PIPELINE COMPLETADO ---
[2026-08-12 16:36:20] --- PIPELINE INICIADO (AUDIO): alberth_voice_20260811_143621.wav ---
[2026-08-12 16:36:20] PASO 1: Transcribiendo audio con Groq Whisper (Cloud)...
[2026-08-12 16:36:41] STT CLOUD OK → Transcripción: Thank you.
[2026-08-12 16:36:41] FILTRO: Transcripción descartada por ser basura/silencio: 'Thank you.'
[2026-08-12 16:36:42] --- PIPELINE INICIADO (AUDIO): alberth_voice_20260811_143626.wav ---
[2026-08-12 16:36:42] PASO 1: Transcribiendo audio con Groq Whisper (Cloud)...
[2026-08-12 16:36:57] STT CLOUD OK → Transcripción: Thank you.
[2026-08-12 16:36:57] FILTRO: Transcripción descartada por ser basura/silencio: 'Thank you.'
[2026-08-12 16:36:58] --- PIPELINE INICIADO (AUDIO): alberth_voice_20260811_143638.wav ---
[2026-08-12 16:36:58] PASO 1: Transcribiendo audio con Groq Whisper (Cloud)...
[2026-08-12 16:37:17] STT CLOUD OK → Transcripción: Transcribe the audio.
[2026-08-12 16:37:18] FILTRO: Transcripción válida → 'Transcribe the audio.'
[2026-08-12 16:37:18] PASO 1.5: Consultando Tálamo para clasificación semántica...
[Tálamo] Ollama OK → GENERAL_TALK
[2026-08-12 16:37:22] Tálamo → Tipo: GENERAL_TALK
[2026-08-12 16:37:22] PASO 2: Consultando al Agente Alberth...
[2026-08-12 16:37:22] Recuperando contexto de memoria persistente...
[2026-08-12 16:37:22] Memoria OK → Contexto recuperado (300 chars)
[2026-08-12 16:37:49] ERROR: Falló conexión con el agente. Usando fallback.
[2026-08-12 16:37:49] PASO 3: Generando audio de respuesta (TTS Premium edge-tts)...
[TTS-Premium] Sintetizando 94 caracteres con voz 'es-MX-JorgeNeural'...
[TTS-Premium] OK → Audio generado: alberth_voice_20260811_143638_response.mp3 (45 KB) | Voz: es-MX-JorgeNeural
[2026-08-12 16:38:04] TTS PREMIUM OK → Audio: /Users/digitalspace/.openclaw/workspace/voice_exchange/output/alberth_voice_20260811_143638_response.mp3 (edge-tts)
[2026-08-12 16:38:04] PASO 4: Reproduciendo respuesta...
[2026-08-12 16:38:15] --- PIPELINE COMPLETADO ---
[2026-08-12 16:38:15] --- PIPELINE INICIADO (AUDIO): alberth_voice_20260811_143811.wav ---
[2026-08-12 16:38:15] PASO 1: Transcribiendo audio con Groq Whisper (Cloud)...
[2026-08-12 16:38:36] STT CLOUD OK → Transcripción: Thank you.
[2026-08-12 16:38:36] FILTRO: Transcripción descartada por ser basura/silencio: 'Thank you.'
[2026-08-12 16:38:36] --- PIPELINE INICIADO (AUDIO): alberth_voice_20260811_144014.wav ---
[2026-08-12 16:38:36] PASO 1: Transcribiendo audio con Groq Whisper (Cloud)...
[2026-08-12 16:39:02] STT CLOUD OK → Transcripción: Transcribe the audio.
[2026-08-12 16:39:02] FILTRO: Transcripción válida → 'Transcribe the audio.'
[2026-08-12 16:39:03] PASO 1.5: Consultando Tálamo para clasificación semántica...
[Tálamo] Ollama OK → GENERAL_TALK
[2026-08-12 16:39:06] Tálamo → Tipo: GENERAL_TALK
[2026-08-12 16:39:06] PASO 2: Consultando al Agente Alberth...
[2026-08-12 16:39:07] Recuperando contexto de memoria persistente...
[2026-08-12 16:39:07] Memoria OK → Contexto recuperado (300 chars)
[2026-08-12 16:39:46] ERROR: Falló conexión con el agente. Usando fallback.
[2026-08-12 16:39:46] PASO 3: Generando audio de respuesta (TTS Premium edge-tts)...
[TTS-Premium] Sintetizando 94 caracteres con voz 'es-MX-JorgeNeural'...
[TTS-Premium] OK → Audio generado: alberth_voice_20260811_144014_response.mp3 (45 KB) | Voz: es-MX-JorgeNeural
[2026-08-12 16:40:00] TTS PREMIUM OK → Audio: /Users/digitalspace/.openclaw/workspace/voice_exchange/output/alberth_voice_20260811_144014_response.mp3 (edge-tts)
[2026-08-12 16:40:00] PASO 4: Reproduciendo respuesta...
[2026-08-12 16:40:10] --- PIPELINE COMPLETADO ---
[2026-08-12 16:40:11] --- PIPELINE INICIADO (AUDIO): alberth_voice_20260811_144103.wav ---
[2026-08-12 16:40:11] PASO 1: Transcribiendo audio con Groq Whisper (Cloud)...
[2026-08-12 16:40:33] STT CLOUD OK → Transcripción: .
[2026-08-12 16:40:34] FILTRO: Transcripción descartada por ser basura/silencio: '.'
[2026-08-12 16:40:34] --- PIPELINE INICIADO (AUDIO): alberth_voice_20260811_144122.wav ---
[2026-08-12 16:40:34] PASO 1: Transcribiendo audio con Groq Whisper (Cloud)...
[2026-08-12 16:40:51] STT CLOUD OK → Transcripción: Transcribe the audio.
[2026-08-12 16:40:52] FILTRO: Transcripción válida → 'Transcribe the audio.'
[2026-08-12 16:40:52] PASO 1.5: Consultando Tálamo para clasificación semántica...
[Tálamo] Ollama OK → GENERAL_TALK
[2026-08-12 16:40:55] Tálamo → Tipo: GENERAL_TALK
[2026-08-12 16:40:56] PASO 2: Consultando al Agente Alberth...
[2026-08-12 16:40:56] Recuperando contexto de memoria persistente...
[2026-08-12 16:40:56] Memoria OK → Contexto recuperado (300 chars)
[2026-08-12 16:41:26] ERROR: Falló conexión con el agente. Usando fallback.
[2026-08-12 16:41:26] PASO 3: Generando audio de respuesta (TTS Premium edge-tts)...
[TTS-Premium] Sintetizando 94 caracteres con voz 'es-MX-JorgeNeural'...
[TTS-Premium] OK → Audio generado: alberth_voice_20260811_144122_response.mp3 (45 KB) | Voz: es-MX-JorgeNeural
[2026-08-12 16:41:41] TTS PREMIUM OK → Audio: /Users/digitalspace/.openclaw/workspace/voice_exchange/output/alberth_voice_20260811_144122_response.mp3 (edge-tts)
[2026-08-12 16:41:41] PASO 4: Reproduciendo respuesta...
[2026-08-12 16:41:51] --- PIPELINE COMPLETADO ---
[2026-08-12 16:41:52] --- PIPELINE INICIADO (AUDIO): alberth_voice_20260811_144143.wav ---
[2026-08-12 16:41:52] PASO 1: Transcribiendo audio con Groq Whisper (Cloud)...
[2026-08-12 16:42:13] STT CLOUD OK → Transcripción: Transcribe the audio.
[2026-08-12 16:42:13] FILTRO: Transcripción válida → 'Transcribe the audio.'
[2026-08-12 16:42:14] PASO 1.5: Consultando Tálamo para clasificación semántica...
[Tálamo] Ollama OK → GENERAL_TALK
[2026-08-12 16:42:17] Tálamo → Tipo: GENERAL_TALK
[2026-08-12 16:42:17] PASO 2: Consultando al Agente Alberth...
[2026-08-12 16:42:17] Recuperando contexto de memoria persistente...
[2026-08-12 16:42:18] Memoria OK → Contexto recuperado (300 chars)
[2026-08-12 16:42:47] ERROR: Falló conexión con el agente. Usando fallback.
[2026-08-12 16:42:47] PASO 3: Generando audio de respuesta (TTS Premium edge-tts)...
[TTS-Premium] Sintetizando 94 caracteres con voz 'es-MX-JorgeNeural'...
[TTS-Premium] OK → Audio generado: alberth_voice_20260811_144143_response.mp3 (45 KB) | Voz: es-MX-JorgeNeural
[2026-08-12 16:43:01] TTS PREMIUM OK → Audio: /Users/digitalspace/.openclaw/workspace/voice_exchange/output/alberth_voice_20260811_144143_response.mp3 (edge-tts)
[2026-08-12 16:43:01] PASO 4: Reproduciendo respuesta...
[2026-08-12 16:43:11] --- PIPELINE COMPLETADO ---
[2026-08-12 16:43:11] --- PIPELINE INICIADO (AUDIO): alberth_voice_20260811_144216.wav ---
[2026-08-12 16:43:11] PASO 1: Transcribiendo audio con Groq Whisper (Cloud)...
[2026-08-12 16:43:32] STT CLOUD OK → Transcripción: Transcribe the audio.
[2026-08-12 16:43:32] FILTRO: Transcripción válida → 'Transcribe the audio.'
[2026-08-12 16:43:33] PASO 1.5: Consultando Tálamo para clasificación semántica...
[Tálamo] Ollama OK → GENERAL_TALK
[2026-08-12 16:43:36] Tálamo → Tipo: GENERAL_TALK
[2026-08-12 16:43:36] PASO 2: Consultando al Agente Alberth...
[2026-08-12 16:43:36] Recuperando contexto de memoria persistente...
[2026-08-12 16:43:37] Memoria OK → Contexto recuperado (300 chars)
[2026-08-12 16:44:06] ERROR: Falló conexión con el agente. Usando fallback.
[2026-08-12 16:44:06] PASO 3: Generando audio de respuesta (TTS Premium edge-tts)...
[TTS-Premium] Sintetizando 94 caracteres con voz 'es-MX-JorgeNeural'...
[TTS-Premium] OK → Audio generado: alberth_voice_20260811_144216_response.mp3 (45 KB) | Voz: es-MX-JorgeNeural
[2026-08-12 16:44:19] TTS PREMIUM OK → Audio: /Users/digitalspace/.openclaw/workspace/voice_exchange/output/alberth_voice_20260811_144216_response.mp3 (edge-tts)
[2026-08-12 16:44:20] PASO 4: Reproduciendo respuesta...
[2026-08-12 16:44:30] --- PIPELINE COMPLETADO ---
[2026-08-12 16:44:30] --- PIPELINE INICIADO (AUDIO): alberth_voice_20260811_144258.wav ---
[2026-08-12 16:44:30] PASO 1: Transcribiendo audio con Groq Whisper (Cloud)...
[2026-08-12 16:44:52] STT CLOUD OK → Transcripción: Transcribe the audio. Thank you.
[2026-08-12 16:44:52] FILTRO: Transcripción válida → 'Transcribe the audio. Thank you.'
[2026-08-12 16:44:53] PASO 1.5: Consultando Tálamo para clasificación semántica...
[Tálamo] Ollama OK → GENERAL_TALK
[2026-08-12 16:44:57] Tálamo → Tipo: GENERAL_TALK
[2026-08-12 16:44:57] PASO 2: Consultando al Agente Alberth...
[2026-08-12 16:44:57] Recuperando contexto de memoria persistente...
[2026-08-12 16:44:57] Memoria OK → Contexto recuperado (300 chars)
[2026-08-12 16:45:34] ERROR: Falló conexión con el agente. Usando fallback.
[2026-08-12 16:45:34] PASO 3: Generando audio de respuesta (TTS Premium edge-tts)...
[TTS-Premium] Sintetizando 94 caracteres con voz 'es-MX-JorgeNeural'...
[TTS-Premium] OK → Audio generado: alberth_voice_20260811_144258_response.mp3 (45 KB) | Voz: es-MX-JorgeNeural
[2026-08-12 16:45:49] TTS PREMIUM OK → Audio: /Users/digitalspace/.openclaw/workspace/voice_exchange/output/alberth_voice_20260811_144258_response.mp3 (edge-tts)
[2026-08-12 16:45:49] PASO 4: Reproduciendo respuesta...
[2026-08-12 16:45:59] --- PIPELINE COMPLETADO ---
[2026-08-12 16:45:59] --- PIPELINE INICIADO (AUDIO): alberth_voice_20260811_144318.wav ---
[2026-08-12 16:46:00] PASO 1: Transcribiendo audio con Groq Whisper (Cloud)...
[2026-08-12 16:46:19] STT CLOUD OK → Transcripción: Thank you.
[2026-08-12 16:46:19] FILTRO: Transcripción descartada por ser basura/silencio: 'Thank you.'
[2026-08-12 16:46:19] --- PIPELINE INICIADO (AUDIO): alberth_voice_20260811_144328.wav ---
[2026-08-12 16:46:20] PASO 1: Transcribiendo audio con Groq Whisper (Cloud)...
[2026-08-12 16:46:33] STT CLOUD OK → Transcripción: Thank you.
[2026-08-12 16:46:33] FILTRO: Transcripción descartada por ser basura/silencio: 'Thank you.'
[2026-08-12 16:46:34] --- PIPELINE INICIADO (AUDIO): alberth_voice_20260811_144411.wav ---
[2026-08-12 16:46:34] PASO 1: Transcribiendo audio con Groq Whisper (Cloud)...
[2026-08-12 16:46:54] STT CLOUD OK → Transcripción: This is the video.
[2026-08-12 16:46:54] FILTRO: Transcripción descartada por ser basura/silencio: 'This is the video.'
[2026-08-12 16:46:54] --- PIPELINE INICIADO (AUDIO): alberth_voice_20260811_144427.wav ---
[2026-08-12 16:46:54] PASO 1: Transcribiendo audio con Groq Whisper (Cloud)...
[2026-08-12 16:47:07] STT CLOUD OK → Transcripción: Ah, ¿qué tal? ¿Por qué va a operar? Bueno, puedo hacer la mañana, de noche a la misma que les iba a desacocinar. A ver si el día está bien, está la comida.
[2026-08-12 16:47:07] FILTRO: Transcripción válida → 'Ah, ¿qué tal? ¿Por qué va a operar? Bueno, puedo hacer la mañana, de noche a la misma que les iba a desacocinar. A ver si el día está bien, está la comida.'
[2026-08-12 16:47:08] PASO 1.5: Consultando Tálamo para clasificación semántica...
[Tálamo] Ollama OK → GENERAL_TALK
[2026-08-12 16:47:12] Tálamo → Tipo: GENERAL_TALK
[2026-08-12 16:47:12] PASO 2: Consultando al Agente Alberth...
[2026-08-12 16:47:13] Recuperando contexto de memoria persistente...
[2026-08-12 16:47:13] Memoria OK → Contexto recuperado (300 chars)
[2026-08-12 16:47:27] ERROR: Falló conexión con el agente. Usando fallback.
[2026-08-12 16:47:28] PASO 3: Generando audio de respuesta (TTS Premium edge-tts)...
[TTS-Premium] Sintetizando 94 caracteres con voz 'es-MX-JorgeNeural'...
[TTS-Premium] OK → Audio generado: alberth_voice_20260811_144427_response.mp3 (45 KB) | Voz: es-MX-JorgeNeural
[2026-08-12 16:47:30] TTS PREMIUM OK → Audio: /Users/digitalspace/.openclaw/workspace/voice_exchange/output/alberth_voice_20260811_144427_response.mp3 (edge-tts)
[2026-08-12 16:47:31] PASO 4: Reproduciendo respuesta...
[2026-08-12 16:47:41] --- PIPELINE COMPLETADO ---
[2026-08-12 16:47:41] --- PIPELINE INICIADO (AUDIO): alberth_voice_20260811_144446.wav ---
[2026-08-12 16:47:41] PASO 1: Transcribiendo audio con Groq Whisper (Cloud)...
[2026-08-12 16:48:01] STT CLOUD OK → Transcripción: Transcribe the audio.
[2026-08-12 16:48:01] FILTRO: Transcripción válida → 'Transcribe the audio.'
[2026-08-12 16:48:02] PASO 1.5: Consultando Tálamo para clasificación semántica...
[Tálamo] Ollama OK → GENERAL_TALK
[2026-08-12 16:48:06] Tálamo → Tipo: GENERAL_TALK
[2026-08-12 16:48:06] PASO 2: Consultando al Agente Alberth...
[2026-08-12 16:48:06] Recuperando contexto de memoria persistente...
[2026-08-12 16:48:07] Memoria OK → Contexto recuperado (300 chars)
[2026-08-12 16:48:37] ERROR: Falló conexión con el agente. Usando fallback.
[2026-08-12 16:48:37] PASO 3: Generando audio de respuesta (TTS Premium edge-tts)...
[TTS-Premium] Sintetizando 94 caracteres con voz 'es-MX-JorgeNeural'...
[TTS-Premium] OK → Audio generado: alberth_voice_20260811_144446_response.mp3 (45 KB) | Voz: es-MX-JorgeNeural
[2026-08-12 16:48:50] TTS PREMIUM OK → Audio: /Users/digitalspace/.openclaw/workspace/voice_exchange/output/alberth_voice_20260811_144446_response.mp3 (edge-tts)
[2026-08-12 16:48:50] PASO 4: Reproduciendo respuesta...
[2026-08-12 16:49:00] --- PIPELINE COMPLETADO ---
[2026-08-12 16:49:00] --- PIPELINE INICIADO (AUDIO): alberth_voice_20260811_144449.wav ---
[2026-08-12 16:49:00] PASO 1: Transcribiendo audio con Groq Whisper (Cloud)...
[2026-08-12 16:49:19] STT CLOUD OK → Transcripción: Thank you.
[2026-08-12 16:49:19] FILTRO: Transcripción descartada por ser basura/silencio: 'Thank you.'
[2026-08-12 16:49:19] --- PIPELINE INICIADO (AUDIO): alberth_voice_20260811_144458.wav ---
[2026-08-12 16:49:20] PASO 1: Transcribiendo audio con Groq Whisper (Cloud)...
[2026-08-12 16:49:42] STT CLOUD OK → Transcripción: Thank you.
[2026-08-12 16:49:42] FILTRO: Transcripción descartada por ser basura/silencio: 'Thank you.'
[2026-08-12 16:49:42] --- PIPELINE INICIADO (AUDIO): alberth_voice_20260811_144531.wav ---
[2026-08-12 16:49:42] PASO 1: Transcribiendo audio con Groq Whisper (Cloud)...
[2026-08-12 16:50:03] STT CLOUD OK → Transcripción: Transcribe the audio.
[2026-08-12 16:50:04] FILTRO: Transcripción válida → 'Transcribe the audio.'
[2026-08-12 16:50:04] PASO 1.5: Consultando Tálamo para clasificación semántica...
[Tálamo] Ollama OK → GENERAL_TALK
[2026-08-12 16:50:07] Tálamo → Tipo: GENERAL_TALK
[2026-08-12 16:50:08] PASO 2: Consultando al Agente Alberth...
[2026-08-12 16:50:08] Recuperando contexto de memoria persistente...
[2026-08-12 16:50:08] Memoria OK → Contexto recuperado (300 chars)
[2026-08-12 16:50:46] ERROR: Falló conexión con el agente. Usando fallback.
[2026-08-12 16:50:47] PASO 3: Generando audio de respuesta (TTS Premium edge-tts)...
[TTS-Premium] Sintetizando 94 caracteres con voz 'es-MX-JorgeNeural'...
[TTS-Premium] OK → Audio generado: alberth_voice_20260811_144531_response.mp3 (45 KB) | Voz: es-MX-JorgeNeural
[2026-08-12 16:50:57] TTS PREMIUM OK → Audio: /Users/digitalspace/.openclaw/workspace/voice_exchange/output/alberth_voice_20260811_144531_response.mp3 (edge-tts)
[2026-08-12 16:50:58] PASO 4: Reproduciendo respuesta...
[2026-08-12 16:51:08] --- PIPELINE COMPLETADO ---
[2026-08-12 16:51:08] --- PIPELINE INICIADO (AUDIO): alberth_voice_20260811_145901.wav ---
[2026-08-12 16:51:08] PASO 1: Transcribiendo audio con Groq Whisper (Cloud)...
[2026-08-12 16:51:30] STT CLOUD OK → Transcripción: Yeah, I'll hear you.
[2026-08-12 16:51:30] FILTRO: Transcripción válida → 'Yeah, I'll hear you.'
[2026-08-12 16:51:30] PASO 1.5: Consultando Tálamo para clasificación semántica...
[Tálamo] Ollama OK → GENERAL_TALK
[2026-08-12 16:51:36] Tálamo → Tipo: GENERAL_TALK
[2026-08-12 16:51:36] PASO 2: Consultando al Agente Alberth...
[2026-08-12 16:51:36] Recuperando contexto de memoria persistente...
[2026-08-12 16:51:37] Memoria OK → Contexto recuperado (300 chars)
[2026-08-12 16:52:00] ERROR: Falló conexión con el agente. Usando fallback.
[2026-08-12 16:52:00] PASO 3: Generando audio de respuesta (TTS Premium edge-tts)...
[TTS-Premium] Sintetizando 94 caracteres con voz 'es-MX-JorgeNeural'...
[TTS-Premium] OK → Audio generado: alberth_voice_20260811_145901_response.mp3 (45 KB) | Voz: es-MX-JorgeNeural
[2026-08-12 16:52:08] TTS PREMIUM OK → Audio: /Users/digitalspace/.openclaw/workspace/voice_exchange/output/alberth_voice_20260811_145901_response.mp3 (edge-tts)
[2026-08-12 16:52:08] PASO 4: Reproduciendo respuesta...
[2026-08-12 16:52:18] --- PIPELINE COMPLETADO ---
[2026-08-12 16:52:19] --- PIPELINE INICIADO (AUDIO): alberth_voice_20260811_145921.wav ---
[2026-08-12 16:52:19] PASO 1: Transcribiendo audio con Groq Whisper (Cloud)...
[2026-08-12 16:52:34] STT CLOUD OK → Transcripción: I'm going to go.
[2026-08-12 16:52:34] FILTRO: Transcripción válida → 'I'm going to go.'
[2026-08-12 16:52:34] PASO 1.5: Consultando Tálamo para clasificación semántica...
[Tálamo] Ollama OK → GENERAL_TALK
[2026-08-12 16:52:40] Tálamo → Tipo: GENERAL_TALK
[2026-08-12 16:52:40] PASO 2: Consultando al Agente Alberth...
[2026-08-12 16:52:40] Recuperando contexto de memoria persistente...
[2026-08-12 16:52:40] Memoria OK → Contexto recuperado (300 chars)
[2026-08-12 16:53:16] ERROR: Falló conexión con el agente. Usando fallback.
[2026-08-12 16:53:16] PASO 3: Generando audio de respuesta (TTS Premium edge-tts)...
[TTS-Premium] Sintetizando 94 caracteres con voz 'es-MX-JorgeNeural'...
[TTS-Premium] OK → Audio generado: alberth_voice_20260811_145921_response.mp3 (45 KB) | Voz: es-MX-JorgeNeural
[2026-08-12 16:53:25] TTS PREMIUM OK → Audio: /Users/digitalspace/.openclaw/workspace/voice_exchange/output/alberth_voice_20260811_145921_response.mp3 (edge-tts)
[2026-08-12 16:53:25] PASO 4: Reproduciendo respuesta...
[2026-08-12 16:53:35] --- PIPELINE COMPLETADO ---
[2026-08-12 16:53:36] --- PIPELINE INICIADO (AUDIO): alberth_voice_20260811_145928.wav ---
[2026-08-12 16:53:36] PASO 1: Transcribiendo audio con Groq Whisper (Cloud)...
[2026-08-12 16:54:12] STT CLOUD OK → Transcripción: Thank you.
[2026-08-12 16:54:12] FILTRO: Transcripción descartada por ser basura/silencio: 'Thank you.'
[2026-08-12 16:54:13] --- PIPELINE INICIADO (AUDIO): alberth_voice_20260811_145943.wav ---
[2026-08-12 16:54:13] PASO 1: Transcribiendo audio con Groq Whisper (Cloud)...
[2026-08-12 16:54:30] STT CLOUD OK → Transcripción: Thank you.
[2026-08-12 16:54:30] FILTRO: Transcripción descartada por ser basura/silencio: 'Thank you.'
[2026-08-12 16:54:31] --- PIPELINE INICIADO (AUDIO): alberth_voice_20260811_150057.wav ---
[2026-08-12 16:54:31] PASO 1: Transcribiendo audio con Groq Whisper (Cloud)...
[2026-08-12 16:54:42] STT CLOUD OK → Transcripción: Transcribe the audio. Thank you.
[2026-08-12 16:54:42] FILTRO: Transcripción válida → 'Transcribe the audio. Thank you.'
[2026-08-12 16:54:43] PASO 1.5: Consultando Tálamo para clasificación semántica...
[Tálamo] Ollama OK → GENERAL_TALK
[2026-08-12 16:54:51] Tálamo → Tipo: GENERAL_TALK
[2026-08-12 16:54:52] PASO 2: Consultando al Agente Alberth...
[2026-08-12 16:54:52] Recuperando contexto de memoria persistente...
[2026-08-12 16:54:52] Memoria OK → Contexto recuperado (300 chars)
[2026-08-12 16:55:06] ERROR: Falló conexión con el agente. Usando fallback.
[2026-08-12 16:55:06] PASO 3: Generando audio de respuesta (TTS Premium edge-tts)...
[TTS-Premium] Sintetizando 94 caracteres con voz 'es-MX-JorgeNeural'...
[TTS-Premium] OK → Audio generado: alberth_voice_20260811_150057_response.mp3 (45 KB) | Voz: es-MX-JorgeNeural
[2026-08-12 16:55:09] TTS PREMIUM OK → Audio: /Users/digitalspace/.openclaw/workspace/voice_exchange/output/alberth_voice_20260811_150057_response.mp3 (edge-tts)
[2026-08-12 16:55:09] PASO 4: Reproduciendo respuesta...
[2026-08-12 16:55:19] --- PIPELINE COMPLETADO ---
[2026-08-12 16:55:19] --- PIPELINE INICIADO (AUDIO): alberth_voice_20260811_150210.wav ---
[2026-08-12 16:55:19] PASO 1: Transcribiendo audio con Groq Whisper (Cloud)...
[2026-08-12 16:55:28] STT CLOUD OK → Transcripción: Thank you.
[2026-08-12 16:55:28] FILTRO: Transcripción descartada por ser basura/silencio: 'Thank you.'
[2026-08-12 16:55:28] --- PIPELINE INICIADO (AUDIO): alberth_voice_20260811_150526.wav ---
[2026-08-12 16:55:28] PASO 1: Transcribiendo audio con Groq Whisper (Cloud)...
[2026-08-12 16:55:40] STT CLOUD OK → Transcripción: Transcribe the audio. Thank you.
[2026-08-12 16:55:40] FILTRO: Transcripción válida → 'Transcribe the audio. Thank you.'
[2026-08-12 16:55:41] PASO 1.5: Consultando Tálamo para clasificación semántica...
[Tálamo] Ollama OK → GENERAL_TALK
[2026-08-12 16:55:43] Tálamo → Tipo: GENERAL_TALK
[2026-08-12 16:55:44] PASO 2: Consultando al Agente Alberth...
[2026-08-12 16:55:44] Recuperando contexto de memoria persistente...
[2026-08-12 16:55:44] Memoria OK → Contexto recuperado (300 chars)
[2026-08-12 16:55:55] ERROR: Falló conexión con el agente. Usando fallback.
[2026-08-12 16:55:55] PASO 3: Generando audio de respuesta (TTS Premium edge-tts)...
[TTS-Premium] Sintetizando 94 caracteres con voz 'es-MX-JorgeNeural'...
[TTS-Premium] OK → Audio generado: alberth_voice_20260811_150526_response.mp3 (45 KB) | Voz: es-MX-JorgeNeural
[2026-08-12 16:55:57] TTS PREMIUM OK → Audio: /Users/digitalspace/.openclaw/workspace/voice_exchange/output/alberth_voice_20260811_150526_response.mp3 (edge-tts)
[2026-08-12 16:55:57] PASO 4: Reproduciendo respuesta...
[2026-08-12 16:56:07] --- PIPELINE COMPLETADO ---
[2026-08-12 16:56:07] --- PIPELINE INICIADO (AUDIO): alberth_voice_20260811_150537.wav ---
[2026-08-12 16:56:07] PASO 1: Transcribiendo audio con Groq Whisper (Cloud)...
[2026-08-12 16:56:16] STT CLOUD OK → Transcripción: Transcribe the audio.
[2026-08-12 16:56:16] FILTRO: Transcripción válida → 'Transcribe the audio.'
[2026-08-12 16:56:17] PASO 1.5: Consultando Tálamo para clasificación semántica...
[Tálamo] Ollama OK → GENERAL_TALK
[2026-08-12 16:56:20] Tálamo → Tipo: GENERAL_TALK
[2026-08-12 16:56:20] PASO 2: Consultando al Agente Alberth...
[2026-08-12 16:56:20] Recuperando contexto de memoria persistente...
[2026-08-12 16:56:21] Memoria OK → Contexto recuperado (300 chars)
[2026-08-12 16:56:31] ERROR: Falló conexión con el agente. Usando fallback.
[2026-08-12 16:56:31] PASO 3: Generando audio de respuesta (TTS Premium edge-tts)...
[TTS-Premium] Sintetizando 94 caracteres con voz 'es-MX-JorgeNeural'...
[TTS-Premium] OK → Audio generado: alberth_voice_20260811_150537_response.mp3 (45 KB) | Voz: es-MX-JorgeNeural
[2026-08-12 16:56:34] TTS PREMIUM OK → Audio: /Users/digitalspace/.openclaw/workspace/voice_exchange/output/alberth_voice_20260811_150537_response.mp3 (edge-tts)
[2026-08-12 16:56:34] PASO 4: Reproduciendo respuesta...
[2026-08-12 16:56:43] --- PIPELINE COMPLETADO ---
[2026-08-12 16:56:44] --- PIPELINE INICIADO (AUDIO): alberth_voice_20260811_150704.wav ---
[2026-08-12 16:56:44] PASO 1: Transcribiendo audio con Groq Whisper (Cloud)...
[2026-08-12 16:56:53] STT CLOUD OK → Transcripción: I'm sorry. Thank you.
[2026-08-12 16:56:53] FILTRO: Transcripción válida → 'I'm sorry. Thank you.'
[2026-08-12 16:56:53] PASO 1.5: Consultando Tálamo para clasificación semántica...
[Tálamo] Ollama OK → GENERAL_TALK
[2026-08-12 16:56:57] Tálamo → Tipo: GENERAL_TALK
[2026-08-12 16:56:57] PASO 2: Consultando al Agente Alberth...
[2026-08-12 16:56:57] Recuperando contexto de memoria persistente...
[2026-08-12 16:56:57] Memoria OK → Contexto recuperado (300 chars)
[2026-08-12 16:57:08] ERROR: Falló conexión con el agente. Usando fallback.
[2026-08-12 16:57:08] PASO 3: Generando audio de respuesta (TTS Premium edge-tts)...
[TTS-Premium] Sintetizando 94 caracteres con voz 'es-MX-JorgeNeural'...
[TTS-Premium] OK → Audio generado: alberth_voice_20260811_150704_response.mp3 (45 KB) | Voz: es-MX-JorgeNeural
[2026-08-12 16:57:11] TTS PREMIUM OK → Audio: /Users/digitalspace/.openclaw/workspace/voice_exchange/output/alberth_voice_20260811_150704_response.mp3 (edge-tts)
[2026-08-12 16:57:11] PASO 4: Reproduciendo respuesta...
[2026-08-12 16:57:20] --- PIPELINE COMPLETADO ---
[2026-08-12 16:57:21] --- PIPELINE INICIADO (AUDIO): alberth_voice_20260811_150833.wav ---
[2026-08-12 16:57:21] PASO 1: Transcribiendo audio con Groq Whisper (Cloud)...
[2026-08-12 16:57:32] STT CLOUD OK → Transcripción: Thank you.
[2026-08-12 16:57:32] FILTRO: Transcripción descartada por ser basura/silencio: 'Thank you.'
[2026-08-12 16:57:32] --- PIPELINE INICIADO (AUDIO): alberth_voice_20260811_150907.wav ---
[2026-08-12 16:57:32] PASO 1: Transcribiendo audio con Groq Whisper (Cloud)...
[2026-08-12 16:57:49] STT CLOUD OK → Transcripción: You're very brave. Tres y media de la tarde en Guayapim.
[2026-08-12 16:57:50] FILTRO: Transcripción válida → 'You're very brave. Tres y media de la tarde en Guayapim.'
[2026-08-12 16:57:50] PASO 1.5: Consultando Tálamo para clasificación semántica...
[Tálamo] Ollama OK → GENERAL_TALK
[2026-08-12 16:57:54] Tálamo → Tipo: GENERAL_TALK
[2026-08-12 16:57:54] PASO 2: Consultando al Agente Alberth...
[2026-08-12 16:57:55] Recuperando contexto de memoria persistente...
[2026-08-12 16:57:55] Memoria OK → Contexto recuperado (300 chars)
[2026-08-12 16:58:12] ERROR: Falló conexión con el agente. Usando fallback.
[2026-08-12 16:58:12] PASO 3: Generando audio de respuesta (TTS Premium edge-tts)...
[TTS-Premium] Sintetizando 94 caracteres con voz 'es-MX-JorgeNeural'...
[TTS-Premium] OK → Audio generado: alberth_voice_20260811_150907_response.mp3 (45 KB) | Voz: es-MX-JorgeNeural
[2026-08-12 16:58:16] TTS PREMIUM OK → Audio: /Users/digitalspace/.openclaw/workspace/voice_exchange/output/alberth_voice_20260811_150907_response.mp3 (edge-tts)
[2026-08-12 16:58:16] PASO 4: Reproduciendo respuesta...
[2026-08-12 16:58:26] --- PIPELINE COMPLETADO ---
[2026-08-12 16:58:26] --- PIPELINE INICIADO (AUDIO): alberth_voice_20260811_151133.wav ---
[2026-08-12 16:58:26] PASO 1: Transcribiendo audio con Groq Whisper (Cloud)...
[2026-08-12 16:58:38] STT CLOUD OK → Transcripción: Transcribe the audio.
[2026-08-12 16:58:38] FILTRO: Transcripción válida → 'Transcribe the audio.'
[2026-08-12 16:58:38] PASO 1.5: Consultando Tálamo para clasificación semántica...
[Tálamo] Ollama OK → GENERAL_TALK
[2026-08-12 16:58:42] Tálamo → Tipo: GENERAL_TALK
[2026-08-12 16:58:42] PASO 2: Consultando al Agente Alberth...
[2026-08-12 16:58:42] Recuperando contexto de memoria persistente...
[2026-08-12 16:58:43] Memoria OK → Contexto recuperado (300 chars)
[2026-08-12 16:58:57] ERROR: Falló conexión con el agente. Usando fallback.
[2026-08-12 16:58:57] PASO 3: Generando audio de respuesta (TTS Premium edge-tts)...
[TTS-Premium] Sintetizando 94 caracteres con voz 'es-MX-JorgeNeural'...
[TTS-Premium] OK → Audio generado: alberth_voice_20260811_151133_response.mp3 (45 KB) | Voz: es-MX-JorgeNeural
[2026-08-12 16:59:01] TTS PREMIUM OK → Audio: /Users/digitalspace/.openclaw/workspace/voice_exchange/output/alberth_voice_20260811_151133_response.mp3 (edge-tts)
[2026-08-12 16:59:01] PASO 4: Reproduciendo respuesta...
[2026-08-12 16:59:11] --- PIPELINE COMPLETADO ---
[2026-08-12 16:59:11] --- PIPELINE INICIADO (AUDIO): alberth_voice_20260811_151155.wav ---
[2026-08-12 16:59:11] PASO 1: Transcribiendo audio con Groq Whisper (Cloud)...
[2026-08-12 16:59:23] STT CLOUD OK → Transcripción: Transcribe the audio.
[2026-08-12 16:59:23] FILTRO: Transcripción válida → 'Transcribe the audio.'
[2026-08-12 16:59:24] PASO 1.5: Consultando Tálamo para clasificación semántica...
[Tálamo] Ollama OK → GENERAL_TALK
[2026-08-12 16:59:27] Tálamo → Tipo: GENERAL_TALK
[2026-08-12 16:59:27] PASO 2: Consultando al Agente Alberth...
[2026-08-12 16:59:27] Recuperando contexto de memoria persistente...
[2026-08-12 16:59:28] Memoria OK → Contexto recuperado (300 chars)
[2026-08-12 16:59:41] ERROR: Falló conexión con el agente. Usando fallback.
[2026-08-12 16:59:41] PASO 3: Generando audio de respuesta (TTS Premium edge-tts)...
[TTS-Premium] Sintetizando 94 caracteres con voz 'es-MX-JorgeNeural'...
[TTS-Premium] OK → Audio generado: alberth_voice_20260811_151155_response.mp3 (45 KB) | Voz: es-MX-JorgeNeural
[2026-08-12 16:59:44] TTS PREMIUM OK → Audio: /Users/digitalspace/.openclaw/workspace/voice_exchange/output/alberth_voice_20260811_151155_response.mp3 (edge-tts)
[2026-08-12 16:59:44] PASO 4: Reproduciendo respuesta...
[2026-08-12 16:59:54] --- PIPELINE COMPLETADO ---
[2026-08-12 16:59:54] --- PIPELINE INICIADO (AUDIO): alberth_voice_20260811_151207.wav ---
[2026-08-12 16:59:54] PASO 1: Transcribiendo audio con Groq Whisper (Cloud)...
[2026-08-12 17:00:06] STT CLOUD OK → Transcripción: .
[2026-08-12 17:00:06] FILTRO: Transcripción descartada por ser basura/silencio: '.'
[2026-08-12 17:00:07] --- PIPELINE INICIADO (AUDIO): alberth_voice_20260811_151216.wav ---
[2026-08-12 17:00:07] PASO 1: Transcribiendo audio con Groq Whisper (Cloud)...
[2026-08-12 17:00:17] STT CLOUD OK → Transcripción: .
[2026-08-12 17:00:17] FILTRO: Transcripción descartada por ser basura/silencio: '.'
[2026-08-12 17:00:18] --- PIPELINE INICIADO (AUDIO): alberth_voice_20260811_151222.wav ---
[2026-08-12 17:00:18] PASO 1: Transcribiendo audio con Groq Whisper (Cloud)...
[2026-08-12 17:00:28] STT CLOUD OK → Transcripción: Thank you.
[2026-08-12 17:00:28] FILTRO: Transcripción descartada por ser basura/silencio: 'Thank you.'
[2026-08-12 17:00:28] --- PIPELINE INICIADO (AUDIO): alberth_voice_20260811_151231.wav ---
[2026-08-12 17:00:28] PASO 1: Transcribiendo audio con Groq Whisper (Cloud)...
[2026-08-12 17:00:39] STT CLOUD OK → Transcripción: Transcribe the audio.
[2026-08-12 17:00:39] FILTRO: Transcripción válida → 'Transcribe the audio.'
[2026-08-12 17:00:39] PASO 1.5: Consultando Tálamo para clasificación semántica...
[Tálamo] Ollama OK → GENERAL_TALK
[2026-08-12 17:00:44] Tálamo → Tipo: GENERAL_TALK
[2026-08-12 17:00:44] PASO 2: Consultando al Agente Alberth...
[2026-08-12 17:00:44] Recuperando contexto de memoria persistente...
[2026-08-12 17:00:45] Memoria OK → Contexto recuperado (300 chars)
[2026-08-12 17:00:59] ERROR: Falló conexión con el agente. Usando fallback.
[2026-08-12 17:00:59] PASO 3: Generando audio de respuesta (TTS Premium edge-tts)...
[TTS-Premium] Sintetizando 94 caracteres con voz 'es-MX-JorgeNeural'...
[TTS-Premium] OK → Audio generado: alberth_voice_20260811_151231_response.mp3 (45 KB) | Voz: es-MX-JorgeNeural
[2026-08-12 17:01:03] TTS PREMIUM OK → Audio: /Users/digitalspace/.openclaw/workspace/voice_exchange/output/alberth_voice_20260811_151231_response.mp3 (edge-tts)
[2026-08-12 17:01:03] PASO 4: Reproduciendo respuesta...
[2026-08-12 17:01:13] --- PIPELINE COMPLETADO ---
[2026-08-12 17:01:14] --- PIPELINE INICIADO (AUDIO): alberth_voice_20260811_151240.wav ---
[2026-08-12 17:01:14] PASO 1: Transcribiendo audio con Groq Whisper (Cloud)...
[2026-08-12 17:01:24] STT CLOUD OK → Transcripción: Ya le están dando la pesquisa. Y con más este todo tranquila, porque ya funciona.
[2026-08-12 17:01:24] FILTRO: Transcripción válida → 'Ya le están dando la pesquisa. Y con más este todo tranquila, porque ya funciona.'
[2026-08-12 17:01:25] PASO 1.5: Consultando Tálamo para clasificación semántica...
[Tálamo] Ollama OK → GENERAL_TALK
[2026-08-12 17:01:29] Tálamo → Tipo: GENERAL_TALK
[2026-08-12 17:01:29] PASO 2: Consultando al Agente Alberth...
[2026-08-12 17:01:29] Recuperando contexto de memoria persistente...
[2026-08-12 17:01:30] Memoria OK → Contexto recuperado (300 chars)
[2026-08-12 17:01:44] ERROR: Falló conexión con el agente. Usando fallback.
[2026-08-12 17:01:44] PASO 3: Generando audio de respuesta (TTS Premium edge-tts)...
[TTS-Premium] Sintetizando 94 caracteres con voz 'es-MX-JorgeNeural'...
[TTS-Premium] OK → Audio generado: alberth_voice_20260811_151240_response.mp3 (45 KB) | Voz: es-MX-JorgeNeural
[2026-08-12 17:01:47] TTS PREMIUM OK → Audio: /Users/digitalspace/.openclaw/workspace/voice_exchange/output/alberth_voice_20260811_151240_response.mp3 (edge-tts)
[2026-08-12 17:01:47] PASO 4: Reproduciendo respuesta...
[2026-08-12 17:01:57] --- PIPELINE COMPLETADO ---
[2026-08-12 17:01:58] --- PIPELINE INICIADO (AUDIO): alberth_voice_20260811_151250.wav ---
[2026-08-12 17:01:58] PASO 1: Transcribiendo audio con Groq Whisper (Cloud)...
[2026-08-12 17:02:10] STT CLOUD OK → Transcripción: Thank you.
[2026-08-12 17:02:10] FILTRO: Transcripción descartada por ser basura/silencio: 'Thank you.'
[2026-08-12 17:02:11] --- PIPELINE INICIADO (AUDIO): alberth_voice_20260811_151312.wav ---
[2026-08-12 17:02:11] PASO 1: Transcribiendo audio con Groq Whisper (Cloud)...
[2026-08-12 17:02:23] STT CLOUD OK → Transcripción: Transcribe the audio.
[2026-08-12 17:02:23] FILTRO: Transcripción válida → 'Transcribe the audio.'
[2026-08-12 17:02:24] PASO 1.5: Consultando Tálamo para clasificación semántica...
[Tálamo] Ollama OK → GENERAL_TALK
[2026-08-12 17:02:28] Tálamo → Tipo: GENERAL_TALK
[2026-08-12 17:02:28] PASO 2: Consultando al Agente Alberth...
[2026-08-12 17:02:28] Recuperando contexto de memoria persistente...
[2026-08-12 17:02:28] Memoria OK → Contexto recuperado (300 chars)
[2026-08-12 17:02:43] ERROR: Falló conexión con el agente. Usando fallback.
[2026-08-12 17:02:44] PASO 3: Generando audio de respuesta (TTS Premium edge-tts)...
[TTS-Premium] Sintetizando 94 caracteres con voz 'es-MX-JorgeNeural'...
[TTS-Premium] OK → Audio generado: alberth_voice_20260811_151312_response.mp3 (45 KB) | Voz: es-MX-JorgeNeural
[2026-08-12 17:02:47] TTS PREMIUM OK → Audio: /Users/digitalspace/.openclaw/workspace/voice_exchange/output/alberth_voice_20260811_151312_response.mp3 (edge-tts)
[2026-08-12 17:02:47] PASO 4: Reproduciendo respuesta...
[2026-08-12 17:02:57] --- PIPELINE COMPLETADO ---
[2026-08-12 17:02:57] --- PIPELINE INICIADO (AUDIO): alberth_voice_20260811_151338.wav ---
[2026-08-12 17:02:58] PASO 1: Transcribiendo audio con Groq Whisper (Cloud)...
[2026-08-12 17:03:11] STT CLOUD OK → Transcripción: Thank you.
[2026-08-12 17:03:11] FILTRO: Transcripción descartada por ser basura/silencio: 'Thank you.'
[2026-08-12 17:03:12] --- PIPELINE INICIADO (AUDIO): alberth_voice_20260811_151355.wav ---
[2026-08-12 17:03:12] PASO 1: Transcribiendo audio con Groq Whisper (Cloud)...
[2026-08-12 17:03:26] STT CLOUD OK → Transcripción: .
[2026-08-12 17:03:26] FILTRO: Transcripción descartada por ser basura/silencio: '.'
[2026-08-12 17:03:27] --- PIPELINE INICIADO (AUDIO): alberth_voice_20260811_151419.wav ---
[2026-08-12 17:03:27] PASO 1: Transcribiendo audio con Groq Whisper (Cloud)...
[2026-08-12 17:03:47] STT CLOUD OK → Transcripción: Transcribe the audio.
[2026-08-12 17:03:47] FILTRO: Transcripción válida → 'Transcribe the audio.'
[2026-08-12 17:03:48] PASO 1.5: Consultando Tálamo para clasificación semántica...
[Tálamo] Ollama OK → GENERAL_TALK
[2026-08-12 17:03:52] Tálamo → Tipo: GENERAL_TALK
[2026-08-12 17:03:52] PASO 2: Consultando al Agente Alberth...
[2026-08-12 17:03:53] Recuperando contexto de memoria persistente...
[2026-08-12 17:03:53] Memoria OK → Contexto recuperado (300 chars)
[2026-08-12 17:04:14] ERROR: Falló conexión con el agente. Usando fallback.
[2026-08-12 17:04:14] PASO 3: Generando audio de respuesta (TTS Premium edge-tts)...
[TTS-Premium] Sintetizando 94 caracteres con voz 'es-MX-JorgeNeural'...
[TTS-Premium] OK → Audio generado: alberth_voice_20260811_151419_response.mp3 (45 KB) | Voz: es-MX-JorgeNeural
[2026-08-12 17:04:16] TTS PREMIUM OK → Audio: /Users/digitalspace/.openclaw/workspace/voice_exchange/output/alberth_voice_20260811_151419_response.mp3 (edge-tts)
[2026-08-12 17:04:16] PASO 4: Reproduciendo respuesta...
[2026-08-12 17:04:26] --- PIPELINE COMPLETADO ---
[2026-08-12 17:04:27] --- PIPELINE INICIADO (AUDIO): alberth_voice_20260811_151441.wav ---
[2026-08-12 17:04:27] PASO 1: Transcribiendo audio con Groq Whisper (Cloud)...
[2026-08-12 17:04:40] STT CLOUD OK → Transcripción: Oh, my God. Oh, my God.
[2026-08-12 17:04:40] FILTRO: Transcripción válida → 'Oh, my God. Oh, my God.'
[2026-08-12 17:04:40] PASO 1.5: Consultando Tálamo para clasificación semántica...
[Tálamo] Ollama OK → GENERAL_TALK
[2026-08-12 17:04:44] Tálamo → Tipo: GENERAL_TALK
[2026-08-12 17:04:44] PASO 2: Consultando al Agente Alberth...
[2026-08-12 17:04:44] Recuperando contexto de memoria persistente...
[2026-08-12 17:04:45] Memoria OK → Contexto recuperado (300 chars)
[2026-08-12 17:04:57] ERROR: Falló conexión con el agente. Usando fallback.
[2026-08-12 17:04:58] PASO 3: Generando audio de respuesta (TTS Premium edge-tts)...
[TTS-Premium] Sintetizando 94 caracteres con voz 'es-MX-JorgeNeural'...
[TTS-Premium] OK → Audio generado: alberth_voice_20260811_151441_response.mp3 (45 KB) | Voz: es-MX-JorgeNeural
[2026-08-12 17:05:01] TTS PREMIUM OK → Audio: /Users/digitalspace/.openclaw/workspace/voice_exchange/output/alberth_voice_20260811_151441_response.mp3 (edge-tts)
[2026-08-12 17:05:01] PASO 4: Reproduciendo respuesta...
[2026-08-12 17:05:11] --- PIPELINE COMPLETADO ---
[2026-08-12 17:05:11] --- PIPELINE INICIADO (AUDIO): alberth_voice_20260811_151455.wav ---
[2026-08-12 17:05:11] PASO 1: Transcribiendo audio con Groq Whisper (Cloud)...
[2026-08-12 17:05:24] STT CLOUD OK → Transcripción: Así eras toda chiquita, llorosísima también. Trabajita llorona.
[2026-08-12 17:05:25] FILTRO: Transcripción válida → 'Así eras toda chiquita, llorosísima también. Trabajita llorona.'
[2026-08-12 17:05:25] PASO 1.5: Consultando Tálamo para clasificación semántica...
[Tálamo] Ollama OK → GENERAL_TALK
[2026-08-12 17:05:31] Tálamo → Tipo: GENERAL_TALK
[2026-08-12 17:05:32] PASO 2: Consultando al Agente Alberth...
[2026-08-12 17:05:32] Recuperando contexto de memoria persistente...
[2026-08-12 17:05:32] Memoria OK → Contexto recuperado (300 chars)
[2026-08-12 17:05:49] ERROR: Falló conexión con el agente. Usando fallback.
[2026-08-12 17:05:50] PASO 3: Generando audio de respuesta (TTS Premium edge-tts)...
[TTS-Premium] Sintetizando 94 caracteres con voz 'es-MX-JorgeNeural'...
[TTS-Premium] OK → Audio generado: alberth_voice_20260811_151455_response.mp3 (45 KB) | Voz: es-MX-JorgeNeural
[2026-08-12 17:05:53] TTS PREMIUM OK → Audio: /Users/digitalspace/.openclaw/workspace/voice_exchange/output/alberth_voice_20260811_151455_response.mp3 (edge-tts)
[2026-08-12 17:05:53] PASO 4: Reproduciendo respuesta...
[2026-08-12 17:06:03] --- PIPELINE COMPLETADO ---
[2026-08-12 17:06:03] --- PIPELINE INICIADO (AUDIO): alberth_voice_20260811_151519.wav ---
[2026-08-12 17:06:03] PASO 1: Transcribiendo audio con Groq Whisper (Cloud)...
[2026-08-12 17:06:20] STT CLOUD OK → Transcripción: Transcribe the audio.
[2026-08-12 17:06:20] FILTRO: Transcripción válida → 'Transcribe the audio.'
[2026-08-12 17:06:20] PASO 1.5: Consultando Tálamo para clasificación semántica...
[Tálamo] Ollama OK → GENERAL_TALK
[2026-08-12 17:06:25] Tálamo → Tipo: GENERAL_TALK
[2026-08-12 17:06:25] PASO 2: Consultando al Agente Alberth...
[2026-08-12 17:06:26] Recuperando contexto de memoria persistente...
[2026-08-12 17:06:26] Memoria OK → Contexto recuperado (300 chars)
[2026-08-12 17:06:46] ERROR: Falló conexión con el agente. Usando fallback.
[2026-08-12 17:06:46] PASO 3: Generando audio de respuesta (TTS Premium edge-tts)...
[TTS-Premium] Sintetizando 94 caracteres con voz 'es-MX-JorgeNeural'...
[TTS-Premium] OK → Audio generado: alberth_voice_20260811_151519_response.mp3 (45 KB) | Voz: es-MX-JorgeNeural
[2026-08-12 17:06:49] TTS PREMIUM OK → Audio: /Users/digitalspace/.openclaw/workspace/voice_exchange/output/alberth_voice_20260811_151519_response.mp3 (edge-tts)
[2026-08-12 17:06:49] PASO 4: Reproduciendo respuesta...
[2026-08-12 17:06:59] --- PIPELINE COMPLETADO ---
[2026-08-12 17:07:00] --- PIPELINE INICIADO (AUDIO): alberth_voice_20260811_151524.wav ---
[2026-08-12 17:07:00] PASO 1: Transcribiendo audio con Groq Whisper (Cloud)...
[2026-08-12 17:07:44] STT CLOUD OK → Transcripción: Thank you.
[2026-08-12 17:07:44] FILTRO: Transcripción descartada por ser basura/silencio: 'Thank you.'
[2026-08-12 17:07:44] --- PIPELINE INICIADO (AUDIO): alberth_voice_20260811_151527.wav ---
[2026-08-12 17:07:44] PASO 1: Transcribiendo audio con Groq Whisper (Cloud)...
[2026-08-12 17:08:00] STT CLOUD OK → Transcripción: What's that? What's that?
[2026-08-12 17:08:00] FILTRO: Transcripción válida → 'What's that? What's that?'
[2026-08-12 17:08:01] PASO 1.5: Consultando Tálamo para clasificación semántica...
[Tálamo] Ollama OK → GENERAL_TALK
[2026-08-12 17:08:08] Tálamo → Tipo: GENERAL_TALK
[2026-08-12 17:08:08] PASO 2: Consultando al Agente Alberth...
[2026-08-12 17:08:08] Recuperando contexto de memoria persistente...
[2026-08-12 17:08:09] Memoria OK → Contexto recuperado (300 chars)
[2026-08-12 17:08:50] ERROR: Falló conexión con el agente. Usando fallback.
[2026-08-12 17:08:50] PASO 3: Generando audio de respuesta (TTS Premium edge-tts)...
[TTS-Premium] Sintetizando 94 caracteres con voz 'es-MX-JorgeNeural'...
[TTS-Premium] OK → Audio generado: alberth_voice_20260811_151527_response.mp3 (45 KB) | Voz: es-MX-JorgeNeural
[2026-08-12 17:08:55] TTS PREMIUM OK → Audio: /Users/digitalspace/.openclaw/workspace/voice_exchange/output/alberth_voice_20260811_151527_response.mp3 (edge-tts)
[2026-08-12 17:08:55] PASO 4: Reproduciendo respuesta...
[2026-08-12 17:09:06] --- PIPELINE COMPLETADO ---
[2026-08-12 17:09:07] --- PIPELINE INICIADO (AUDIO): alberth_voice_20260811_151618.wav ---
[2026-08-12 17:09:07] PASO 1: Transcribiendo audio con Groq Whisper (Cloud)...
[2026-08-12 17:09:54] STT CLOUD OK → Transcripción: Transcribe the audio.
[2026-08-12 17:09:54] FILTRO: Transcripción válida → 'Transcribe the audio.'
[2026-08-12 17:09:55] PASO 1.5: Consultando Tálamo para clasificación semántica...
[Tálamo] Ollama OK → GENERAL_TALK
[2026-08-12 17:10:44] Tálamo → Tipo: GENERAL_TALK
[2026-08-12 17:10:44] PASO 2: Consultando al Agente Alberth...
[2026-08-12 17:10:44] Recuperando contexto de memoria persistente...
[2026-08-12 17:10:46] Memoria OK → Contexto recuperado (300 chars)
[2026-08-12 17:11:34] ERROR: Falló conexión con el agente. Usando fallback.
[2026-08-12 17:11:35] PASO 3: Generando audio de respuesta (TTS Premium edge-tts)...
[TTS-Premium] Sintetizando 94 caracteres con voz 'es-MX-JorgeNeural'...
[TTS-Premium] OK → Audio generado: alberth_voice_20260811_151618_response.mp3 (45 KB) | Voz: es-MX-JorgeNeural
[2026-08-12 17:11:38] TTS PREMIUM OK → Audio: /Users/digitalspace/.openclaw/workspace/voice_exchange/output/alberth_voice_20260811_151618_response.mp3 (edge-tts)
[2026-08-12 17:11:38] PASO 4: Reproduciendo respuesta...
[2026-08-12 17:11:49] --- PIPELINE COMPLETADO ---
[2026-08-12 17:11:50] --- PIPELINE INICIADO (AUDIO): alberth_voice_20260811_151627.wav ---
[2026-08-12 17:11:50] PASO 1: Transcribiendo audio con Groq Whisper (Cloud)...
[2026-08-12 17:12:32] STT CLOUD OK → Transcripción: You're bien amargada, amor.
[2026-08-12 17:12:33] FILTRO: Transcripción válida → 'You're bien amargada, amor.'
[2026-08-12 17:12:34] PASO 1.5: Consultando Tálamo para clasificación semántica...
[Tálamo] Ollama OK → GENERAL_TALK
[2026-08-12 17:12:44] Tálamo → Tipo: GENERAL_TALK
[2026-08-12 17:12:44] PASO 2: Consultando al Agente Alberth...
[2026-08-12 17:12:44] Recuperando contexto de memoria persistente...
[2026-08-12 17:12:45] Memoria OK → Contexto recuperado (300 chars)
[2026-08-12 17:13:15] ERROR: Falló conexión con el agente. Usando fallback.
[2026-08-12 17:13:15] PASO 3: Generando audio de respuesta (TTS Premium edge-tts)...
[TTS-Premium] Sintetizando 94 caracteres con voz 'es-MX-JorgeNeural'...
[TTS-Premium] OK → Audio generado: alberth_voice_20260811_151627_response.mp3 (45 KB) | Voz: es-MX-JorgeNeural
[2026-08-12 17:13:18] TTS PREMIUM OK → Audio: /Users/digitalspace/.openclaw/workspace/voice_exchange/output/alberth_voice_20260811_151627_response.mp3 (edge-tts)
[2026-08-12 17:13:18] PASO 4: Reproduciendo respuesta...
[2026-08-12 17:13:29] --- PIPELINE COMPLETADO ---
[2026-08-12 17:13:29] --- PIPELINE INICIADO (AUDIO): alberth_voice_20260811_151646.wav ---
[2026-08-12 17:13:29] PASO 1: Transcribiendo audio con Groq Whisper (Cloud)...
[2026-08-12 17:13:50] STT CLOUD OK → Transcripción: Transcribe the audio.
[2026-08-12 17:13:50] FILTRO: Transcripción válida → 'Transcribe the audio.'
[2026-08-12 17:13:51] PASO 1.5: Consultando Tálamo para clasificación semántica...
[Tálamo] Ollama OK → GENERAL_TALK
[2026-08-12 17:13:57] Tálamo → Tipo: GENERAL_TALK
[2026-08-12 17:13:57] PASO 2: Consultando al Agente Alberth...
[2026-08-12 17:13:57] Recuperando contexto de memoria persistente...
[2026-08-12 17:13:58] Memoria OK → Contexto recuperado (300 chars)
[2026-08-12 17:14:26] ERROR: Falló conexión con el agente. Usando fallback.
[2026-08-12 17:14:27] PASO 3: Generando audio de respuesta (TTS Premium edge-tts)...
[TTS-Premium] Sintetizando 94 caracteres con voz 'es-MX-JorgeNeural'...
[TTS-Premium] OK → Audio generado: alberth_voice_20260811_151646_response.mp3 (45 KB) | Voz: es-MX-JorgeNeural
[2026-08-12 17:14:31] TTS PREMIUM OK → Audio: /Users/digitalspace/.openclaw/workspace/voice_exchange/output/alberth_voice_20260811_151646_response.mp3 (edge-tts)
[2026-08-12 17:14:32] PASO 4: Reproduciendo respuesta...
[2026-08-12 17:14:42] --- PIPELINE COMPLETADO ---
[2026-08-12 17:14:42] --- PIPELINE INICIADO (AUDIO): alberth_voice_20260811_151655.wav ---
[2026-08-12 17:14:42] PASO 1: Transcribiendo audio con Groq Whisper (Cloud)...
[2026-08-12 17:15:12] STT CLOUD OK → Transcripción: Thank you.
[2026-08-12 17:15:12] FILTRO: Transcripción descartada por ser basura/silencio: 'Thank you.'
[2026-08-12 17:15:13] --- PIPELINE INICIADO (AUDIO): alberth_voice_20260811_151725.wav ---
[2026-08-12 17:15:14] PASO 1: Transcribiendo audio con Groq Whisper (Cloud)...
[2026-08-12 17:15:36] STT CLOUD OK → Transcripción: Esa es la que le duele la barriguita, es el cielo. Sí, es eso. No puedes ni ponerle aceite, nada de eso en la barriguita. Todavía no le puedes poner nada ni aceite en la barriga.
[2026-08-12 17:15:37] FILTRO: Transcripción válida → 'Esa es la que le duele la barriguita, es el cielo. Sí, es eso. No puedes ni ponerle aceite, nada de eso en la barriguita. Todavía no le puedes poner nada ni aceite en la barriga.'
[2026-08-12 17:15:37] PASO 1.5: Consultando Tálamo para clasificación semántica...
[Tálamo] Ollama OK → GENERAL_TALK
[2026-08-12 17:15:47] Tálamo → Tipo: GENERAL_TALK
[2026-08-12 17:15:47] PASO 2: Consultando al Agente Alberth...
[2026-08-12 17:15:47] Recuperando contexto de memoria persistente...
[2026-08-12 17:15:48] Memoria OK → Contexto recuperado (300 chars)
[2026-08-12 17:16:31] ERROR: Falló conexión con el agente. Usando fallback.
[2026-08-12 17:16:32] PASO 3: Generando audio de respuesta (TTS Premium edge-tts)...
[TTS-Premium] Sintetizando 94 caracteres con voz 'es-MX-JorgeNeural'...
[TTS-Premium] OK → Audio generado: alberth_voice_20260811_151725_response.mp3 (45 KB) | Voz: es-MX-JorgeNeural
[2026-08-12 17:16:35] TTS PREMIUM OK → Audio: /Users/digitalspace/.openclaw/workspace/voice_exchange/output/alberth_voice_20260811_151725_response.mp3 (edge-tts)
[2026-08-12 17:16:35] PASO 4: Reproduciendo respuesta...
[2026-08-12 17:16:46] --- PIPELINE COMPLETADO ---
[2026-08-12 17:16:46] --- PIPELINE INICIADO (AUDIO): alberth_voice_20260811_151742.wav ---
[2026-08-12 17:16:46] PASO 1: Transcribiendo audio con Groq Whisper (Cloud)...
[2026-08-12 17:17:11] STT CLOUD OK → Transcripción: Transcribe the audio.
[2026-08-12 17:17:12] FILTRO: Transcripción válida → 'Transcribe the audio.'
[2026-08-12 17:17:13] PASO 1.5: Consultando Tálamo para clasificación semántica...
[Tálamo] Ollama OK → GENERAL_TALK
[2026-08-12 17:17:22] Tálamo → Tipo: GENERAL_TALK
[2026-08-12 17:17:22] PASO 2: Consultando al Agente Alberth...
[2026-08-12 17:17:22] Recuperando contexto de memoria persistente...
[2026-08-12 17:17:24] Memoria OK → Contexto recuperado (300 chars)
[2026-08-12 17:17:45] ERROR: Falló conexión con el agente. Usando fallback.
[2026-08-12 17:17:45] PASO 3: Generando audio de respuesta (TTS Premium edge-tts)...
[TTS-Premium] Sintetizando 94 caracteres con voz 'es-MX-JorgeNeural'...
[TTS-Premium] OK → Audio generado: alberth_voice_20260811_151742_response.mp3 (45 KB) | Voz: es-MX-JorgeNeural
[2026-08-12 17:17:48] TTS PREMIUM OK → Audio: /Users/digitalspace/.openclaw/workspace/voice_exchange/output/alberth_voice_20260811_151742_response.mp3 (edge-tts)
[2026-08-12 17:17:48] PASO 4: Reproduciendo respuesta...
[2026-08-12 17:17:58] --- PIPELINE COMPLETADO ---
[2026-08-12 17:17:59] --- PIPELINE INICIADO (AUDIO): alberth_voice_20260811_151811.wav ---
[2026-08-12 17:18:00] PASO 1: Transcribiendo audio con Groq Whisper (Cloud)...
[2026-08-12 17:18:33] STT CLOUD OK → Transcripción: Thank you.
[2026-08-12 17:18:34] FILTRO: Transcripción descartada por ser basura/silencio: 'Thank you.'
[2026-08-12 17:18:34] --- PIPELINE INICIADO (AUDIO): alberth_voice_20260811_151813.wav ---
[2026-08-12 17:18:34] PASO 1: Transcribiendo audio con Groq Whisper (Cloud)...
[2026-08-12 17:18:54] STT CLOUD OK → Transcripción: Yeah.
[2026-08-12 17:18:54] FILTRO: Transcripción descartada por ser basura/silencio: 'Yeah.'
[2026-08-12 17:18:55] --- PIPELINE INICIADO (AUDIO): alberth_voice_20260811_151816.wav ---
[2026-08-12 17:18:55] PASO 1: Transcribiendo audio con Groq Whisper (Cloud)...
[2026-08-12 17:19:12] STT CLOUD OK → Transcripción: Thank you.
[2026-08-12 17:19:13] FILTRO: Transcripción descartada por ser basura/silencio: 'Thank you.'
[2026-08-12 17:19:13] --- PIPELINE INICIADO (AUDIO): alberth_voice_20260811_151826.wav ---
[2026-08-12 17:19:13] PASO 1: Transcribiendo audio con Groq Whisper (Cloud)...
[2026-08-12 17:19:33] STT CLOUD OK → Transcripción: Transcribe the audio.
[2026-08-12 17:19:33] FILTRO: Transcripción válida → 'Transcribe the audio.'
[2026-08-12 17:19:34] PASO 1.5: Consultando Tálamo para clasificación semántica...
[Tálamo] Ollama OK → GENERAL_TALK
[2026-08-12 17:19:39] Tálamo → Tipo: GENERAL_TALK
[2026-08-12 17:19:39] PASO 2: Consultando al Agente Alberth...
[2026-08-12 17:19:39] Recuperando contexto de memoria persistente...
[2026-08-12 17:19:40] Memoria OK → Contexto recuperado (300 chars)
[2026-08-12 17:19:59] ERROR: Falló conexión con el agente. Usando fallback.
[2026-08-12 17:19:59] PASO 3: Generando audio de respuesta (TTS Premium edge-tts)...
[TTS-Premium] Sintetizando 94 caracteres con voz 'es-MX-JorgeNeural'...
[TTS-Premium] OK → Audio generado: alberth_voice_20260811_151826_response.mp3 (45 KB) | Voz: es-MX-JorgeNeural
[2026-08-12 17:20:04] TTS PREMIUM OK → Audio: /Users/digitalspace/.openclaw/workspace/voice_exchange/output/alberth_voice_20260811_151826_response.mp3 (edge-tts)
[2026-08-12 17:20:05] PASO 4: Reproduciendo respuesta...
[2026-08-12 17:20:14] --- PIPELINE COMPLETADO ---
[2026-08-12 17:20:15] --- PIPELINE INICIADO (AUDIO): alberth_voice_20260811_151836.wav ---
[2026-08-12 17:20:15] PASO 1: Transcribiendo audio con Groq Whisper (Cloud)...
[2026-08-12 17:20:30] STT CLOUD OK → Transcripción: Thank you.
[2026-08-12 17:20:30] FILTRO: Transcripción descartada por ser basura/silencio: 'Thank you.'
[2026-08-12 17:20:31] --- PIPELINE INICIADO (AUDIO): alberth_voice_20260811_151847.wav ---
[2026-08-12 17:20:31] PASO 1: Transcribiendo audio con Groq Whisper (Cloud)...
[2026-08-12 17:20:42] STT CLOUD OK → Transcripción: Transcribe the audio.
[2026-08-12 17:20:42] FILTRO: Transcripción válida → 'Transcribe the audio.'
[2026-08-12 17:20:43] PASO 1.5: Consultando Tálamo para clasificación semántica...
[Tálamo] Ollama OK → GENERAL_TALK
[2026-08-12 17:20:46] Tálamo → Tipo: GENERAL_TALK
[2026-08-12 17:20:46] PASO 2: Consultando al Agente Alberth...
[2026-08-12 17:20:46] Recuperando contexto de memoria persistente...
[2026-08-12 17:20:47] Memoria OK → Contexto recuperado (300 chars)
[2026-08-12 17:20:59] ERROR: Falló conexión con el agente. Usando fallback.
[2026-08-12 17:20:59] PASO 3: Generando audio de respuesta (TTS Premium edge-tts)...
[TTS-Premium] Sintetizando 94 caracteres con voz 'es-MX-JorgeNeural'...
[TTS-Premium] OK → Audio generado: alberth_voice_20260811_151847_response.mp3 (45 KB) | Voz: es-MX-JorgeNeural
[2026-08-12 17:21:01] TTS PREMIUM OK → Audio: /Users/digitalspace/.openclaw/workspace/voice_exchange/output/alberth_voice_20260811_151847_response.mp3 (edge-tts)
[2026-08-12 17:21:01] PASO 4: Reproduciendo respuesta...
[2026-08-12 17:21:11] --- PIPELINE COMPLETADO ---
[2026-08-12 17:21:12] --- PIPELINE INICIADO (AUDIO): alberth_voice_20260811_151851.wav ---
[2026-08-12 17:21:12] PASO 1: Transcribiendo audio con Groq Whisper (Cloud)...
[2026-08-12 17:21:21] STT CLOUD OK → Transcripción: Transcribe the audio.
[2026-08-12 17:21:21] FILTRO: Transcripción válida → 'Transcribe the audio.'
[2026-08-12 17:21:22] PASO 1.5: Consultando Tálamo para clasificación semántica...
[Tálamo] Ollama OK → GENERAL_TALK
[2026-08-12 17:21:26] Tálamo → Tipo: GENERAL_TALK
[2026-08-12 17:21:26] PASO 2: Consultando al Agente Alberth...
[2026-08-12 17:21:26] Recuperando contexto de memoria persistente...
[2026-08-12 17:21:26] Memoria OK → Contexto recuperado (300 chars)
[2026-08-12 17:21:41] ERROR: Falló conexión con el agente. Usando fallback.
[2026-08-12 17:21:41] PASO 3: Generando audio de respuesta (TTS Premium edge-tts)...
[TTS-Premium] Sintetizando 94 caracteres con voz 'es-MX-JorgeNeural'...
[TTS-Premium] OK → Audio generado: alberth_voice_20260811_151851_response.mp3 (45 KB) | Voz: es-MX-JorgeNeural
[2026-08-12 17:21:44] TTS PREMIUM OK → Audio: /Users/digitalspace/.openclaw/workspace/voice_exchange/output/alberth_voice_20260811_151851_response.mp3 (edge-tts)
[2026-08-12 17:21:44] PASO 4: Reproduciendo respuesta...
[2026-08-12 17:21:54] --- PIPELINE COMPLETADO ---
[2026-08-12 17:21:54] --- PIPELINE INICIADO (AUDIO): alberth_voice_20260811_151854.wav ---
[2026-08-12 17:21:54] PASO 1: Transcribiendo audio con Groq Whisper (Cloud)...
[2026-08-12 17:22:08] STT CLOUD OK → Transcripción: I'll see you later.
[2026-08-12 17:22:08] FILTRO: Transcripción válida → 'I'll see you later.'
[2026-08-12 17:22:09] PASO 1.5: Consultando Tálamo para clasificación semántica...
[Tálamo] Ollama OK → GENERAL_TALK
[2026-08-12 17:22:14] Tálamo → Tipo: GENERAL_TALK
[2026-08-12 17:22:14] PASO 2: Consultando al Agente Alberth...
[2026-08-12 17:22:14] Recuperando contexto de memoria persistente...
[2026-08-12 17:22:14] Memoria OK → Contexto recuperado (300 chars)
[2026-08-12 17:22:31] ERROR: Falló conexión con el agente. Usando fallback.
[2026-08-12 17:22:31] PASO 3: Generando audio de respuesta (TTS Premium edge-tts)...
[TTS-Premium] Sintetizando 94 caracteres con voz 'es-MX-JorgeNeural'...
[TTS-Premium] OK → Audio generado: alberth_voice_20260811_151854_response.mp3 (45 KB) | Voz: es-MX-JorgeNeural
[2026-08-12 17:22:34] TTS PREMIUM OK → Audio: /Users/digitalspace/.openclaw/workspace/voice_exchange/output/alberth_voice_20260811_151854_response.mp3 (edge-tts)
[2026-08-12 17:22:34] PASO 4: Reproduciendo respuesta...
[2026-08-12 17:22:44] --- PIPELINE COMPLETADO ---
[2026-08-12 17:22:44] --- PIPELINE INICIADO (AUDIO): alberth_voice_20260811_151903.wav ---
[2026-08-12 17:22:44] PASO 1: Transcribiendo audio con Groq Whisper (Cloud)...
[2026-08-12 17:22:56] STT CLOUD OK → Transcripción: .
[2026-08-12 17:22:57] FILTRO: Transcripción descartada por ser basura/silencio: '.'
[2026-08-12 17:22:57] --- PIPELINE INICIADO (AUDIO): alberth_voice_20260811_151909.wav ---
[2026-08-12 17:22:57] PASO 1: Transcribiendo audio con Groq Whisper (Cloud)...
[2026-08-12 17:23:08] STT CLOUD OK → Transcripción: Thank you.
[2026-08-12 17:23:09] FILTRO: Transcripción descartada por ser basura/silencio: 'Thank you.'
[2026-08-12 17:23:09] --- PIPELINE INICIADO (AUDIO): alberth_voice_20260811_153103.wav ---
[2026-08-12 17:23:09] PASO 1: Transcribiendo audio con Groq Whisper (Cloud)...
[2026-08-12 17:23:22] STT CLOUD OK → Transcripción: Thank you.
[2026-08-12 17:23:22] FILTRO: Transcripción descartada por ser basura/silencio: 'Thank you.'
[2026-08-12 17:23:23] --- PIPELINE INICIADO (AUDIO): alberth_voice_20260811_153223.wav ---
[2026-08-12 17:23:23] PASO 1: Transcribiendo audio con Groq Whisper (Cloud)...
[2026-08-12 17:23:40] STT CLOUD OK → Transcripción: Thank you.
[2026-08-12 17:23:40] FILTRO: Transcripción descartada por ser basura/silencio: 'Thank you.'
[2026-08-12 17:23:40] --- PIPELINE INICIADO (AUDIO): alberth_voice_20260811_153317.wav ---
[2026-08-12 17:23:40] PASO 1: Transcribiendo audio con Groq Whisper (Cloud)...
[2026-08-12 17:24:01] STT CLOUD OK → Transcripción: Thank you.
[2026-08-12 17:24:01] FILTRO: Transcripción descartada por ser basura/silencio: 'Thank you.'
[2026-08-12 17:24:01] --- PIPELINE INICIADO (AUDIO): alberth_voice_20260811_153418.wav ---
[2026-08-12 17:24:01] PASO 1: Transcribiendo audio con Groq Whisper (Cloud)...
[2026-08-12 17:24:20] STT CLOUD OK → Transcripción: And I'll see you next time.
[2026-08-12 17:24:20] FILTRO: Transcripción válida → 'And I'll see you next time.'
[2026-08-12 17:24:20] PASO 1.5: Consultando Tálamo para clasificación semántica...
[Tálamo] Ollama OK → GENERAL_TALK
[2026-08-12 17:24:25] Tálamo → Tipo: GENERAL_TALK
[2026-08-12 17:24:25] PASO 2: Consultando al Agente Alberth...
[2026-08-12 17:24:25] Recuperando contexto de memoria persistente...
[2026-08-12 17:24:26] Memoria OK → Contexto recuperado (300 chars)
[2026-08-12 17:24:57] ERROR: Falló conexión con el agente. Usando fallback.
[2026-08-12 17:24:57] PASO 3: Generando audio de respuesta (TTS Premium edge-tts)...
[TTS-Premium] Sintetizando 94 caracteres con voz 'es-MX-JorgeNeural'...
[TTS-Premium] OK → Audio generado: alberth_voice_20260811_153418_response.mp3 (45 KB) | Voz: es-MX-JorgeNeural
[2026-08-12 17:25:07] TTS PREMIUM OK → Audio: /Users/digitalspace/.openclaw/workspace/voice_exchange/output/alberth_voice_20260811_153418_response.mp3 (edge-tts)
[2026-08-12 17:25:07] PASO 4: Reproduciendo respuesta...
[2026-08-12 17:25:17] --- PIPELINE COMPLETADO ---
[2026-08-12 17:25:17] --- PIPELINE INICIADO (AUDIO): alberth_voice_20260811_153518.wav ---
[2026-08-12 17:25:18] PASO 1: Transcribiendo audio con Groq Whisper (Cloud)...
[2026-08-12 17:25:34] STT CLOUD OK → Transcripción: Transcribe the audio.
[2026-08-12 17:25:35] FILTRO: Transcripción válida → 'Transcribe the audio.'
[2026-08-12 17:25:35] PASO 1.5: Consultando Tálamo para clasificación semántica...
[Tálamo] Ollama OK → GENERAL_TALK
[2026-08-12 17:25:39] Tálamo → Tipo: GENERAL_TALK
[2026-08-12 17:25:39] PASO 2: Consultando al Agente Alberth...
[2026-08-12 17:25:39] Recuperando contexto de memoria persistente...
[2026-08-12 17:25:40] Memoria OK → Contexto recuperado (300 chars)
[2026-08-12 17:26:08] ERROR: Falló conexión con el agente. Usando fallback.
[2026-08-12 17:26:09] PASO 3: Generando audio de respuesta (TTS Premium edge-tts)...
[TTS-Premium] Sintetizando 94 caracteres con voz 'es-MX-JorgeNeural'...
[TTS-Premium] OK → Audio generado: alberth_voice_20260811_153518_response.mp3 (45 KB) | Voz: es-MX-JorgeNeural
[2026-08-12 17:26:18] TTS PREMIUM OK → Audio: /Users/digitalspace/.openclaw/workspace/voice_exchange/output/alberth_voice_20260811_153518_response.mp3 (edge-tts)
[2026-08-12 17:26:18] PASO 4: Reproduciendo respuesta...
[2026-08-12 17:26:28] --- PIPELINE COMPLETADO ---
[2026-08-12 17:26:28] --- PIPELINE INICIADO (AUDIO): alberth_voice_20260811_153543.wav ---
[2026-08-12 17:26:28] PASO 1: Transcribiendo audio con Groq Whisper (Cloud)...
[2026-08-12 17:26:49] STT CLOUD OK → Transcripción: Thank you.
[2026-08-12 17:26:50] FILTRO: Transcripción descartada por ser basura/silencio: 'Thank you.'
[2026-08-12 17:26:50] --- PIPELINE INICIADO (AUDIO): alberth_voice_20260811_153618.wav ---
[2026-08-12 17:26:50] PASO 1: Transcribiendo audio con Groq Whisper (Cloud)...
[2026-08-12 17:27:08] STT CLOUD OK → Transcripción: Transcribe the audio.
[2026-08-12 17:27:08] FILTRO: Transcripción válida → 'Transcribe the audio.'
[2026-08-12 17:27:09] PASO 1.5: Consultando Tálamo para clasificación semántica...
[Tálamo] Ollama OK → GENERAL_TALK
[2026-08-12 17:27:12] Tálamo → Tipo: GENERAL_TALK
[2026-08-12 17:27:12] PASO 2: Consultando al Agente Alberth...
[2026-08-12 17:27:12] Recuperando contexto de memoria persistente...
[2026-08-12 17:27:13] Memoria OK → Contexto recuperado (300 chars)
[2026-08-12 17:27:36] ERROR: Falló conexión con el agente. Usando fallback.
[2026-08-12 17:27:37] PASO 3: Generando audio de respuesta (TTS Premium edge-tts)...
[TTS-Premium] Sintetizando 94 caracteres con voz 'es-MX-JorgeNeural'...
[TTS-Premium] OK → Audio generado: alberth_voice_20260811_153618_response.mp3 (45 KB) | Voz: es-MX-JorgeNeural
[2026-08-12 17:27:49] TTS PREMIUM OK → Audio: /Users/digitalspace/.openclaw/workspace/voice_exchange/output/alberth_voice_20260811_153618_response.mp3 (edge-tts)
[2026-08-12 17:27:49] PASO 4: Reproduciendo respuesta...
[2026-08-12 17:27:59] --- PIPELINE COMPLETADO ---
[2026-08-12 17:28:00] --- PIPELINE INICIADO (AUDIO): alberth_voice_20260811_153705.wav ---
[2026-08-12 17:28:00] PASO 1: Transcribiendo audio con Groq Whisper (Cloud)...
[2026-08-12 17:28:19] STT CLOUD OK → Transcripción: Thank you.
[2026-08-12 17:28:19] FILTRO: Transcripción descartada por ser basura/silencio: 'Thank you.'
[2026-08-12 17:28:20] --- PIPELINE INICIADO (AUDIO): alberth_voice_20260811_153748.wav ---
[2026-08-12 17:28:20] PASO 1: Transcribiendo audio con Groq Whisper (Cloud)...
[2026-08-12 17:28:36] STT CLOUD OK → Transcripción: Thank you.
[2026-08-12 17:28:36] FILTRO: Transcripción descartada por ser basura/silencio: 'Thank you.'
[2026-08-12 17:28:36] --- PIPELINE INICIADO (AUDIO): alberth_voice_20260811_153753.wav ---
[2026-08-12 17:28:36] PASO 1: Transcribiendo audio con Groq Whisper (Cloud)...
[2026-08-12 17:28:57] STT CLOUD OK → Transcripción: Thank you.
[2026-08-12 17:28:57] FILTRO: Transcripción descartada por ser basura/silencio: 'Thank you.'
[2026-08-12 17:28:58] --- PIPELINE INICIADO (AUDIO): alberth_voice_20260811_153759.wav ---
[2026-08-12 17:28:58] PASO 1: Transcribiendo audio con Groq Whisper (Cloud)...
[2026-08-12 17:29:21] STT CLOUD OK → Transcripción: That's a good idea.
[2026-08-12 17:29:21] FILTRO: Transcripción válida → 'That's a good idea.'
[2026-08-12 17:29:22] PASO 1.5: Consultando Tálamo para clasificación semántica...
[Tálamo] Ollama OK → GENERAL_TALK
[2026-08-12 17:29:28] Tálamo → Tipo: GENERAL_TALK
[2026-08-12 17:29:28] PASO 2: Consultando al Agente Alberth...
[2026-08-12 17:29:28] Recuperando contexto de memoria persistente...
[2026-08-12 17:29:29] Memoria OK → Contexto recuperado (300 chars)
[2026-08-12 17:30:06] ERROR: Falló conexión con el agente. Usando fallback.
[2026-08-12 17:30:06] PASO 3: Generando audio de respuesta (TTS Premium edge-tts)...
[TTS-Premium] Sintetizando 94 caracteres con voz 'es-MX-JorgeNeural'...
[TTS-Premium] OK → Audio generado: alberth_voice_20260811_153759_response.mp3 (45 KB) | Voz: es-MX-JorgeNeural
[2026-08-12 17:30:16] TTS PREMIUM OK → Audio: /Users/digitalspace/.openclaw/workspace/voice_exchange/output/alberth_voice_20260811_153759_response.mp3 (edge-tts)
[2026-08-12 17:30:16] PASO 4: Reproduciendo respuesta...
[2026-08-12 17:30:26] --- PIPELINE COMPLETADO ---
[2026-08-12 17:30:26] --- PIPELINE INICIADO (AUDIO): alberth_voice_20260811_153845.wav ---
[2026-08-12 17:30:27] PASO 1: Transcribiendo audio con Groq Whisper (Cloud)...
[2026-08-12 17:30:51] STT CLOUD OK → Transcripción: Thank you.
[2026-08-12 17:30:51] FILTRO: Transcripción descartada por ser basura/silencio: 'Thank you.'
[2026-08-12 17:30:51] --- PIPELINE INICIADO (AUDIO): alberth_voice_20260811_153854.wav ---
[2026-08-12 17:30:51] PASO 1: Transcribiendo audio con Groq Whisper (Cloud)...
[2026-08-12 17:31:12] STT CLOUD OK → Transcripción: And now.
[2026-08-12 17:31:12] FILTRO: Transcripción válida → 'And now.'
[2026-08-12 17:31:13] PASO 1.5: Consultando Tálamo para clasificación semántica...
[Tálamo] Ollama OK → GENERAL_TALK
[2026-08-12 17:31:18] Tálamo → Tipo: GENERAL_TALK
[2026-08-12 17:31:18] PASO 2: Consultando al Agente Alberth...
[2026-08-12 17:31:18] Recuperando contexto de memoria persistente...
[2026-08-12 17:31:19] Memoria OK → Contexto recuperado (300 chars)
[2026-08-12 17:31:48] ERROR: Falló conexión con el agente. Usando fallback.
[2026-08-12 17:31:49] PASO 3: Generando audio de respuesta (TTS Premium edge-tts)...
[TTS-Premium] Sintetizando 94 caracteres con voz 'es-MX-JorgeNeural'...
[TTS-Premium] OK → Audio generado: alberth_voice_20260811_153854_response.mp3 (45 KB) | Voz: es-MX-JorgeNeural
[2026-08-12 17:31:58] TTS PREMIUM OK → Audio: /Users/digitalspace/.openclaw/workspace/voice_exchange/output/alberth_voice_20260811_153854_response.mp3 (edge-tts)
[2026-08-12 17:31:59] PASO 4: Reproduciendo respuesta...
[2026-08-12 17:32:09] --- PIPELINE COMPLETADO ---
[2026-08-12 17:32:09] --- PIPELINE INICIADO (AUDIO): alberth_voice_20260811_153859.wav ---
[2026-08-12 17:32:10] PASO 1: Transcribiendo audio con Groq Whisper (Cloud)...
[2026-08-12 17:32:34] STT CLOUD OK → Transcripción: Thank you.
[2026-08-12 17:32:35] FILTRO: Transcripción descartada por ser basura/silencio: 'Thank you.'
[2026-08-12 17:32:35] --- PIPELINE INICIADO (AUDIO): alberth_voice_20260811_154027.wav ---
[2026-08-12 17:32:35] PASO 1: Transcribiendo audio con Groq Whisper (Cloud)...
[2026-08-12 17:32:58] STT CLOUD OK → Transcripción: Thank you.
[2026-08-12 17:32:58] FILTRO: Transcripción descartada por ser basura/silencio: 'Thank you.'
[2026-08-12 17:32:59] --- PIPELINE INICIADO (AUDIO): alberth_voice_20260811_154043.wav ---
[2026-08-12 17:32:59] PASO 1: Transcribiendo audio con Groq Whisper (Cloud)...
[2026-08-12 17:33:26] STT CLOUD OK → Transcripción: Thank you.
[2026-08-12 17:33:26] FILTRO: Transcripción descartada por ser basura/silencio: 'Thank you.'
[2026-08-12 17:33:26] --- PIPELINE INICIADO (AUDIO): alberth_voice_20260811_154054.wav ---
[2026-08-12 17:33:26] PASO 1: Transcribiendo audio con Groq Whisper (Cloud)...
[2026-08-12 17:33:44] STT CLOUD OK → Transcripción: Thank you.
[2026-08-12 17:33:44] FILTRO: Transcripción descartada por ser basura/silencio: 'Thank you.'
[2026-08-12 17:33:45] --- PIPELINE INICIADO (AUDIO): alberth_voice_20260811_154058.wav ---
[2026-08-12 17:33:45] PASO 1: Transcribiendo audio con Groq Whisper (Cloud)...
[2026-08-12 17:34:04] STT CLOUD OK → Transcripción: Thank you.
[2026-08-12 17:34:04] FILTRO: Transcripción descartada por ser basura/silencio: 'Thank you.'
[2026-08-12 17:34:05] --- PIPELINE INICIADO (AUDIO): alberth_voice_20260811_154132.wav ---
[2026-08-12 17:34:05] PASO 1: Transcribiendo audio con Groq Whisper (Cloud)...
[2026-08-12 17:34:23] STT CLOUD OK → Transcripción: Thank you.
[2026-08-12 17:34:24] FILTRO: Transcripción descartada por ser basura/silencio: 'Thank you.'
[2026-08-12 17:34:24] --- PIPELINE INICIADO (AUDIO): alberth_voice_20260811_154915.wav ---
[2026-08-12 17:34:24] PASO 1: Transcribiendo audio con Groq Whisper (Cloud)...
[2026-08-12 17:34:44] STT CLOUD OK → Transcripción: Tchau, my mother. Tchau. Tchau, my mother. Tchau. Tchau, shea. Tchau. Tchau.
[2026-08-12 17:34:44] FILTRO: Transcripción válida → 'Tchau, my mother. Tchau. Tchau, my mother. Tchau. Tchau, shea. Tchau. Tchau.'
[2026-08-12 17:34:45] PASO 1.5: Consultando Tálamo para clasificación semántica...
[Tálamo] Ollama OK → GENERAL_TALK
[2026-08-12 17:34:53] Tálamo → Tipo: GENERAL_TALK
[2026-08-12 17:34:54] PASO 2: Consultando al Agente Alberth...
[2026-08-12 17:34:54] Recuperando contexto de memoria persistente...
[2026-08-12 17:34:54] Memoria OK → Contexto recuperado (300 chars)
[2026-08-12 17:35:39] ERROR: Falló conexión con el agente. Usando fallback.
[2026-08-12 17:35:39] PASO 3: Generando audio de respuesta (TTS Premium edge-tts)...
[TTS-Premium] Sintetizando 94 caracteres con voz 'es-MX-JorgeNeural'...
[TTS-Premium] OK → Audio generado: alberth_voice_20260811_154915_response.mp3 (45 KB) | Voz: es-MX-JorgeNeural
[2026-08-12 17:35:51] TTS PREMIUM OK → Audio: /Users/digitalspace/.openclaw/workspace/voice_exchange/output/alberth_voice_20260811_154915_response.mp3 (edge-tts)
[2026-08-12 17:35:51] PASO 4: Reproduciendo respuesta...
[2026-08-12 17:36:01] --- PIPELINE COMPLETADO ---
[2026-08-12 17:36:01] --- PIPELINE INICIADO (AUDIO): alberth_voice_20260811_155000.wav ---
[2026-08-12 17:36:01] PASO 1: Transcribiendo audio con Groq Whisper (Cloud)...
[2026-08-12 17:36:26] STT CLOUD OK → Transcripción: Thank you.
[2026-08-12 17:36:26] FILTRO: Transcripción descartada por ser basura/silencio: 'Thank you.'
[2026-08-12 17:36:26] --- PIPELINE INICIADO (AUDIO): alberth_voice_20260811_155029.wav ---
[2026-08-12 17:36:26] PASO 1: Transcribiendo audio con Groq Whisper (Cloud)...
[2026-08-12 17:36:52] STT CLOUD OK → Transcripción: Thank you.
[2026-08-12 17:36:52] FILTRO: Transcripción descartada por ser basura/silencio: 'Thank you.'
[2026-08-12 17:36:52] --- PIPELINE INICIADO (AUDIO): alberth_voice_20260811_155254.wav ---
[2026-08-12 17:36:53] PASO 1: Transcribiendo audio con Groq Whisper (Cloud)...
[2026-08-12 17:37:20] STT CLOUD OK → Transcripción: Así que mucho cuidado chicas con eso. Porque a veces nosotras de dolidas. Vamos a traicionar ese hombre de dolidas. Y eso es de donde va a perdonar, muchachos. No le va a perdonar. Queda directo a San Pedro, a los ojos y zapatos. Y eso es lo que nos va a hacer.
[2026-08-12 17:37:20] FILTRO: Transcripción válida → 'Así que mucho cuidado chicas con eso. Porque a veces nosotras de dolidas. Vamos a traicionar ese hombre de dolidas. Y eso es de donde va a perdonar, muchachos. No le va a perdonar. Queda directo a San Pedro, a los ojos y zapatos. Y eso es lo que nos va a hacer.'
[2026-08-12 17:37:21] PASO 1.5: Consultando Tálamo para clasificación semántica...
[Tálamo] Ollama OK → GENERAL_TALK
[2026-08-12 17:37:28] Tálamo → Tipo: GENERAL_TALK
[2026-08-12 17:37:28] PASO 2: Consultando al Agente Alberth...
[2026-08-12 17:37:29] Recuperando contexto de memoria persistente...
[2026-08-12 17:37:29] Memoria OK → Contexto recuperado (300 chars)
[2026-08-12 17:38:12] ERROR: Falló conexión con el agente. Usando fallback.
[2026-08-12 17:38:12] PASO 3: Generando audio de respuesta (TTS Premium edge-tts)...
[TTS-Premium] Sintetizando 94 caracteres con voz 'es-MX-JorgeNeural'...
[TTS-Premium] OK → Audio generado: alberth_voice_20260811_155254_response.mp3 (45 KB) | Voz: es-MX-JorgeNeural
[2026-08-12 17:38:23] TTS PREMIUM OK → Audio: /Users/digitalspace/.openclaw/workspace/voice_exchange/output/alberth_voice_20260811_155254_response.mp3 (edge-tts)
[2026-08-12 17:38:23] PASO 4: Reproduciendo respuesta...
[2026-08-12 17:38:33] --- PIPELINE COMPLETADO ---
[2026-08-12 17:38:34] --- PIPELINE INICIADO (AUDIO): alberth_voice_20260811_155345.wav ---
[2026-08-12 17:38:34] PASO 1: Transcribiendo audio con Groq Whisper (Cloud)...
[2026-08-12 17:39:05] STT CLOUD OK → Transcripción: Tres, tres, tres. Transcribe the audio.
[2026-08-12 17:39:05] FILTRO: Transcripción válida → 'Tres, tres, tres. Transcribe the audio.'
[2026-08-12 17:39:06] PASO 1.5: Consultando Tálamo para clasificación semántica...
[Tálamo] Ollama OK → GENERAL_TALK
[2026-08-12 17:39:11] Tálamo → Tipo: GENERAL_TALK
[2026-08-12 17:39:11] PASO 2: Consultando al Agente Alberth...
[2026-08-12 17:39:11] Recuperando contexto de memoria persistente...
[2026-08-12 17:39:12] Memoria OK → Contexto recuperado (300 chars)
[2026-08-12 17:39:40] ERROR: Falló conexión con el agente. Usando fallback.
[2026-08-12 17:39:41] PASO 3: Generando audio de respuesta (TTS Premium edge-tts)...
[TTS-Premium] Sintetizando 94 caracteres con voz 'es-MX-JorgeNeural'...
[TTS-Premium] OK → Audio generado: alberth_voice_20260811_155345_response.mp3 (45 KB) | Voz: es-MX-JorgeNeural
[2026-08-12 17:39:54] TTS PREMIUM OK → Audio: /Users/digitalspace/.openclaw/workspace/voice_exchange/output/alberth_voice_20260811_155345_response.mp3 (edge-tts)
[2026-08-12 17:39:54] PASO 4: Reproduciendo respuesta...
[2026-08-12 17:40:04] --- PIPELINE COMPLETADO ---
[2026-08-12 17:40:05] --- PIPELINE INICIADO (AUDIO): alberth_voice_20260811_155417.wav ---
[2026-08-12 17:40:05] PASO 1: Transcribiendo audio con Groq Whisper (Cloud)...
[2026-08-12 17:40:31] STT CLOUD OK → Transcripción: Transcribe the audio.
[2026-08-12 17:40:31] FILTRO: Transcripción válida → 'Transcribe the audio.'
[2026-08-12 17:40:32] PASO 1.5: Consultando Tálamo para clasificación semántica...
[Tálamo] Ollama OK → GENERAL_TALK
[2026-08-12 17:40:36] Tálamo → Tipo: GENERAL_TALK
[2026-08-12 17:40:36] PASO 2: Consultando al Agente Alberth...
[2026-08-12 17:40:36] Recuperando contexto de memoria persistente...
[2026-08-12 17:40:37] Memoria OK → Contexto recuperado (300 chars)
[2026-08-12 17:41:21] ERROR: Falló conexión con el agente. Usando fallback.
[2026-08-12 17:41:22] PASO 3: Generando audio de respuesta (TTS Premium edge-tts)...
[TTS-Premium] Sintetizando 94 caracteres con voz 'es-MX-JorgeNeural'...
[TTS-Premium] OK → Audio generado: alberth_voice_20260811_155417_response.mp3 (45 KB) | Voz: es-MX-JorgeNeural
[2026-08-12 17:41:35] TTS PREMIUM OK → Audio: /Users/digitalspace/.openclaw/workspace/voice_exchange/output/alberth_voice_20260811_155417_response.mp3 (edge-tts)
[2026-08-12 17:41:35] PASO 4: Reproduciendo respuesta...
[2026-08-12 17:41:45] --- PIPELINE COMPLETADO ---
[2026-08-12 17:41:46] --- PIPELINE INICIADO (AUDIO): alberth_voice_20260811_155423.wav ---
[2026-08-12 17:41:46] PASO 1: Transcribiendo audio con Groq Whisper (Cloud)...
[2026-08-12 17:42:08] STT CLOUD OK → Transcripción: Thank you.
[2026-08-12 17:42:08] FILTRO: Transcripción descartada por ser basura/silencio: 'Thank you.'
[2026-08-12 17:42:09] --- PIPELINE INICIADO (AUDIO): alberth_voice_20260811_155428.wav ---
[2026-08-12 17:42:09] PASO 1: Transcribiendo audio con Groq Whisper (Cloud)...
[2026-08-12 17:42:27] STT CLOUD OK → Transcripción: Thank you.
[2026-08-12 17:42:27] FILTRO: Transcripción descartada por ser basura/silencio: 'Thank you.'
[2026-08-12 17:42:28] --- PIPELINE INICIADO (AUDIO): alberth_voice_20260811_155459.wav ---
[2026-08-12 17:42:28] PASO 1: Transcribiendo audio con Groq Whisper (Cloud)...
[2026-08-12 17:42:55] STT CLOUD OK → Transcripción: Thank you.
[2026-08-12 17:42:55] FILTRO: Transcripción descartada por ser basura/silencio: 'Thank you.'
[2026-08-12 17:42:56] --- PIPELINE INICIADO (AUDIO): alberth_voice_20260811_155556.wav ---
[2026-08-12 17:42:56] PASO 1: Transcribiendo audio con Groq Whisper (Cloud)...
[2026-08-12 17:43:17] STT CLOUD OK → Transcripción: Thank you.
[2026-08-12 17:43:17] FILTRO: Transcripción descartada por ser basura/silencio: 'Thank you.'
[2026-08-12 17:43:17] --- PIPELINE INICIADO (AUDIO): alberth_voice_20260811_155607.wav ---
[2026-08-12 17:43:17] PASO 1: Transcribiendo audio con Groq Whisper (Cloud)...
[2026-08-12 17:43:35] STT CLOUD OK → Transcripción: I'm sorry.
[2026-08-12 17:43:35] FILTRO: Transcripción válida → 'I'm sorry.'
[2026-08-12 17:43:36] PASO 1.5: Consultando Tálamo para clasificación semántica...
[Tálamo] Ollama OK → GENERAL_TALK
[2026-08-12 17:43:40] Tálamo → Tipo: GENERAL_TALK
[2026-08-12 17:43:40] PASO 2: Consultando al Agente Alberth...
[2026-08-12 17:43:41] Recuperando contexto de memoria persistente...
[2026-08-12 17:43:41] Memoria OK → Contexto recuperado (300 chars)
[2026-08-12 17:44:06] ERROR: Falló conexión con el agente. Usando fallback.
[2026-08-12 17:44:06] PASO 3: Generando audio de respuesta (TTS Premium edge-tts)...
[TTS-Premium] Sintetizando 94 caracteres con voz 'es-MX-JorgeNeural'...
[TTS-Premium] OK → Audio generado: alberth_voice_20260811_155607_response.mp3 (45 KB) | Voz: es-MX-JorgeNeural
[2026-08-12 17:44:16] TTS PREMIUM OK → Audio: /Users/digitalspace/.openclaw/workspace/voice_exchange/output/alberth_voice_20260811_155607_response.mp3 (edge-tts)
[2026-08-12 17:44:16] PASO 4: Reproduciendo respuesta...
[2026-08-12 17:44:26] --- PIPELINE COMPLETADO ---
[2026-08-12 17:44:26] --- PIPELINE INICIADO (AUDIO): alberth_voice_20260811_155656.wav ---
[2026-08-12 17:44:26] PASO 1: Transcribiendo audio con Groq Whisper (Cloud)...
[2026-08-12 17:44:44] STT CLOUD OK → Transcripción: por todas las mujeres que son infelices y que no aceptan que su ex tiene derecho a ser feliz con otras mujeres. Pedimos por personas que llevan maldades en su corazón que Dios les ayude a perdonar, pedimos por los niños que tienen cáncer, pedimos por los niños que tienen algún tipo de enfermedad, por alguna mujer que esté luchando por sus hijos, porque a él con el chico le toca sacar sus hijos adelante solas. Este es mi lugar favorito, chicas, y el día de ayer, antes de irme a dormir, me puse a orar y a pedirle a Dios que cante el corazón de muchas personas que lo tienen muy podrido. Pedí por Colombia y por todos nuestros hermanos colombianos que Dios les dé resignación y consuelo. Pedí para que en Ecuador, chicas, no nos llegue a pasar alguna catástrofe como nos pasó en el 2016, chicas. Pedí por muchas cosas, muchachas.
[2026-08-12 17:44:45] FILTRO: Transcripción válida → 'por todas las mujeres que son infelices y que no aceptan que su ex tiene derecho a ser feliz con otras mujeres. Pedimos por personas que llevan maldades en su corazón que Dios les ayude a perdonar, pedimos por los niños que tienen cáncer, pedimos por los niños que tienen algún tipo de enfermedad, por alguna mujer que esté luchando por sus hijos, porque a él con el chico le toca sacar sus hijos adelante solas. Este es mi lugar favorito, chicas, y el día de ayer, antes de irme a dormir, me puse a orar y a pedirle a Dios que cante el corazón de muchas personas que lo tienen muy podrido. Pedí por Colombia y por todos nuestros hermanos colombianos que Dios les dé resignación y consuelo. Pedí para que en Ecuador, chicas, no nos llegue a pasar alguna catástrofe como nos pasó en el 2016, chicas. Pedí por muchas cosas, muchachas.'
[2026-08-12 17:44:45] PASO 1.5: Consultando Tálamo para clasificación semántica...
[Tálamo] Ollama OK → GENERAL_TALK
[2026-08-12 17:44:56] Tálamo → Tipo: GENERAL_TALK
[2026-08-12 17:44:56] PASO 2: Consultando al Agente Alberth...
[2026-08-12 17:44:56] Recuperando contexto de memoria persistente...
[2026-08-12 17:44:57] Memoria OK → Contexto recuperado (300 chars)
[2026-08-12 17:45:12] ERROR: Falló conexión con el agente. Usando fallback.
[2026-08-12 17:45:12] PASO 3: Generando audio de respuesta (TTS Premium edge-tts)...
[TTS-Premium] Sintetizando 94 caracteres con voz 'es-MX-JorgeNeural'...
[TTS-Premium] OK → Audio generado: alberth_voice_20260811_155656_response.mp3 (45 KB) | Voz: es-MX-JorgeNeural
[2026-08-12 17:45:15] TTS PREMIUM OK → Audio: /Users/digitalspace/.openclaw/workspace/voice_exchange/output/alberth_voice_20260811_155656_response.mp3 (edge-tts)
[2026-08-12 17:45:15] PASO 4: Reproduciendo respuesta...
[2026-08-12 17:45:25] --- PIPELINE COMPLETADO ---
[2026-08-12 17:45:26] --- PIPELINE INICIADO (AUDIO): alberth_voice_20260811_155804.wav ---
[2026-08-12 17:45:26] PASO 1: Transcribiendo audio con Groq Whisper (Cloud)...
[2026-08-12 17:45:40] STT CLOUD OK → Transcripción: T T T T
[2026-08-12 17:45:40] FILTRO: Transcripción válida → 'T T T T'
[2026-08-12 17:45:41] PASO 1.5: Consultando Tálamo para clasificación semántica...
[Tálamo] Ollama OK → FINANCE_TICKER
[2026-08-12 17:45:47] Tálamo → Tipo: FINANCE_TICKER
[2026-08-12 17:45:47] Tálamo → Enrutando a FINANCE HELPER...
[2026-08-12 17:45:49] FINANCE OK → 📉 **Bitcoin** (Crypto)
  Precio: $63,322.00
  Cambio 24h: -0.46%
  Market Cap: $1,271,022,142,776
[TTS-Premium] Sintetizando 97 caracteres con voz 'es-MX-JorgeNeural'...
[TTS-Premium] OK → Audio generado: alberth_voice_20260811_155804_response.mp3 (137 KB) | Voz: es-MX-JorgeNeural
[2026-08-12 17:45:53] --- PIPELINE COMPLETADO (FINANCE) ---
[2026-08-12 17:45:54] --- PIPELINE INICIADO (AUDIO): alberth_voice_20260811_155832.wav ---
[2026-08-12 17:45:54] PASO 1: Transcribiendo audio con Groq Whisper (Cloud)...
[2026-08-12 17:46:20] STT CLOUD OK → Transcripción: El doctor le gole, lo mejor, yo le pedí para que ponga sus manos en sus doctores y gracias a Dios mi bebe, o sea, mi nieto estuvo dos meses y medio en curso y salió un niño muy santito. Él era un niño muy pequeñito, pero las muchachas en la oración tienen poder. Así que, chicas, si ustedes están pasando por un mal momento, es un verdadero milagro lo que mi santito y yo hicieron por mi nieto. Si ustedes, muchachos, dicen, no importa la región, obvio, píganlo.
[2026-08-12 17:46:20] FILTRO: Transcripción válida → 'El doctor le gole, lo mejor, yo le pedí para que ponga sus manos en sus doctores y gracias a Dios mi bebe, o sea, mi nieto estuvo dos meses y medio en curso y salió un niño muy santito. Él era un niño muy pequeñito, pero las muchachas en la oración tienen poder. Así que, chicas, si ustedes están pasando por un mal momento, es un verdadero milagro lo que mi santito y yo hicieron por mi nieto. Si ustedes, muchachos, dicen, no importa la región, obvio, píganlo.'
[2026-08-12 17:46:21] PASO 1.5: Consultando Tálamo para clasificación semántica...
[Tálamo] Ollama OK → GENERAL_TALK
[2026-08-12 17:46:31] Tálamo → Tipo: GENERAL_TALK
[2026-08-12 17:46:31] PASO 2: Consultando al Agente Alberth...
[2026-08-12 17:46:31] Recuperando contexto de memoria persistente...
[2026-08-12 17:46:31] Memoria OK → Contexto recuperado (300 chars)
[2026-08-12 17:47:26] ERROR: Falló conexión con el agente. Usando fallback.
[2026-08-12 17:47:26] PASO 3: Generando audio de respuesta (TTS Premium edge-tts)...
[TTS-Premium] Sintetizando 94 caracteres con voz 'es-MX-JorgeNeural'...
[TTS-Premium] OK → Audio generado: alberth_voice_20260811_155832_response.mp3 (45 KB) | Voz: es-MX-JorgeNeural
[2026-08-12 17:47:36] TTS PREMIUM OK → Audio: /Users/digitalspace/.openclaw/workspace/voice_exchange/output/alberth_voice_20260811_155832_response.mp3 (edge-tts)
[2026-08-12 17:47:36] PASO 4: Reproduciendo respuesta...
[2026-08-12 17:47:46] --- PIPELINE COMPLETADO ---
[2026-08-12 17:47:46] --- PIPELINE INICIADO (AUDIO): alberth_voice_20260811_155845.wav ---
[2026-08-12 17:47:46] PASO 1: Transcribiendo audio con Groq Whisper (Cloud)...
[2026-08-12 17:48:17] STT CLOUD OK → Transcripción: Thank you.
[2026-08-12 17:48:18] FILTRO: Transcripción descartada por ser basura/silencio: 'Thank you.'
[2026-08-12 17:48:18] --- PIPELINE INICIADO (AUDIO): alberth_voice_20260811_160049.wav ---
[2026-08-12 17:48:18] PASO 1: Transcribiendo audio con Groq Whisper (Cloud)...
[2026-08-12 17:49:01] STT CLOUD OK → Transcripción: Necesito seguidores, necesito seguidores. Aquí va a dar un rato a la línea que deja pedir que hay disuelve para conseguir los seguidores. Saludos, saludos, Edwin. Saludos de Gloria. Saludos de Norte Oriente. No, y seguramente estemos contentos, Pablo y la nueva. ¡Mete en Ríos! Thank you. Oh, oh, oh.
[2026-08-12 17:49:02] FILTRO: Transcripción válida → 'Necesito seguidores, necesito seguidores. Aquí va a dar un rato a la línea que deja pedir que hay disuelve para conseguir los seguidores. Saludos, saludos, Edwin. Saludos de Gloria. Saludos de Norte Oriente. No, y seguramente estemos contentos, Pablo y la nueva. ¡Mete en Ríos! Thank you. Oh, oh, oh.'
[2026-08-12 17:49:02] PASO 1.5: Consultando Tálamo para clasificación semántica...
[Tálamo] Ollama OK → GENERAL_TALK
[2026-08-12 17:49:10] Tálamo → Tipo: GENERAL_TALK
[2026-08-12 17:49:10] PASO 2: Consultando al Agente Alberth...
[2026-08-12 17:49:10] Recuperando contexto de memoria persistente...
[2026-08-12 17:49:11] Memoria OK → Contexto recuperado (300 chars)
[2026-08-12 17:49:42] ERROR: Falló conexión con el agente. Usando fallback.
[2026-08-12 17:49:42] PASO 3: Generando audio de respuesta (TTS Premium edge-tts)...
[TTS-Premium] Sintetizando 94 caracteres con voz 'es-MX-JorgeNeural'...
[TTS-Premium] OK → Audio generado: alberth_voice_20260811_160049_response.mp3 (45 KB) | Voz: es-MX-JorgeNeural
[2026-08-12 17:49:52] TTS PREMIUM OK → Audio: /Users/digitalspace/.openclaw/workspace/voice_exchange/output/alberth_voice_20260811_160049_response.mp3 (edge-tts)
[2026-08-12 17:49:52] PASO 4: Reproduciendo respuesta...
[2026-08-12 17:50:02] --- PIPELINE COMPLETADO ---
[2026-08-12 17:50:03] --- PIPELINE INICIADO (AUDIO): alberth_voice_20260811_160105.wav ---
[2026-08-12 17:50:04] PASO 1: Transcribiendo audio con Groq Whisper (Cloud)...
[2026-08-12 17:50:38] STT CLOUD OK → Transcripción: Yes.
[2026-08-12 17:50:38] FILTRO: Transcripción descartada por ser basura/silencio: 'Yes.'
[2026-08-12 17:50:39] --- PIPELINE INICIADO (AUDIO): alberth_voice_20260811_160117.wav ---
[2026-08-12 17:50:39] PASO 1: Transcribiendo audio con Groq Whisper (Cloud)...
[2026-08-12 17:51:01] STT CLOUD OK → Transcripción: I'm a good one, I'm a good one.
[2026-08-12 17:51:01] FILTRO: Transcripción válida → 'I'm a good one, I'm a good one.'
[2026-08-12 17:51:01] PASO 1.5: Consultando Tálamo para clasificación semántica...
[Tálamo] Ollama OK → GENERAL_TALK
[2026-08-12 17:51:08] Tálamo → Tipo: GENERAL_TALK
[2026-08-12 17:51:08] PASO 2: Consultando al Agente Alberth...
[2026-08-12 17:51:08] Recuperando contexto de memoria persistente...
[2026-08-12 17:51:09] Memoria OK → Contexto recuperado (300 chars)
[2026-08-12 17:51:39] ERROR: Falló conexión con el agente. Usando fallback.
[2026-08-12 17:51:39] PASO 3: Generando audio de respuesta (TTS Premium edge-tts)...
[TTS-Premium] Sintetizando 94 caracteres con voz 'es-MX-JorgeNeural'...
[TTS-Premium] OK → Audio generado: alberth_voice_20260811_160117_response.mp3 (45 KB) | Voz: es-MX-JorgeNeural
[2026-08-12 17:51:59] TTS PREMIUM OK → Audio: /Users/digitalspace/.openclaw/workspace/voice_exchange/output/alberth_voice_20260811_160117_response.mp3 (edge-tts)
[2026-08-12 17:51:59] PASO 4: Reproduciendo respuesta...
[2026-08-12 17:52:09] --- PIPELINE COMPLETADO ---
[2026-08-12 17:52:10] --- PIPELINE INICIADO (AUDIO): alberth_voice_20260811_160152.wav ---
[2026-08-12 17:52:10] PASO 1: Transcribiendo audio con Groq Whisper (Cloud)...
[2026-08-12 17:52:41] STT CLOUD OK → Transcripción: ¿Cómo están en Colombia? Bien, gracias a Dios. Todo muy bien por acá, Colombia. ¿Qué es lo que te gusta? No, gracias a Dios. El verde. Hola, hola, hola, hola, hola, hola, hola, hola.
[2026-08-12 17:52:41] FILTRO: Transcripción válida → '¿Cómo están en Colombia? Bien, gracias a Dios. Todo muy bien por acá, Colombia. ¿Qué es lo que te gusta? No, gracias a Dios. El verde. Hola, hola, hola, hola, hola, hola, hola, hola.'
[2026-08-12 17:52:42] PASO 1.5: Consultando Tálamo para clasificación semántica...
[Tálamo] Ollama OK → GENERAL_TALK
[2026-08-12 17:52:54] Tálamo → Tipo: GENERAL_TALK
[2026-08-12 17:52:54] PASO 2: Consultando al Agente Alberth...
[2026-08-12 17:52:55] Recuperando contexto de memoria persistente...
[2026-08-12 17:52:56] Memoria OK → Contexto recuperado (300 chars)
[2026-08-12 17:53:27] ERROR: Falló conexión con el agente. Usando fallback.
[2026-08-12 17:53:28] PASO 3: Generando audio de respuesta (TTS Premium edge-tts)...
[TTS-Premium] Sintetizando 94 caracteres con voz 'es-MX-JorgeNeural'...
[TTS-Premium] OK → Audio generado: alberth_voice_20260811_160152_response.mp3 (45 KB) | Voz: es-MX-JorgeNeural
[2026-08-12 17:53:31] TTS PREMIUM OK → Audio: /Users/digitalspace/.openclaw/workspace/voice_exchange/output/alberth_voice_20260811_160152_response.mp3 (edge-tts)
[2026-08-12 17:53:32] PASO 4: Reproduciendo respuesta...
[2026-08-12 17:53:42] --- PIPELINE COMPLETADO ---
[2026-08-12 17:53:43] --- PIPELINE INICIADO (AUDIO): alberth_voice_20260811_162541.wav ---
[2026-08-12 17:53:44] PASO 1: Transcribiendo audio con Groq Whisper (Cloud)...
[2026-08-12 17:54:04] STT CLOUD OK → Transcripción: .
[2026-08-12 17:54:05] FILTRO: Transcripción descartada por ser basura/silencio: '.'
[2026-08-12 17:54:05] --- PIPELINE INICIADO (AUDIO): alberth_voice_20260811_162627.wav ---
[2026-08-12 17:54:06] PASO 1: Transcribiendo audio con Groq Whisper (Cloud)...
[2026-08-12 17:54:27] STT CLOUD OK → Transcripción: Transcribe the audio.
[2026-08-12 17:54:27] FILTRO: Transcripción válida → 'Transcribe the audio.'
[2026-08-12 17:54:30] PASO 1.5: Consultando Tálamo para clasificación semántica...
[Tálamo] Ollama OK → GENERAL_TALK
[2026-08-12 17:54:46] Tálamo → Tipo: GENERAL_TALK
[2026-08-12 17:54:46] PASO 2: Consultando al Agente Alberth...
[2026-08-12 17:54:48] Recuperando contexto de memoria persistente...
[2026-08-12 17:54:51] Memoria OK → Contexto recuperado (300 chars)
[2026-08-12 17:56:35] ERROR: Falló conexión con el agente. Usando fallback.
[2026-08-12 17:56:36] PASO 3: Generando audio de respuesta (TTS Premium edge-tts)...
[TTS-Premium] Sintetizando 94 caracteres con voz 'es-MX-JorgeNeural'...
[TTS-Premium] OK → Audio generado: alberth_voice_20260811_162627_response.mp3 (45 KB) | Voz: es-MX-JorgeNeural
[2026-08-12 17:56:47] TTS PREMIUM OK → Audio: /Users/digitalspace/.openclaw/workspace/voice_exchange/output/alberth_voice_20260811_162627_response.mp3 (edge-tts)
[2026-08-12 17:56:47] PASO 4: Reproduciendo respuesta...
[2026-08-12 17:56:58] --- PIPELINE COMPLETADO ---
[2026-08-12 17:56:58] --- PIPELINE INICIADO (AUDIO): alberth_voice_20260811_162636.wav ---
[2026-08-12 17:56:59] PASO 1: Transcribiendo audio con Groq Whisper (Cloud)...
[2026-08-12 17:57:34] STT CLOUD OK → Transcripción: Transcribe the audio.
[2026-08-12 17:57:34] FILTRO: Transcripción válida → 'Transcribe the audio.'
[2026-08-12 17:57:35] PASO 1.5: Consultando Tálamo para clasificación semántica...
[Tálamo] Ollama OK → GENERAL_TALK
[2026-08-12 17:57:45] Tálamo → Tipo: GENERAL_TALK
[2026-08-12 17:57:46] PASO 2: Consultando al Agente Alberth...
[2026-08-12 17:57:46] Recuperando contexto de memoria persistente...
[2026-08-12 17:57:46] Memoria OK → Contexto recuperado (300 chars)
[2026-08-12 17:58:19] ERROR: Falló conexión con el agente. Usando fallback.
[2026-08-12 17:58:20] PASO 3: Generando audio de respuesta (TTS Premium edge-tts)...
[TTS-Premium] Sintetizando 94 caracteres con voz 'es-MX-JorgeNeural'...
[TTS-Premium] OK → Audio generado: alberth_voice_20260811_162636_response.mp3 (45 KB) | Voz: es-MX-JorgeNeural
[2026-08-12 17:58:26] TTS PREMIUM OK → Audio: /Users/digitalspace/.openclaw/workspace/voice_exchange/output/alberth_voice_20260811_162636_response.mp3 (edge-tts)
[2026-08-12 17:58:26] PASO 4: Reproduciendo respuesta...
[2026-08-12 17:58:36] --- PIPELINE COMPLETADO ---
[2026-08-12 17:58:37] --- PIPELINE INICIADO (AUDIO): alberth_voice_20260811_162648.wav ---
[2026-08-12 17:58:37] PASO 1: Transcribiendo audio con Groq Whisper (Cloud)...
[2026-08-12 17:59:00] STT CLOUD OK → Transcripción: Thank you.
[2026-08-12 17:59:00] FILTRO: Transcripción descartada por ser basura/silencio: 'Thank you.'
[2026-08-12 17:59:01] --- PIPELINE INICIADO (AUDIO): alberth_voice_20260811_162650.wav ---
[2026-08-12 17:59:01] PASO 1: Transcribiendo audio con Groq Whisper (Cloud)...
[2026-08-12 17:59:22] STT CLOUD OK → Transcripción: Thank you.
[2026-08-12 17:59:22] FILTRO: Transcripción descartada por ser basura/silencio: 'Thank you.'
[2026-08-12 17:59:23] --- PIPELINE INICIADO (AUDIO): alberth_voice_20260811_162659.wav ---
[2026-08-12 17:59:23] PASO 1: Transcribiendo audio con Groq Whisper (Cloud)...
[2026-08-12 17:59:45] STT CLOUD OK → Transcripción: Transcribe the audio.
[2026-08-12 17:59:45] FILTRO: Transcripción válida → 'Transcribe the audio.'
[2026-08-12 17:59:46] PASO 1.5: Consultando Tálamo para clasificación semántica...
[Tálamo] Ollama OK → GENERAL_TALK
[2026-08-12 17:59:52] Tálamo → Tipo: GENERAL_TALK
[2026-08-12 17:59:52] PASO 2: Consultando al Agente Alberth...
[2026-08-12 17:59:52] Recuperando contexto de memoria persistente...
[2026-08-12 17:59:52] Memoria OK → Contexto recuperado (300 chars)
[2026-08-12 18:00:27] ERROR: Falló conexión con el agente. Usando fallback.
[2026-08-12 18:00:27] PASO 3: Generando audio de respuesta (TTS Premium edge-tts)...
[TTS-Premium] Sintetizando 94 caracteres con voz 'es-MX-JorgeNeural'...
[TTS-Premium] OK → Audio generado: alberth_voice_20260811_162659_response.mp3 (45 KB) | Voz: es-MX-JorgeNeural
[2026-08-12 18:00:31] TTS PREMIUM OK → Audio: /Users/digitalspace/.openclaw/workspace/voice_exchange/output/alberth_voice_20260811_162659_response.mp3 (edge-tts)
[2026-08-12 18:00:31] PASO 4: Reproduciendo respuesta...
[2026-08-12 18:00:41] --- PIPELINE COMPLETADO ---
[2026-08-12 18:00:41] --- PIPELINE INICIADO (AUDIO): alberth_voice_20260811_163026.wav ---
[2026-08-12 18:00:41] PASO 1: Transcribiendo audio con Groq Whisper (Cloud)...
[2026-08-12 18:00:55] STT CLOUD OK → Transcripción: Transcribe the audio.
[2026-08-12 18:00:55] FILTRO: Transcripción válida → 'Transcribe the audio.'
[2026-08-12 18:00:55] PASO 1.5: Consultando Tálamo para clasificación semántica...
[Tálamo] Ollama OK → GENERAL_TALK
[2026-08-12 18:00:59] Tálamo → Tipo: GENERAL_TALK
[2026-08-12 18:00:59] PASO 2: Consultando al Agente Alberth...
[2026-08-12 18:01:00] Recuperando contexto de memoria persistente...
[2026-08-12 18:01:00] Memoria OK → Contexto recuperado (300 chars)
[2026-08-12 18:01:18] ERROR: Falló conexión con el agente. Usando fallback.
[2026-08-12 18:01:18] PASO 3: Generando audio de respuesta (TTS Premium edge-tts)...
[TTS-Premium] Sintetizando 94 caracteres con voz 'es-MX-JorgeNeural'...
[TTS-Premium] OK → Audio generado: alberth_voice_20260811_163026_response.mp3 (45 KB) | Voz: es-MX-JorgeNeural
[2026-08-12 18:01:21] TTS PREMIUM OK → Audio: /Users/digitalspace/.openclaw/workspace/voice_exchange/output/alberth_voice_20260811_163026_response.mp3 (edge-tts)
[2026-08-12 18:01:21] PASO 4: Reproduciendo respuesta...
[2026-08-12 18:01:31] --- PIPELINE COMPLETADO ---
[2026-08-12 18:01:31] --- PIPELINE INICIADO (AUDIO): alberth_voice_20260811_163032.wav ---
[2026-08-12 18:01:31] PASO 1: Transcribiendo audio con Groq Whisper (Cloud)...
[2026-08-12 18:01:46] STT CLOUD OK → Transcripción: Thank you.
[2026-08-12 18:01:46] FILTRO: Transcripción descartada por ser basura/silencio: 'Thank you.'
[2026-08-12 18:01:47] --- PIPELINE INICIADO (AUDIO): alberth_voice_20260811_163135.wav ---
[2026-08-12 18:01:47] PASO 1: Transcribiendo audio con Groq Whisper (Cloud)...
[2026-08-12 18:01:59] STT CLOUD OK → Transcripción: Thank you.
[2026-08-12 18:01:59] FILTRO: Transcripción descartada por ser basura/silencio: 'Thank you.'
[2026-08-12 18:02:00] --- PIPELINE INICIADO (AUDIO): alberth_voice_20260811_163236.wav ---
[2026-08-12 18:02:00] PASO 1: Transcribiendo audio con Groq Whisper (Cloud)...
[2026-08-12 18:02:13] STT CLOUD OK → Transcripción: Bye. Bye.
[2026-08-12 18:02:13] FILTRO: Transcripción válida → 'Bye. Bye.'
[2026-08-12 18:02:14] PASO 1.5: Consultando Tálamo para clasificación semántica...
[Tálamo] Ollama OK → GENERAL_TALK
[2026-08-12 18:02:18] Tálamo → Tipo: GENERAL_TALK
[2026-08-12 18:02:18] PASO 2: Consultando al Agente Alberth...
[2026-08-12 18:02:18] Recuperando contexto de memoria persistente...
[2026-08-12 18:02:19] Memoria OK → Contexto recuperado (300 chars)
[2026-08-12 18:02:41] ERROR: Falló conexión con el agente. Usando fallback.
[2026-08-12 18:02:41] PASO 3: Generando audio de respuesta (TTS Premium edge-tts)...
[TTS-Premium] Sintetizando 94 caracteres con voz 'es-MX-JorgeNeural'...
[TTS-Premium] OK → Audio generado: alberth_voice_20260811_163236_response.mp3 (45 KB) | Voz: es-MX-JorgeNeural
[2026-08-12 18:02:57] TTS PREMIUM OK → Audio: /Users/digitalspace/.openclaw/workspace/voice_exchange/output/alberth_voice_20260811_163236_response.mp3 (edge-tts)
[2026-08-12 18:02:58] PASO 4: Reproduciendo respuesta...
[2026-08-12 18:03:08] --- PIPELINE COMPLETADO ---
[2026-08-12 18:03:09] --- PIPELINE INICIADO (AUDIO): alberth_voice_20260811_163714.wav ---
[2026-08-12 18:03:09] PASO 1: Transcribiendo audio con Groq Whisper (Cloud)...
[2026-08-12 18:03:31] STT CLOUD OK → Transcripción: Thank you.
[2026-08-12 18:03:31] FILTRO: Transcripción descartada por ser basura/silencio: 'Thank you.'
[2026-08-12 18:03:32] --- PIPELINE INICIADO (AUDIO): alberth_voice_20260811_163918.wav ---
[2026-08-12 18:03:32] PASO 1: Transcribiendo audio con Groq Whisper (Cloud)...
[2026-08-12 18:03:54] STT CLOUD OK → Transcripción: Transcribe the audio.
[2026-08-12 18:03:54] FILTRO: Transcripción válida → 'Transcribe the audio.'
[2026-08-12 18:03:55] PASO 1.5: Consultando Tálamo para clasificación semántica...
[Tálamo] Ollama OK → GENERAL_TALK
[2026-08-12 18:03:59] Tálamo → Tipo: GENERAL_TALK
[2026-08-12 18:04:00] PASO 2: Consultando al Agente Alberth...
[2026-08-12 18:04:00] Recuperando contexto de memoria persistente...
[2026-08-12 18:04:00] Memoria OK → Contexto recuperado (300 chars)
[2026-08-12 18:04:29] ERROR: Falló conexión con el agente. Usando fallback.
[2026-08-12 18:04:30] PASO 3: Generando audio de respuesta (TTS Premium edge-tts)...
[TTS-Premium] Sintetizando 94 caracteres con voz 'es-MX-JorgeNeural'...
[TTS-Premium] OK → Audio generado: alberth_voice_20260811_163918_response.mp3 (45 KB) | Voz: es-MX-JorgeNeural
[2026-08-12 18:04:37] TTS PREMIUM OK → Audio: /Users/digitalspace/.openclaw/workspace/voice_exchange/output/alberth_voice_20260811_163918_response.mp3 (edge-tts)
[2026-08-12 18:04:37] PASO 4: Reproduciendo respuesta...
[2026-08-12 18:04:47] --- PIPELINE COMPLETADO ---
[2026-08-12 18:04:47] --- PIPELINE INICIADO (AUDIO): alberth_voice_20260811_164020.wav ---
[2026-08-12 18:04:47] PASO 1: Transcribiendo audio con Groq Whisper (Cloud)...
[2026-08-12 18:05:11] STT CLOUD OK → Transcripción: Transcribe the audio. Transcribe the audio.
[2026-08-12 18:05:11] FILTRO: Transcripción válida → 'Transcribe the audio. Transcribe the audio.'
[2026-08-12 18:05:12] PASO 1.5: Consultando Tálamo para clasificación semántica...
[Tálamo] Ollama OK → GENERAL_TALK
[2026-08-12 18:05:16] Tálamo → Tipo: GENERAL_TALK
[2026-08-12 18:05:16] PASO 2: Consultando al Agente Alberth...
[2026-08-12 18:05:16] Recuperando contexto de memoria persistente...
[2026-08-12 18:05:17] Memoria OK → Contexto recuperado (300 chars)
[2026-08-12 18:05:37] ERROR: Falló conexión con el agente. Usando fallback.
[2026-08-12 18:05:38] PASO 3: Generando audio de respuesta (TTS Premium edge-tts)...
[TTS-Premium] Sintetizando 94 caracteres con voz 'es-MX-JorgeNeural'...
[TTS-Premium] OK → Audio generado: alberth_voice_20260811_164020_response.mp3 (45 KB) | Voz: es-MX-JorgeNeural
[2026-08-12 18:05:40] TTS PREMIUM OK → Audio: /Users/digitalspace/.openclaw/workspace/voice_exchange/output/alberth_voice_20260811_164020_response.mp3 (edge-tts)
[2026-08-12 18:05:40] PASO 4: Reproduciendo respuesta...
[2026-08-12 18:05:50] --- PIPELINE COMPLETADO ---
[2026-08-12 18:05:51] --- PIPELINE INICIADO (AUDIO): alberth_voice_20260811_164032.wav ---
[2026-08-12 18:05:51] PASO 1: Transcribiendo audio con Groq Whisper (Cloud)...
[2026-08-12 18:06:04] STT CLOUD OK → Transcripción: Thank you.
[2026-08-12 18:06:04] FILTRO: Transcripción descartada por ser basura/silencio: 'Thank you.'
[2026-08-12 18:06:05] --- PIPELINE INICIADO (AUDIO): alberth_voice_20260811_164041.wav ---
[2026-08-12 18:06:05] PASO 1: Transcribiendo audio con Groq Whisper (Cloud)...
[2026-08-12 18:06:20] STT CLOUD OK → Transcripción: Thank you.
[2026-08-12 18:06:21] FILTRO: Transcripción descartada por ser basura/silencio: 'Thank you.'
[2026-08-12 18:06:21] --- PIPELINE INICIADO (AUDIO): alberth_voice_20260811_170049.wav ---
[2026-08-12 18:06:21] PASO 1: Transcribiendo audio con Groq Whisper (Cloud)...
[2026-08-12 18:06:35] STT CLOUD OK → Transcripción: .
[2026-08-12 18:06:36] FILTRO: Transcripción descartada por ser basura/silencio: '.'
[2026-08-12 18:06:36] --- PIPELINE INICIADO (AUDIO): alberth_voice_20260811_170106.wav ---
[2026-08-12 18:06:36] PASO 1: Transcribiendo audio con Groq Whisper (Cloud)...
[2026-08-12 18:06:54] STT CLOUD OK → Transcripción: I think I can understand. I think I can understand.
[2026-08-12 18:06:54] FILTRO: Transcripción válida → 'I think I can understand. I think I can understand.'
[2026-08-12 18:06:54] PASO 1.5: Consultando Tálamo para clasificación semántica...
[Tálamo] Ollama OK → GENERAL_TALK
[2026-08-12 18:06:58] Tálamo → Tipo: GENERAL_TALK
[2026-08-12 18:06:58] PASO 2: Consultando al Agente Alberth...
[2026-08-12 18:06:58] Recuperando contexto de memoria persistente...
[2026-08-12 18:06:59] Memoria OK → Contexto recuperado (300 chars)
[2026-08-12 18:07:25] ERROR: Falló conexión con el agente. Usando fallback.
[2026-08-12 18:07:26] PASO 3: Generando audio de respuesta (TTS Premium edge-tts)...
[TTS-Premium] Sintetizando 94 caracteres con voz 'es-MX-JorgeNeural'...
[TTS-Premium] OK → Audio generado: alberth_voice_20260811_170106_response.mp3 (45 KB) | Voz: es-MX-JorgeNeural
[2026-08-12 18:07:32] TTS PREMIUM OK → Audio: /Users/digitalspace/.openclaw/workspace/voice_exchange/output/alberth_voice_20260811_170106_response.mp3 (edge-tts)
[2026-08-12 18:07:32] PASO 4: Reproduciendo respuesta...
[2026-08-12 18:07:41] --- PIPELINE COMPLETADO ---
[2026-08-12 18:07:42] --- PIPELINE INICIADO (AUDIO): alberth_voice_20260811_170122.wav ---
[2026-08-12 18:07:42] PASO 1: Transcribiendo audio con Groq Whisper (Cloud)...
[2026-08-12 18:07:56] STT CLOUD OK → Transcripción: It's not yet.
[2026-08-12 18:07:56] FILTRO: Transcripción válida → 'It's not yet.'
[2026-08-12 18:07:57] PASO 1.5: Consultando Tálamo para clasificación semántica...
[Tálamo] Ollama OK → GENERAL_TALK
[2026-08-12 18:08:00] Tálamo → Tipo: GENERAL_TALK
[2026-08-12 18:08:00] PASO 2: Consultando al Agente Alberth...
[2026-08-12 18:08:01] Recuperando contexto de memoria persistente...
[2026-08-12 18:08:01] Memoria OK → Contexto recuperado (300 chars)
[2026-08-12 18:08:21] ERROR: Falló conexión con el agente. Usando fallback.
[2026-08-12 18:08:21] PASO 3: Generando audio de respuesta (TTS Premium edge-tts)...
[TTS-Premium] Sintetizando 94 caracteres con voz 'es-MX-JorgeNeural'...
[TTS-Premium] OK → Audio generado: alberth_voice_20260811_170122_response.mp3 (45 KB) | Voz: es-MX-JorgeNeural
[2026-08-12 18:08:31] TTS PREMIUM OK → Audio: /Users/digitalspace/.openclaw/workspace/voice_exchange/output/alberth_voice_20260811_170122_response.mp3 (edge-tts)
[2026-08-12 18:08:31] PASO 4: Reproduciendo respuesta...
[2026-08-12 18:08:41] --- PIPELINE COMPLETADO ---
[2026-08-12 18:08:41] --- PIPELINE INICIADO (AUDIO): alberth_voice_20260811_170255.wav ---
[2026-08-12 18:08:41] PASO 1: Transcribiendo audio con Groq Whisper (Cloud)...
[2026-08-12 18:09:03] STT CLOUD OK → Transcripción: Thank you.
[2026-08-12 18:09:03] FILTRO: Transcripción descartada por ser basura/silencio: 'Thank you.'
[2026-08-12 18:09:03] --- PIPELINE INICIADO (AUDIO): alberth_voice_20260811_171200.wav ---
[2026-08-12 18:09:04] PASO 1: Transcribiendo audio con Groq Whisper (Cloud)...
[2026-08-12 18:09:23] STT CLOUD OK → Transcripción: .
[2026-08-12 18:09:23] FILTRO: Transcripción descartada por ser basura/silencio: '.'
[2026-08-12 18:09:23] --- PIPELINE INICIADO (AUDIO): alberth_voice_20260811_180344.wav ---
[2026-08-12 18:09:24] PASO 1: Transcribiendo audio con Groq Whisper (Cloud)...
[2026-08-12 18:10:02] STT CLOUD OK → Transcripción: Tres. Transcribe the audio. Transcribe the audio.
[2026-08-12 18:10:02] FILTRO: Transcripción válida → 'Tres. Transcribe the audio. Transcribe the audio.'
[2026-08-12 18:10:03] PASO 1.5: Consultando Tálamo para clasificación semántica...
[Tálamo] Ollama OK → GENERAL_TALK
[2026-08-12 18:10:09] Tálamo → Tipo: GENERAL_TALK
[2026-08-12 18:10:09] PASO 2: Consultando al Agente Alberth...
[2026-08-12 18:10:09] Recuperando contexto de memoria persistente...
[2026-08-12 18:10:10] Memoria OK → Contexto recuperado (300 chars)
[2026-08-12 18:10:43] ERROR: Falló conexión con el agente. Usando fallback.
[2026-08-12 18:10:43] PASO 3: Generando audio de respuesta (TTS Premium edge-tts)...
[TTS-Premium] Sintetizando 94 caracteres con voz 'es-MX-JorgeNeural'...
[TTS-Premium] OK → Audio generado: alberth_voice_20260811_180344_response.mp3 (45 KB) | Voz: es-MX-JorgeNeural
[2026-08-12 18:10:55] TTS PREMIUM OK → Audio: /Users/digitalspace/.openclaw/workspace/voice_exchange/output/alberth_voice_20260811_180344_response.mp3 (edge-tts)
[2026-08-12 18:10:55] PASO 4: Reproduciendo respuesta...
[2026-08-12 18:11:05] --- PIPELINE COMPLETADO ---
[2026-08-12 18:11:05] --- PIPELINE INICIADO (AUDIO): alberth_voice_20260811_180449.wav ---
[2026-08-12 18:11:05] PASO 1: Transcribiendo audio con Groq Whisper (Cloud)...
[2026-08-12 18:11:23] STT CLOUD OK → Transcripción: Thank you.
[2026-08-12 18:11:23] FILTRO: Transcripción descartada por ser basura/silencio: 'Thank you.'
[2026-08-12 18:11:23] --- PIPELINE INICIADO (AUDIO): alberth_voice_20260811_180536.wav ---
[2026-08-12 18:11:23] PASO 1: Transcribiendo audio con Groq Whisper (Cloud)...
[2026-08-12 18:11:40] STT CLOUD OK → Transcripción: Thank you.
[2026-08-12 18:11:40] FILTRO: Transcripción descartada por ser basura/silencio: 'Thank you.'
[2026-08-12 18:11:40] --- PIPELINE INICIADO (AUDIO): alberth_voice_20260811_180839.wav ---
[2026-08-12 18:11:40] PASO 1: Transcribiendo audio con Groq Whisper (Cloud)...
[2026-08-12 18:11:58] STT CLOUD OK → Transcripción: Thank you.
[2026-08-12 18:11:58] FILTRO: Transcripción descartada por ser basura/silencio: 'Thank you.'
[2026-08-12 18:11:59] --- PIPELINE INICIADO (AUDIO): alberth_voice_20260811_180844.wav ---
[2026-08-12 18:11:59] PASO 1: Transcribiendo audio con Groq Whisper (Cloud)...
[2026-08-12 18:12:19] STT CLOUD OK → Transcripción: Thank you.
[2026-08-12 18:12:19] FILTRO: Transcripción descartada por ser basura/silencio: 'Thank you.'
[2026-08-12 18:12:19] --- PIPELINE INICIADO (AUDIO): alberth_voice_20260811_180848.wav ---
[2026-08-12 18:12:19] PASO 1: Transcribiendo audio con Groq Whisper (Cloud)...
[2026-08-12 18:12:37] STT CLOUD OK → Transcripción: Ah?
[2026-08-12 18:12:37] FILTRO: Transcripción descartada por ser basura/silencio: 'Ah?'
[2026-08-12 18:12:37] --- PIPELINE INICIADO (AUDIO): alberth_voice_20260811_180900.wav ---
[2026-08-12 18:12:37] PASO 1: Transcribiendo audio con Groq Whisper (Cloud)...
[2026-08-12 18:12:59] STT CLOUD OK → Transcripción: Espero que te sientas mal. Estás preocupada por lo de la casa. Estoy muy tranquila. Eh... Era hoy.
[2026-08-12 18:12:59] FILTRO: Transcripción válida → 'Espero que te sientas mal. Estás preocupada por lo de la casa. Estoy muy tranquila. Eh... Era hoy.'
[2026-08-12 18:12:59] PASO 1.5: Consultando Tálamo para clasificación semántica...
[Tálamo] Ollama OK → GENERAL_TALK
[2026-08-12 18:13:05] Tálamo → Tipo: GENERAL_TALK
[2026-08-12 18:13:05] PASO 2: Consultando al Agente Alberth...
[2026-08-12 18:13:05] Recuperando contexto de memoria persistente...
[2026-08-12 18:13:06] Memoria OK → Contexto recuperado (300 chars)
[2026-08-12 18:13:42] ERROR: Falló conexión con el agente. Usando fallback.
[2026-08-12 18:13:42] PASO 3: Generando audio de respuesta (TTS Premium edge-tts)...
[TTS-Premium] Sintetizando 94 caracteres con voz 'es-MX-JorgeNeural'...
[TTS-Premium] OK → Audio generado: alberth_voice_20260811_180900_response.mp3 (45 KB) | Voz: es-MX-JorgeNeural
[2026-08-12 18:13:54] TTS PREMIUM OK → Audio: /Users/digitalspace/.openclaw/workspace/voice_exchange/output/alberth_voice_20260811_180900_response.mp3 (edge-tts)
[2026-08-12 18:13:54] PASO 4: Reproduciendo respuesta...
[2026-08-12 18:14:03] --- PIPELINE COMPLETADO ---
[2026-08-12 18:14:04] --- PIPELINE INICIADO (AUDIO): alberth_voice_20260811_181106.wav ---
[2026-08-12 18:14:04] PASO 1: Transcribiendo audio con Groq Whisper (Cloud)...
[2026-08-12 18:14:28] STT CLOUD OK → Transcripción: Trabajo the audio. Voy a hablar con el señor Dmitry cuando él vaya, pero todavía no le puedo poner fecha porque no sé cuándo. Y no voy a pedir el dinero para mañana. Si todavía, lo primero que tienen que hacer es venir a hacer el peritaje, Mónica. Y ahí pedir el préstamo para que ya me hagan eso de ahí. Es que Mónica, si ahorita pido el préstamo, ponte que el señor Dmitry me dice ya, esta semana te lo doy. O la próxima semana voy a hacer. Pero lo que pasa es que quiero ver el peritaje. Pero ya igual voy a hablar con el señor Dimitri. Le voy a decir que estoy haciendo los trámites, que toda la movida, que todavía no están actuando. Pero que quiero ver si me aplica cuando ya me digan que es para pagar. Sí, mi amor, tranquila. No te preocupes. Tampoco te digo que te preocupes de todo esto. Porque igual la situación hay que afrontarla. Pero, mi amor, hay que hacer los trámites. Estoy haciendo los tramos. O sea, estoy en... Mira, aquí está la mesa. Por si acaso no lo creas. O creas de que yo no...
[2026-08-12 18:14:28] FILTRO: Transcripción válida → 'Trabajo the audio. Voy a hablar con el señor Dmitry cuando él vaya, pero todavía no le puedo poner fecha porque no sé cuándo. Y no voy a pedir el dinero para mañana. Si todavía, lo primero que tienen que hacer es venir a hacer el peritaje, Mónica. Y ahí pedir el préstamo para que ya me hagan eso de ahí. Es que Mónica, si ahorita pido el préstamo, ponte que el señor Dmitry me dice ya, esta semana te lo doy. O la próxima semana voy a hacer. Pero lo que pasa es que quiero ver el peritaje. Pero ya igual voy a hablar con el señor Dimitri. Le voy a decir que estoy haciendo los trámites, que toda la movida, que todavía no están actuando. Pero que quiero ver si me aplica cuando ya me digan que es para pagar. Sí, mi amor, tranquila. No te preocupes. Tampoco te digo que te preocupes de todo esto. Porque igual la situación hay que afrontarla. Pero, mi amor, hay que hacer los trámites. Estoy haciendo los tramos. O sea, estoy en... Mira, aquí está la mesa. Por si acaso no lo creas. O creas de que yo no...'
[2026-08-12 18:14:28] PASO 1.5: Consultando Tálamo para clasificación semántica...
[Tálamo] Ollama OK → GENERAL_TALK
[2026-08-12 18:14:39] Tálamo → Tipo: GENERAL_TALK
[2026-08-12 18:14:39] PASO 2: Consultando al Agente Alberth...
[2026-08-12 18:14:39] Recuperando contexto de memoria persistente...
[2026-08-12 18:14:40] Memoria OK → Contexto recuperado (300 chars)
[2026-08-12 18:14:58] ERROR: Falló conexión con el agente. Usando fallback.
[2026-08-12 18:14:58] PASO 3: Generando audio de respuesta (TTS Premium edge-tts)...
[TTS-Premium] Sintetizando 94 caracteres con voz 'es-MX-JorgeNeural'...
[TTS-Premium] OK → Audio generado: alberth_voice_20260811_181106_response.mp3 (45 KB) | Voz: es-MX-JorgeNeural
[2026-08-12 18:15:00] TTS PREMIUM OK → Audio: /Users/digitalspace/.openclaw/workspace/voice_exchange/output/alberth_voice_20260811_181106_response.mp3 (edge-tts)
[2026-08-12 18:15:00] PASO 4: Reproduciendo respuesta...
[2026-08-12 18:15:10] --- PIPELINE COMPLETADO ---
[2026-08-12 18:15:11] --- PIPELINE INICIADO (AUDIO): alberth_voice_20260811_181109.wav ---
[2026-08-12 18:15:11] PASO 1: Transcribiendo audio con Groq Whisper (Cloud)...
[2026-08-12 18:15:31] STT CLOUD OK → Transcripción: Bien.
[2026-08-12 18:15:31] FILTRO: Transcripción válida → 'Bien.'
[2026-08-12 18:15:31] PASO 1.5: Consultando Tálamo para clasificación semántica...
[Tálamo] Ollama OK → GENERAL_TALK
[2026-08-12 18:15:36] Tálamo → Tipo: GENERAL_TALK
[2026-08-12 18:15:36] PASO 2: Consultando al Agente Alberth...
[2026-08-12 18:15:37] Recuperando contexto de memoria persistente...
[2026-08-12 18:15:37] Memoria OK → Contexto recuperado (300 chars)
[2026-08-12 18:15:59] ERROR: Falló conexión con el agente. Usando fallback.
[2026-08-12 18:15:59] PASO 3: Generando audio de respuesta (TTS Premium edge-tts)...
[TTS-Premium] Sintetizando 94 caracteres con voz 'es-MX-JorgeNeural'...
[TTS-Premium] OK → Audio generado: alberth_voice_20260811_181109_response.mp3 (45 KB) | Voz: es-MX-JorgeNeural
[2026-08-12 18:16:03] TTS PREMIUM OK → Audio: /Users/digitalspace/.openclaw/workspace/voice_exchange/output/alberth_voice_20260811_181109_response.mp3 (edge-tts)
[2026-08-12 18:16:03] PASO 4: Reproduciendo respuesta...
[2026-08-12 18:16:14] --- PIPELINE COMPLETADO ---
[2026-08-12 18:16:14] --- PIPELINE INICIADO (AUDIO): alberth_voice_20260811_181112.wav ---
[2026-08-12 18:16:14] PASO 1: Transcribiendo audio con Groq Whisper (Cloud)...
[2026-08-12 18:16:31] STT CLOUD OK → Transcripción: Thank you.
[2026-08-12 18:16:32] FILTRO: Transcripción descartada por ser basura/silencio: 'Thank you.'
[2026-08-12 18:16:32] --- PIPELINE INICIADO (AUDIO): alberth_voice_20260811_181326.wav ---
[2026-08-12 18:16:32] PASO 1: Transcribiendo audio con Groq Whisper (Cloud)...
[2026-08-12 18:16:48] STT CLOUD OK → Transcripción: La verdad es que ando ahorita medio preocupado de otras cosas, pero no...
[2026-08-12 18:16:48] FILTRO: Transcripción válida → 'La verdad es que ando ahorita medio preocupado de otras cosas, pero no...'
[2026-08-12 18:16:49] PASO 1.5: Consultando Tálamo para clasificación semántica...
[Tálamo] Ollama OK → GENERAL_TALK
[2026-08-12 18:16:53] Tálamo → Tipo: GENERAL_TALK
[2026-08-12 18:16:53] PASO 2: Consultando al Agente Alberth...
[2026-08-12 18:16:54] Recuperando contexto de memoria persistente...
[2026-08-12 18:16:54] Memoria OK → Contexto recuperado (300 chars)
[2026-08-12 18:17:24] ERROR: Falló conexión con el agente. Usando fallback.
[2026-08-12 18:17:24] PASO 3: Generando audio de respuesta (TTS Premium edge-tts)...
[TTS-Premium] Sintetizando 94 caracteres con voz 'es-MX-JorgeNeural'...
[TTS-Premium] OK → Audio generado: alberth_voice_20260811_181326_response.mp3 (45 KB) | Voz: es-MX-JorgeNeural
[2026-08-12 18:17:35] TTS PREMIUM OK → Audio: /Users/digitalspace/.openclaw/workspace/voice_exchange/output/alberth_voice_20260811_181326_response.mp3 (edge-tts)
[2026-08-12 18:17:35] PASO 4: Reproduciendo respuesta...
[2026-08-12 18:17:45] --- PIPELINE COMPLETADO ---
[2026-08-12 18:17:46] --- PIPELINE INICIADO (AUDIO): alberth_voice_20260811_181400.wav ---
[2026-08-12 18:17:46] PASO 1: Transcribiendo audio con Groq Whisper (Cloud)...
[2026-08-12 18:18:10] STT CLOUD OK → Transcripción: Thank you.
[2026-08-12 18:18:10] FILTRO: Transcripción descartada por ser basura/silencio: 'Thank you.'
[2026-08-12 18:18:11] --- PIPELINE INICIADO (AUDIO): alberth_voice_20260811_181424.wav ---
[2026-08-12 18:18:11] PASO 1: Transcribiendo audio con Groq Whisper (Cloud)...
[2026-08-12 18:18:44] STT CLOUD OK → Transcripción: Trabajarín. Que dice la vigilipe. Con la bocota. Y que la Alisson ya se ha ido hoy día allá. Y que le han dicho.
[2026-08-12 18:18:45] FILTRO: Transcripción válida → 'Trabajarín. Que dice la vigilipe. Con la bocota. Y que la Alisson ya se ha ido hoy día allá. Y que le han dicho.'
[2026-08-12 18:18:45] PASO 1.5: Consultando Tálamo para clasificación semántica...
[Tálamo] Ollama OK → FINANCE_TICKER
[2026-08-12 18:18:54] Tálamo → Tipo: FINANCE_TICKER
[2026-08-12 18:18:54] Tálamo → Enrutando a FINANCE HELPER...
[2026-08-12 18:18:58] FINANCE OK → 📉 **Bitcoin** (Crypto)
  Precio: $63,357.00
  Cambio 24h: -0.25%
  Market Cap: $1,271,526,717,578
[TTS-Premium] Sintetizando 97 caracteres con voz 'es-MX-JorgeNeural'...
[TTS-Premium] OK → Audio generado: alberth_voice_20260811_181424_response.mp3 (143 KB) | Voz: es-MX-JorgeNeural
[2026-08-12 18:19:03] --- PIPELINE COMPLETADO (FINANCE) ---
[2026-08-12 18:19:03] --- PIPELINE INICIADO (AUDIO): alberth_voice_20260811_181436.wav ---
[2026-08-12 18:19:04] PASO 1: Transcribiendo audio con Groq Whisper (Cloud)...
[2026-08-12 18:19:28] STT CLOUD OK → Transcripción: Thank you.
[2026-08-12 18:19:29] FILTRO: Transcripción descartada por ser basura/silencio: 'Thank you.'
[2026-08-12 18:19:29] --- PIPELINE INICIADO (AUDIO): alberth_voice_20260811_181441.wav ---
[2026-08-12 18:19:29] PASO 1: Transcribiendo audio con Groq Whisper (Cloud)...
[2026-08-12 18:19:50] STT CLOUD OK → Transcripción: Thank you.
[2026-08-12 18:19:50] FILTRO: Transcripción descartada por ser basura/silencio: 'Thank you.'
[2026-08-12 18:19:50] --- PIPELINE INICIADO (AUDIO): alberth_voice_20260811_181456.wav ---
[2026-08-12 18:19:50] PASO 1: Transcribiendo audio con Groq Whisper (Cloud)...
[2026-08-12 18:20:15] STT CLOUD OK → Transcripción: Transcribe the audio.
[2026-08-12 18:20:15] FILTRO: Transcripción válida → 'Transcribe the audio.'
[2026-08-12 18:20:16] PASO 1.5: Consultando Tálamo para clasificación semántica...
[Tálamo] Ollama OK → GENERAL_TALK
[2026-08-12 18:20:21] Tálamo → Tipo: GENERAL_TALK
[2026-08-12 18:20:21] PASO 2: Consultando al Agente Alberth...
[2026-08-12 18:20:21] Recuperando contexto de memoria persistente...
[2026-08-12 18:20:22] Memoria OK → Contexto recuperado (300 chars)
[2026-08-12 18:20:58] ERROR: Falló conexión con el agente. Usando fallback.
[2026-08-12 18:20:59] PASO 3: Generando audio de respuesta (TTS Premium edge-tts)...
[TTS-Premium] Sintetizando 94 caracteres con voz 'es-MX-JorgeNeural'...
[TTS-Premium] OK → Audio generado: alberth_voice_20260811_181456_response.mp3 (45 KB) | Voz: es-MX-JorgeNeural
[2026-08-12 18:21:08] TTS PREMIUM OK → Audio: /Users/digitalspace/.openclaw/workspace/voice_exchange/output/alberth_voice_20260811_181456_response.mp3 (edge-tts)
[2026-08-12 18:21:09] PASO 4: Reproduciendo respuesta...
[2026-08-12 18:21:19] --- PIPELINE COMPLETADO ---
[2026-08-12 18:21:19] --- PIPELINE INICIADO (AUDIO): alberth_voice_20260811_181515.wav ---
[2026-08-12 18:21:19] PASO 1: Transcribiendo audio con Groq Whisper (Cloud)...
[2026-08-12 18:21:38] STT CLOUD OK → Transcripción: Transcribe the audio.
[2026-08-12 18:21:38] FILTRO: Transcripción válida → 'Transcribe the audio.'
[2026-08-12 18:21:39] PASO 1.5: Consultando Tálamo para clasificación semántica...
[Tálamo] Ollama OK → GENERAL_TALK
[2026-08-12 18:21:44] Tálamo → Tipo: GENERAL_TALK
[2026-08-12 18:21:44] PASO 2: Consultando al Agente Alberth...
[2026-08-12 18:21:44] Recuperando contexto de memoria persistente...
[2026-08-12 18:21:45] Memoria OK → Contexto recuperado (300 chars)
[2026-08-12 18:22:00] ERROR: Falló conexión con el agente. Usando fallback.
[2026-08-12 18:22:00] PASO 3: Generando audio de respuesta (TTS Premium edge-tts)...
[TTS-Premium] Sintetizando 94 caracteres con voz 'es-MX-JorgeNeural'...
[TTS-Premium] OK → Audio generado: alberth_voice_20260811_181515_response.mp3 (45 KB) | Voz: es-MX-JorgeNeural
[2026-08-12 18:22:02] TTS PREMIUM OK → Audio: /Users/digitalspace/.openclaw/workspace/voice_exchange/output/alberth_voice_20260811_181515_response.mp3 (edge-tts)
[2026-08-12 18:22:02] PASO 4: Reproduciendo respuesta...
[2026-08-12 18:22:12] --- PIPELINE COMPLETADO ---
[2026-08-12 18:22:12] --- PIPELINE INICIADO (AUDIO): alberth_voice_20260811_181524.wav ---
[2026-08-12 18:22:13] PASO 1: Transcribiendo audio con Groq Whisper (Cloud)...
[2026-08-12 18:22:25] STT CLOUD OK → Transcripción: No hay para las comidas nada, ¿verdad?
[2026-08-12 18:22:25] FILTRO: Transcripción válida → 'No hay para las comidas nada, ¿verdad?'
[2026-08-12 18:22:26] PASO 1.5: Consultando Tálamo para clasificación semántica...
[Tálamo] Ollama OK → GENERAL_TALK
[2026-08-12 18:22:31] Tálamo → Tipo: GENERAL_TALK
[2026-08-12 18:22:31] PASO 2: Consultando al Agente Alberth...
[2026-08-12 18:22:31] Recuperando contexto de memoria persistente...
[2026-08-12 18:22:31] Memoria OK → Contexto recuperado (300 chars)
[2026-08-12 18:22:46] ERROR: Falló conexión con el agente. Usando fallback.
[2026-08-12 18:22:46] PASO 3: Generando audio de respuesta (TTS Premium edge-tts)...
[TTS-Premium] Sintetizando 94 caracteres con voz 'es-MX-JorgeNeural'...
[TTS-Premium] OK → Audio generado: alberth_voice_20260811_181524_response.mp3 (45 KB) | Voz: es-MX-JorgeNeural
[2026-08-12 18:22:48] TTS PREMIUM OK → Audio: /Users/digitalspace/.openclaw/workspace/voice_exchange/output/alberth_voice_20260811_181524_response.mp3 (edge-tts)
[2026-08-12 18:22:48] PASO 4: Reproduciendo respuesta...
[2026-08-12 18:22:59] --- PIPELINE COMPLETADO ---
[2026-08-12 18:23:00] --- PIPELINE INICIADO (AUDIO): alberth_voice_20260811_181531.wav ---
[2026-08-12 18:23:00] PASO 1: Transcribiendo audio con Groq Whisper (Cloud)...
[2026-08-12 18:23:15] STT CLOUD OK → Transcripción: Thank you.
[2026-08-12 18:23:16] FILTRO: Transcripción descartada por ser basura/silencio: 'Thank you.'
[2026-08-12 18:23:16] --- PIPELINE INICIADO (AUDIO): alberth_voice_20260811_181610.wav ---
[2026-08-12 18:23:16] PASO 1: Transcribiendo audio con Groq Whisper (Cloud)...
[2026-08-12 18:23:32] STT CLOUD OK → Transcripción: Yes, yes, yes. But now I will give you a brief.
[2026-08-12 18:23:32] FILTRO: Transcripción válida → 'Yes, yes, yes. But now I will give you a brief.'
[2026-08-12 18:23:33] PASO 1.5: Consultando Tálamo para clasificación semántica...
[Tálamo] Ollama OK → GENERAL_TALK
[2026-08-12 18:23:40] Tálamo → Tipo: GENERAL_TALK
[2026-08-12 18:23:40] PASO 2: Consultando al Agente Alberth...
[2026-08-12 18:23:40] Recuperando contexto de memoria persistente...
[2026-08-12 18:23:41] Memoria OK → Contexto recuperado (300 chars)
[2026-08-12 18:24:16] ERROR: Falló conexión con el agente. Usando fallback.
[2026-08-12 18:24:16] PASO 3: Generando audio de respuesta (TTS Premium edge-tts)...
[TTS-Premium] Sintetizando 94 caracteres con voz 'es-MX-JorgeNeural'...
[TTS-Premium] OK → Audio generado: alberth_voice_20260811_181610_response.mp3 (45 KB) | Voz: es-MX-JorgeNeural
[2026-08-12 18:24:20] TTS PREMIUM OK → Audio: /Users/digitalspace/.openclaw/workspace/voice_exchange/output/alberth_voice_20260811_181610_response.mp3 (edge-tts)
[2026-08-12 18:24:20] PASO 4: Reproduciendo respuesta...
[2026-08-12 18:24:30] --- PIPELINE COMPLETADO ---
[2026-08-12 18:24:31] --- PIPELINE INICIADO (AUDIO): alberth_voice_20260811_181626.wav ---
[2026-08-12 18:24:31] PASO 1: Transcribiendo audio con Groq Whisper (Cloud)...
[2026-08-12 18:24:47] STT CLOUD OK → Transcripción: Transcribe the audio.
[2026-08-12 18:24:47] FILTRO: Transcripción válida → 'Transcribe the audio.'
[2026-08-12 18:24:48] PASO 1.5: Consultando Tálamo para clasificación semántica...
[Tálamo] Ollama OK → GENERAL_TALK
[2026-08-12 18:24:53] Tálamo → Tipo: GENERAL_TALK
[2026-08-12 18:24:54] PASO 2: Consultando al Agente Alberth...
[2026-08-12 18:24:54] Recuperando contexto de memoria persistente...
[2026-08-12 18:24:54] Memoria OK → Contexto recuperado (300 chars)
[2026-08-12 18:25:34] ERROR: Falló conexión con el agente. Usando fallback.
[2026-08-12 18:25:34] PASO 3: Generando audio de respuesta (TTS Premium edge-tts)...
[TTS-Premium] Sintetizando 94 caracteres con voz 'es-MX-JorgeNeural'...
[TTS-Premium] OK → Audio generado: alberth_voice_20260811_181626_response.mp3 (45 KB) | Voz: es-MX-JorgeNeural
[2026-08-12 18:25:44] TTS PREMIUM OK → Audio: /Users/digitalspace/.openclaw/workspace/voice_exchange/output/alberth_voice_20260811_181626_response.mp3 (edge-tts)
[2026-08-12 18:25:44] PASO 4: Reproduciendo respuesta...
[2026-08-12 18:25:54] --- PIPELINE COMPLETADO ---
[2026-08-12 18:25:55] --- PIPELINE INICIADO (AUDIO): alberth_voice_20260811_181756.wav ---
[2026-08-12 18:25:55] PASO 1: Transcribiendo audio con Groq Whisper (Cloud)...
[2026-08-12 18:26:17] STT CLOUD OK → Transcripción: .
[2026-08-12 18:26:17] FILTRO: Transcripción descartada por ser basura/silencio: '.'
[2026-08-12 18:26:18] --- PIPELINE INICIADO (AUDIO): alberth_voice_20260811_184922.wav ---
[2026-08-12 18:26:18] PASO 1: Transcribiendo audio con Groq Whisper (Cloud)...
[2026-08-12 18:26:31] STT CLOUD OK → Transcripción: Thank you.
[2026-08-12 18:26:31] FILTRO: Transcripción descartada por ser basura/silencio: 'Thank you.'
[2026-08-12 18:26:31] --- PIPELINE INICIADO (AUDIO): alberth_voice_20260811_184929.wav ---
[2026-08-12 18:26:32] PASO 1: Transcribiendo audio con Groq Whisper (Cloud)...
[2026-08-12 18:26:44] STT CLOUD OK → Transcripción: Thank you.
[2026-08-12 18:26:45] FILTRO: Transcripción descartada por ser basura/silencio: 'Thank you.'
[2026-08-12 18:26:45] --- PIPELINE INICIADO (AUDIO): alberth_voice_20260811_184940.wav ---
[2026-08-12 18:26:45] PASO 1: Transcribiendo audio con Groq Whisper (Cloud)...
[2026-08-12 18:26:58] STT CLOUD OK → Transcripción: Thank you.
[2026-08-12 18:26:58] FILTRO: Transcripción descartada por ser basura/silencio: 'Thank you.'
[2026-08-12 18:26:59] --- PIPELINE INICIADO (AUDIO): alberth_voice_20260811_184946.wav ---
[2026-08-12 18:26:59] PASO 1: Transcribiendo audio con Groq Whisper (Cloud)...
[2026-08-12 18:27:12] STT CLOUD OK → Transcripción: Thank you.
[2026-08-12 18:27:12] FILTRO: Transcripción descartada por ser basura/silencio: 'Thank you.'
[2026-08-12 18:27:12] --- PIPELINE INICIADO (AUDIO): alberth_voice_20260811_185000.wav ---
[2026-08-12 18:27:12] PASO 1: Transcribiendo audio con Groq Whisper (Cloud)...
[2026-08-12 18:27:24] STT CLOUD OK → Transcripción: Thank you.
[2026-08-12 18:27:25] FILTRO: Transcripción descartada por ser basura/silencio: 'Thank you.'
[2026-08-12 18:27:25] --- PIPELINE INICIADO (AUDIO): alberth_voice_20260811_185019.wav ---
[2026-08-12 18:27:25] PASO 1: Transcribiendo audio con Groq Whisper (Cloud)...
[2026-08-12 18:27:40] STT CLOUD OK → Transcripción: Transcribe the audio.
[2026-08-12 18:27:41] FILTRO: Transcripción válida → 'Transcribe the audio.'
[2026-08-12 18:27:41] PASO 1.5: Consultando Tálamo para clasificación semántica...
[Tálamo] Ollama OK → GENERAL_TALK
[2026-08-12 18:27:45] Tálamo → Tipo: GENERAL_TALK
[2026-08-12 18:27:45] PASO 2: Consultando al Agente Alberth...
[2026-08-12 18:27:46] Recuperando contexto de memoria persistente...
[2026-08-12 18:27:46] Memoria OK → Contexto recuperado (300 chars)
[2026-08-12 18:28:02] ERROR: Falló conexión con el agente. Usando fallback.
[2026-08-12 18:28:02] PASO 3: Generando audio de respuesta (TTS Premium edge-tts)...
[TTS-Premium] Sintetizando 94 caracteres con voz 'es-MX-JorgeNeural'...
[TTS-Premium] OK → Audio generado: alberth_voice_20260811_185019_response.mp3 (45 KB) | Voz: es-MX-JorgeNeural
[2026-08-12 18:28:05] TTS PREMIUM OK → Audio: /Users/digitalspace/.openclaw/workspace/voice_exchange/output/alberth_voice_20260811_185019_response.mp3 (edge-tts)
[2026-08-12 18:28:05] PASO 4: Reproduciendo respuesta...
[2026-08-12 18:28:15] --- PIPELINE COMPLETADO ---
[2026-08-12 18:28:15] --- PIPELINE INICIADO (AUDIO): alberth_voice_20260811_185039.wav ---
[2026-08-12 18:28:15] PASO 1: Transcribiendo audio con Groq Whisper (Cloud)...
[2026-08-12 18:28:29] STT CLOUD OK → Transcripción: Thank you.
[2026-08-12 18:28:29] FILTRO: Transcripción descartada por ser basura/silencio: 'Thank you.'
[2026-08-12 18:28:30] --- PIPELINE INICIADO (AUDIO): alberth_voice_20260811_185123.wav ---
[2026-08-12 18:28:30] PASO 1: Transcribiendo audio con Groq Whisper (Cloud)...
[2026-08-12 18:28:45] STT CLOUD OK → Transcripción: Thank you.
[2026-08-12 18:28:45] FILTRO: Transcripción descartada por ser basura/silencio: 'Thank you.'
[2026-08-12 18:28:45] --- PIPELINE INICIADO (AUDIO): alberth_voice_20260811_185629.wav ---
[2026-08-12 18:28:45] PASO 1: Transcribiendo audio con Groq Whisper (Cloud)...
[2026-08-12 18:29:00] STT CLOUD OK → Transcripción: Thank you.
[2026-08-12 18:29:00] FILTRO: Transcripción descartada por ser basura/silencio: 'Thank you.'
[2026-08-12 18:29:00] --- PIPELINE INICIADO (AUDIO): alberth_voice_20260811_185644.wav ---
[2026-08-12 18:29:00] PASO 1: Transcribiendo audio con Groq Whisper (Cloud)...
[2026-08-12 18:29:17] STT CLOUD OK → Transcripción: It says that the instructor is going to be a teacher and the teacher is going to be a teacher. If you have a teacher, please do not leave the teacher at the same time. Please leave the teacher and leave the teacher and leave the teacher at the same time.
[2026-08-12 18:29:17] FILTRO: Transcripción válida → 'It says that the instructor is going to be a teacher and the teacher is going to be a teacher. If you have a teacher, please do not leave the teacher at the same time. Please leave the teacher and leave the teacher and leave the teacher at the same time.'
[2026-08-12 18:29:18] PASO 1.5: Consultando Tálamo para clasificación semántica...
[Tálamo] Ollama OK → GENERAL_TALK
[2026-08-12 18:29:25] Tálamo → Tipo: GENERAL_TALK
[2026-08-12 18:29:25] PASO 2: Consultando al Agente Alberth...
[2026-08-12 18:29:25] Recuperando contexto de memoria persistente...
[2026-08-12 18:29:25] Memoria OK → Contexto recuperado (300 chars)
[2026-08-12 18:29:42] ERROR: Falló conexión con el agente. Usando fallback.
[2026-08-12 18:29:43] PASO 3: Generando audio de respuesta (TTS Premium edge-tts)...
[TTS-Premium] Sintetizando 94 caracteres con voz 'es-MX-JorgeNeural'...
[TTS-Premium] OK → Audio generado: alberth_voice_20260811_185644_response.mp3 (45 KB) | Voz: es-MX-JorgeNeural
[2026-08-12 18:29:46] TTS PREMIUM OK → Audio: /Users/digitalspace/.openclaw/workspace/voice_exchange/output/alberth_voice_20260811_185644_response.mp3 (edge-tts)
[2026-08-12 18:29:46] PASO 4: Reproduciendo respuesta...
[2026-08-12 18:29:55] --- PIPELINE COMPLETADO ---
[2026-08-12 18:29:56] --- PIPELINE INICIADO (AUDIO): alberth_voice_20260811_191358.wav ---
[2026-08-12 18:29:56] PASO 1: Transcribiendo audio con Groq Whisper (Cloud)...
[2026-08-12 18:30:13] STT CLOUD OK → Transcripción: Thank you.
[2026-08-12 18:30:13] FILTRO: Transcripción descartada por ser basura/silencio: 'Thank you.'
[2026-08-12 18:30:14] --- PIPELINE INICIADO (AUDIO): alberth_voice_20260811_191655.wav ---
[2026-08-12 18:30:14] PASO 1: Transcribiendo audio con Groq Whisper (Cloud)...
[2026-08-12 18:30:29] STT CLOUD OK → Transcripción: Thank you.
[2026-08-12 18:30:29] FILTRO: Transcripción descartada por ser basura/silencio: 'Thank you.'
[2026-08-12 18:30:29] --- PIPELINE INICIADO (AUDIO): alberth_voice_20260811_191852.wav ---
[2026-08-12 18:30:30] PASO 1: Transcribiendo audio con Groq Whisper (Cloud)...
[2026-08-12 18:30:43] STT CLOUD OK → Transcripción: There we are sending all the updates from the app. So my recommendation is that if you are interested in the income, you can buy it, because you have a price. If you are interested in the income, remember this is the price of the app. We also have a lack of income. If you are interested in the income, you are earning more than six months. .
[2026-08-12 18:30:44] FILTRO: Transcripción válida → 'There we are sending all the updates from the app. So my recommendation is that if you are interested in the income, you can buy it, because you have a price. If you are interested in the income, remember this is the price of the app. We also have a lack of income. If you are interested in the income, you are earning more than six months. .'
[2026-08-12 18:30:44] PASO 1.5: Consultando Tálamo para clasificación semántica...
[Tálamo] Ollama OK → FINANCE_TICKER
[2026-08-12 18:30:53] Tálamo → Tipo: FINANCE_TICKER
[2026-08-12 18:30:53] Tálamo → Enrutando a FINANCE HELPER...
[2026-08-12 18:30:55] FINANCE OK → 📉 **Bitcoin** (Crypto)
  Precio: $63,328.00
  Cambio 24h: -0.33%
  Market Cap: $1,270,753,608,141
[TTS-Premium] Sintetizando 97 caracteres con voz 'es-MX-JorgeNeural'...
[TTS-Premium] OK → Audio generado: alberth_voice_20260811_191852_response.mp3 (138 KB) | Voz: es-MX-JorgeNeural
[2026-08-12 18:30:58] --- PIPELINE COMPLETADO (FINANCE) ---
[2026-08-12 18:30:58] --- PIPELINE INICIADO (AUDIO): alberth_voice_20260811_192728.wav ---
[2026-08-12 18:30:58] PASO 1: Transcribiendo audio con Groq Whisper (Cloud)...
[2026-08-12 18:31:13] STT CLOUD OK → Transcripción: Transcribe the audio.
[2026-08-12 18:31:13] FILTRO: Transcripción válida → 'Transcribe the audio.'
[2026-08-12 18:31:14] PASO 1.5: Consultando Tálamo para clasificación semántica...
[Tálamo] Ollama OK → GENERAL_TALK
[2026-08-12 18:31:19] Tálamo → Tipo: GENERAL_TALK
[2026-08-12 18:31:19] PASO 2: Consultando al Agente Alberth...
[2026-08-12 18:31:20] Recuperando contexto de memoria persistente...
[2026-08-12 18:31:20] Memoria OK → Contexto recuperado (300 chars)
[2026-08-12 18:31:45] ERROR: Falló conexión con el agente. Usando fallback.
[2026-08-12 18:31:46] PASO 3: Generando audio de respuesta (TTS Premium edge-tts)...
[TTS-Premium] Sintetizando 94 caracteres con voz 'es-MX-JorgeNeural'...
[TTS-Premium] OK → Audio generado: alberth_voice_20260811_192728_response.mp3 (45 KB) | Voz: es-MX-JorgeNeural
[2026-08-12 18:31:48] TTS PREMIUM OK → Audio: /Users/digitalspace/.openclaw/workspace/voice_exchange/output/alberth_voice_20260811_192728_response.mp3 (edge-tts)
[2026-08-12 18:31:48] PASO 4: Reproduciendo respuesta...
[2026-08-12 18:31:58] --- PIPELINE COMPLETADO ---
[2026-08-12 18:31:59] --- PIPELINE INICIADO (AUDIO): alberth_voice_20260811_192845.wav ---
[2026-08-12 18:31:59] PASO 1: Transcribiendo audio con Groq Whisper (Cloud)...
[2026-08-12 18:32:19] STT CLOUD OK → Transcripción: Thank you.
[2026-08-12 18:32:19] FILTRO: Transcripción descartada por ser basura/silencio: 'Thank you.'
[2026-08-12 18:32:19] --- PIPELINE INICIADO (AUDIO): alberth_voice_20260811_193026.wav ---
[2026-08-12 18:32:19] PASO 1: Transcribiendo audio con Groq Whisper (Cloud)...
[2026-08-12 18:32:37] STT CLOUD OK → Transcripción: Thank you.
[2026-08-12 18:32:37] FILTRO: Transcripción descartada por ser basura/silencio: 'Thank you.'
[2026-08-12 18:32:38] --- PIPELINE INICIADO (AUDIO): alberth_voice_20260811_200211.wav ---
[2026-08-12 18:32:38] PASO 1: Transcribiendo audio con Groq Whisper (Cloud)...
[2026-08-12 18:32:55] STT CLOUD OK → Transcripción: But this is the most great thing. Thank you. Thank you.
[2026-08-12 18:32:56] FILTRO: Transcripción válida → 'But this is the most great thing. Thank you. Thank you.'
[2026-08-12 18:32:56] PASO 1.5: Consultando Tálamo para clasificación semántica...
[Tálamo] Ollama OK → GENERAL_TALK
[2026-08-12 18:33:02] Tálamo → Tipo: GENERAL_TALK
[2026-08-12 18:33:02] PASO 2: Consultando al Agente Alberth...
[2026-08-12 18:33:03] Recuperando contexto de memoria persistente...
[2026-08-12 18:33:03] Memoria OK → Contexto recuperado (300 chars)
[2026-08-12 18:33:20] ERROR: Falló conexión con el agente. Usando fallback.
[2026-08-12 18:33:20] PASO 3: Generando audio de respuesta (TTS Premium edge-tts)...
[TTS-Premium] Sintetizando 94 caracteres con voz 'es-MX-JorgeNeural'...
[TTS-Premium] OK → Audio generado: alberth_voice_20260811_200211_response.mp3 (45 KB) | Voz: es-MX-JorgeNeural
[2026-08-12 18:33:23] TTS PREMIUM OK → Audio: /Users/digitalspace/.openclaw/workspace/voice_exchange/output/alberth_voice_20260811_200211_response.mp3 (edge-tts)
[2026-08-12 18:33:23] PASO 4: Reproduciendo respuesta...
[2026-08-12 18:33:33] --- PIPELINE COMPLETADO ---
[2026-08-12 18:33:34] --- PIPELINE INICIADO (AUDIO): alberth_voice_20260811_200223.wav ---
[2026-08-12 18:33:34] PASO 1: Transcribiendo audio con Groq Whisper (Cloud)...
[2026-08-12 18:33:50] STT CLOUD OK → Transcripción: Thank you.
[2026-08-12 18:33:50] FILTRO: Transcripción descartada por ser basura/silencio: 'Thank you.'
[2026-08-12 18:33:50] --- PIPELINE INICIADO (AUDIO): alberth_voice_20260811_200250.wav ---
[2026-08-12 18:33:50] PASO 1: Transcribiendo audio con Groq Whisper (Cloud)...
[2026-08-12 18:34:04] STT CLOUD OK → Transcripción: Transcribe the audio.
[2026-08-12 18:34:04] FILTRO: Transcripción válida → 'Transcribe the audio.'
[2026-08-12 18:34:05] PASO 1.5: Consultando Tálamo para clasificación semántica...
[Tálamo] Ollama OK → GENERAL_TALK
[2026-08-12 18:34:11] Tálamo → Tipo: GENERAL_TALK
[2026-08-12 18:34:11] PASO 2: Consultando al Agente Alberth...
[2026-08-12 18:34:11] Recuperando contexto de memoria persistente...
[2026-08-12 18:34:12] Memoria OK → Contexto recuperado (300 chars)
[2026-08-12 18:34:30] ERROR: Falló conexión con el agente. Usando fallback.
[2026-08-12 18:34:31] PASO 3: Generando audio de respuesta (TTS Premium edge-tts)...
[TTS-Premium] Sintetizando 94 caracteres con voz 'es-MX-JorgeNeural'...
[TTS-Premium] OK → Audio generado: alberth_voice_20260811_200250_response.mp3 (45 KB) | Voz: es-MX-JorgeNeural
[2026-08-12 18:34:33] TTS PREMIUM OK → Audio: /Users/digitalspace/.openclaw/workspace/voice_exchange/output/alberth_voice_20260811_200250_response.mp3 (edge-tts)
[2026-08-12 18:34:34] PASO 4: Reproduciendo respuesta...
[2026-08-12 18:34:44] --- PIPELINE COMPLETADO ---
[2026-08-12 18:34:45] --- PIPELINE INICIADO (AUDIO): alberth_voice_20260811_200301.wav ---
[2026-08-12 18:34:45] PASO 1: Transcribiendo audio con Groq Whisper (Cloud)...
[2026-08-12 18:35:00] STT CLOUD OK → Transcripción: Thank you.
[2026-08-12 18:35:00] FILTRO: Transcripción descartada por ser basura/silencio: 'Thank you.'
[2026-08-12 18:35:01] --- PIPELINE INICIADO (AUDIO): alberth_voice_20260811_200323.wav ---
[2026-08-12 18:35:01] PASO 1: Transcribiendo audio con Groq Whisper (Cloud)...
[2026-08-12 18:35:17] STT CLOUD OK → Transcripción: Thank you.
[2026-08-12 18:35:17] FILTRO: Transcripción descartada por ser basura/silencio: 'Thank you.'
[2026-08-12 18:35:17] --- PIPELINE INICIADO (AUDIO): alberth_voice_20260811_200427.wav ---
[2026-08-12 18:35:17] PASO 1: Transcribiendo audio con Groq Whisper (Cloud)...
[2026-08-12 18:35:35] STT CLOUD OK → Transcripción: Transcribe the audio. Tres. Thank you.
[2026-08-12 18:35:35] FILTRO: Transcripción válida → 'Transcribe the audio. Tres. Thank you.'
[2026-08-12 18:35:35] PASO 1.5: Consultando Tálamo para clasificación semántica...
[Tálamo] Ollama OK → GENERAL_TALK
[2026-08-12 18:35:39] Tálamo → Tipo: GENERAL_TALK
[2026-08-12 18:35:40] PASO 2: Consultando al Agente Alberth...
[2026-08-12 18:35:40] Recuperando contexto de memoria persistente...
[2026-08-12 18:35:40] Memoria OK → Contexto recuperado (300 chars)
[2026-08-12 18:36:00] ERROR: Falló conexión con el agente. Usando fallback.
[2026-08-12 18:36:00] PASO 3: Generando audio de respuesta (TTS Premium edge-tts)...
[TTS-Premium] Sintetizando 94 caracteres con voz 'es-MX-JorgeNeural'...
[TTS-Premium] OK → Audio generado: alberth_voice_20260811_200427_response.mp3 (45 KB) | Voz: es-MX-JorgeNeural
[2026-08-12 18:36:02] TTS PREMIUM OK → Audio: /Users/digitalspace/.openclaw/workspace/voice_exchange/output/alberth_voice_20260811_200427_response.mp3 (edge-tts)
[2026-08-12 18:36:02] PASO 4: Reproduciendo respuesta...
[2026-08-12 18:36:12] --- PIPELINE COMPLETADO ---
[2026-08-12 18:36:12] --- PIPELINE INICIADO (AUDIO): alberth_voice_20260812_132017.wav ---
[2026-08-12 18:36:12] PASO 1: Transcribiendo audio con Groq Whisper (Cloud)...
[2026-08-12 18:36:27] STT CLOUD OK → Transcripción: Thank you.
[2026-08-12 18:36:28] FILTRO: Transcripción descartada por ser basura/silencio: 'Thank you.'
[2026-08-12 18:36:28] Iniciando watcher fswatch en modo continuo...
[2026-08-12 20:02:26] fswatch detectó nuevo archivo: /Users/digitalspace/.openclaw/workspace/voice_exchange/input/alberth_voice_20260812_200225.wav
[2026-08-12 20:02:28] --- PIPELINE INICIADO (AUDIO): alberth_voice_20260812_200225.wav ---
[2026-08-12 20:02:28] PASO 1: Transcribiendo audio con Groq Whisper (Cloud)...
[2026-08-12 20:02:42] WARN: Groq Whisper Cloud falló (sin conexión o API error). Activando fallback local...
[2026-08-12 20:02:43] PASO 1b: Transcripción local con Whisper (modelo: base)...
[2026-08-12 23:37:39] STT LOCAL OK → Transcripción: con quien tienen una
los conieros con armas de fuego, drogas y otras cositas, y más a divín, y otras evidencias.
Señor Shambler de la Pizreora, lo esperamos como siempre.
Claro, y yo no sé, yo la diputecha porque me lo lía,
viviendo yo, listo, ¿sabes?
No, no, la más que la parte se encuentra.
¿Qué se llama?
¿Qué se llama?
¿Qué se llama?
¿Qué se llama?
¿Qué se llama?
¿Qué se llama?
¿Qué se llama?
¿Qué se llama?
¿Qué se llama?
¿Qué se llama?
¿Qué se llama?
¿Qué se llama?
¿Qué se llama?
¿Qué se llama?
Este és, que también está muy, muy arregado aquí.
Ahí es, color Maori, ahí...
Mirá que me hace a todas robalas, y yo schizophrenia ya, y yo ya se amoldo yo,
y yo le decía que le a Yorkshire, esto está muy semecil.
Nos va a pasar, me pasó a mí, y te vamos a dejar a mí.
Tranquilo, relaxa, que no parsley en mente tanto.
Y si en procedimiento.
¿Es que no lo忽é bien?
Si pasamos.
Y te damos en fin ni agradeciro ¿ 않았 de frutas?
No sobre lo que protectedís, como nos lo vamos a comaticar.
Entonces, así todo, que no les vende de aceptar o entender lo que elitaro,
creo acá en que hay una base, o sea, uno, está en nuestra ADN,
es lo que digo, San Juventud, sí, ganar de válida,
ganar de válida, ganar de válida, ganar de válida,
porque es el porcento.
Yo, el porcento, ya, y el porcento.
¿Qué es así?
¿Qué es así?
Pero, además, este es en el prevista, o sea, que evitaría el cine.
El porcento, el porcento, va a hereditar con un huevo.
Creo que aquí nos van a ver con mentales que van a decir,
ya, con la rata de Argentina, en la cinta, no sé qué, ya,
pues, yo creo que era un reflejado, pero no sé qué,
ni bien que comense, voy a hablar.
Y todos están todos.
Estaron jugos de la regga, fueron que usan las milidades.
Sí, no fue ir de contra de eso día a partir de hoy,
porque me tengo que ir en contra de eso.
Tengo que amar y aceptar la raíz de mi familia.
Oye, bueno, sí.
¿Qué es la Argentina?
Muchos.
A ver, todos los pocos, los relatores que tenemos,
que me parecen a ver un buen salto tal,
pero como relajado.
Mira, como comense.
En el color no se salió a mí.
A los hombres.
A los hombres.
A los hombres.
A los hombres.
¿Qué es así?
Ya, lo que.
Ahora, tú no es a los hombres.
¿Ya?
¿Quién creó?
¿Quién creó?
¿Qué es así?
Ve, me άجas muda.
A€adnvoy a no poder.
Porque me salas a los escolfry y te veis dentro de los Magg maskedis.
Los argentinos…
Los comentáis también, se diga,
las barras, stealing las hinas,
como las bases, como las argentinas.
¿Por a los equipos?
Para el образом,
agarrarle vos también.
No sé.
Esa es la debo.
No, no.
Y se me escapa.
Y se me escapa la barbía.
La barbía, la barbía.
Yo no juro.
No había barbía.
No había barbía.
Se iba mucho por así.
Porque...
Me habrá sido de Brasil y todo en punta Argentina.
Pero...
Ningún modismo ha sido.
Claro.
Nada.
Es...
El cuadro es artístico.
El cuadro siempre le...
O sea, como que...
Les gustaba mucho el estilo.
Pero por qué no?
No entiendo.
Para la crítica.
O sea, se huevan.
Y lo que es lo que es...
La gente de Argentina ama lo cotrero.
¿Sí?
Eso es lo que...
De hecho, los que más se lo apoyaron en las redes fueron interesados.
Si, vieron que soy el ecuador, era lo más...
Los daos en ahí, se la cobraron.
Y...
Ningún Brasil lo escuchaba dentro.
Oye, para ir...
Cuminando y cerraste.
Sí, ese.
Me está hablando que me gustan mucho la parte de la cultura.
Que...
Que...
Que son los recuerdos y los primeros recuerdos,
que tenéis un fancier.
Que duplacen.
Bueno, la casa de mis abuelos.
De aquí de cuerpo.
Mis abuelos de cuador.
El que lo vi bien mucho.
Yo soy un iconito grande, mucho sánico.
Y sobre él.
O sea, o sea.
¿Qué tal?
¿Qué tal?
¿Qué tal?
¿Qué tal?
¿Qué tal?
¿Qué tal?
¿Qué tal?
Sí.
¿Qué tal?
¿Qué tal?
¿Qué tal?
¿Qué tal?
¿Qué tal?
¿Qué tal?
¿Qué tal?
¿Qué tal?
¿Qué tal?
La implosión.
¿Qué tal, la implogía o la niña?
Sí.
¿Qué tal, la implogía o la niña?
Sí.
Por qué me escriba, es ECOP,
pero ésta ya me agrupo,
as唱o este número o por acá.
Y yo le digo...
¿Qué pasó con el otro nombre?
Es ECOP, strategy que él me dice...
Yo me lo ecano.
Negro que pusieron.
¡Ja, labeled.
Y ya losCTRATiatricos estaban con los clines,
de una huella de rayaria, al papu no lo conocí, se murió antes, y ahí venía el tema del
secretario, y me acuerdo de eso, que mi fácil es su tipo de cosas, y vienen a mi mente
siempre, la dos dalmatas que tenía en la casa de mi abuelo, una casa, tenía cuatro
noteras que me embegué el gran, era mi abuelo, yo soy de voto, y mi abuelo tenía
arriba muy bien comunicamente, es de una fábrica, escuché, de instrumentos que iru
ciegos pelachos, esa es la fábrica de mi abuelo, de fábrica, y la fábrica de ello no
siempre haces, yo conocí en el taller de mi abuelo, mi abuelo, fabricaba para los
cirujanos, ahora es gentil, del vesturismo, pero lo se ha pedido, es decir, necesito un
vesturismo y que al final tendo un banchito, se arriba al mirado, porque a veces que no
sé, necesitaban eso para una pelación específica, y mi abuelo, en la ciudad, la mejor
la mi abuelo, así que me iba, muy bien, y la marca era pelacha, así me reí, no es que
es de más, no es de más, pues no va, que es de la tuerte, la victoria y, déjame verla,
y joder, puta son igualita, Dios mi bonito, es como una gota de agua,
si esta por participated en una memoria del rizño, sabes 저녁a, color, osea loãy como
a esa vez que hizo ahí un poco de poca
mmm
oye tú se que tiene el memoria y fue
bueno
el pequeño de la bailado y ahí y por eso
por eso terminan de por
un poco no se calda, se fue a por lo
también
y entonces
y con los ídios
es que de mi mano tengo casi nada
y el carácter no pierde
es un mamá muy joven, es este
de mi mamá lo que tengo es el orden
bueno también no me lo he ordenado
pero por quien yo aprendí a limpiar la casa
como no sé cómo funciona eso pero
si eres un tipo
me vacía, era muy explíctoral que
esa yo limpia a la casa
y me esposa me dice que
limpia la cocina a bulos
que yo no puedo dejar un
yo soy igual, una vez que yo limpia los platos
estaba así, él me son tan bien
aquí tiene una mancha
ya va a ver, ya va a ver
mira, la campana
veo que tiene
la campana de metal
una capita, una vez
entonces viene la señora
entra la cocina
la mira tiene que ver
si le gustan
oye, creo que eso
es las cosas que entusien
a ver, escrutaron de la vuelo
si, no, sólo
vale esa
esta la parazada
el tema de la comida, la parella
los amigos, el mate
el fútbol, siendo por ciento
el fútbol, empieza a selección
riva
no sé que más decirte
porque más cultura
que la música, no sé
pero te lo presentaron
con mi viejo
si, de tu viejo
a mí, la forma de
cuartones
de pego una cacheta
para preta, si te pegue
en casa, al chiquito
son homens
entonces, le gusta que
yo vení, vení para acá
la señora
vení, vení, vení
que es chanta
y le pego
no brisimo, no, que se cae
si cae y regresa
y no homo viene, se llena que jadea
el luto y pienpado vení
alame como
se cae de lisa
es el tipo de cosas
lo hago
con ahí
es decir, me siento papá preta
creo que es papá preta
a mí me decía también
el chiquito
y me daba
y con mi papá
yo me daba
no sé si se pasaron
pero me pama a ver si me hago
una chiquita
y con mis hijos
hasta los cinco
ahí ya
ya panas
pero eso era muy
argentino, muy muy
de hecho, de hecho
es italiana y también
es algo
bueno, es la lógica
para mí eso
es que
quiero que perdore
seguir a perder con el tiempo
porque yo le unir
un chupo que mi papá
era
cierto argentino
pero seguir a perder
vale no va a ser tan así con mis nietos y así
si si
Nope
no, no
pero de embastellarme fuerte
a todos
bias
pero menos
nada
así
reported
y
que se lo hagas, no lo hagas, imagínate al mía por el más después de muerto lo
publicita.
Ah, lo hago él.
De hecho este frachiquito cuando podía ir a hablar en la abuela de la abuela,
cuando la abuela nunca conoció.
Entonces yo sé que era mi papá.
Yo yo más también estaba bien inspirado, ¿no?
Y ahora tenemos experiencias y sabemos sobre temas.
Estamos convencidos, estamos convencidos, porque tenemos base y de hecho, ¿no?
Y ya vale a mí, estas notas son subos materiales, no?
Y para nada.
Lo quería conocer seguramente.
Y...
¿Y qué no estás creando también?
De verdad.
Chena.
¿Qué estuvo bufido?
Sí.
Hay historias más, más fuertes.
Mi papá me salvó de morir.
Como es claro.
Esto, a la niña estaba embarazada de este parstraño, en mi chipper.
A ver, salores.
Era pladia.
Y...
Yo tenía que ir a la palia para votar las ensas en mi viejo.
El que quería que yo voté las ensas en el mal.
Una parte en un ecuador y otra que la valía en la desgracia de ti.
Resulta que viajar con señizas y alguien es complicarísimo.
Cabe que se queda prohibido.
Casi prohibido.
Es complicado.
Entonces yo dije, ¿sabes de popa?
Solamente en la chocolate gran.
Entonces, un día...
Sí, un día, este...
Me voy con un bonal estábamos en el calle, vale, tenía ocho.
Sonos de un sonos tranquilo, pero hay una parte donde está un marcundido.
Oh, y el marcundido.
Y ahí, ahí, ahí, ahí, ahí.
Ya la...
He marco lo...
Ya está.
Pero hay que dar una sola.
Porque como éste, si de recién.
Bueno, si yo estaba con él y...
Que quería...
Y en un rato por allá y me acervo,
o sea, en la día de la sola se están, están como más...
...50 metros, 40 metros...
pero no más, no me y y de la nada hermano me salió una que tú de la tu tu de la
orilla no la gestan gran una vez que están ahí te puedo asegurar que es de aquí al
techo y está un dios que no se lo tienes la cabeza, pero estamos en el caña, aunque estamos en el caña, estamos en el caña, estamos en el caña, estamos en el caña,
y cuando un de los hermanos se ve, yo ya estaba cansado de ver más que sólo lo remayó, si está me va a votar, cuando un de los hermanos se habla,
escojo el caja, lo pongo así para que se frece, no, de frente, que mi barre que estaba en suena del bebé, tuve una bolsa y tuye que va a
a ver la que está claro, tuye yo lo que tenía que ir a adelantarme para salir en la zona de la ruta, y trae bueno hermanos, luego trae
esa ola hermano pero pero vayas a que así, ya ver las fumitas, vayas a la ruta rofe, que haga, y lo que viene a boca, más atrás y más grande, y lo que me daste, como que yo te diga de repente levanta una uva 10 veces, solo 10,
dejas las 10, y están anteriarlas, así, me voy a hacerlo mucho hermano, yo decía esta, alzando a las agarras y agarras, y ahí si chupo con ola, la revienta, tuyo lo amigo a salir ola, tuye, y a mira si yo no me caigo, ya voy a la camisa y llevar en el caña,
entonces en esos segundos yo dije que me lanzo, dije la mía, la mía, la mía, y se fue el borde, el agua era toda estupa blanca, y en chame mi a otra gigante atrás, y la cabeza de mí estaba como de aquí, fuento y de que ya uno,
2 metros, ya, él estaba 1, 2, 4, 6, 8, unos 10 metros más, a ver, y todos los 4, 6, 8, 10, no, unos 15 metros, ya ver, eso es el mundito de ola, que yo no sabía qué hacer, que yo decía,
y me quedo, lo voy a ver, yo se casse, y con la dejaba de mí, y no me las, entonces cuando meto, él estaba a una distancia en el que tú no te gavas de antes de la agua,
yo te cuento que está el 15 metros, y luego la calcita de un mensaje, que alguien señaba nada,
y yo me quedo y yo me quedo, yo me quedo, yo me quedo así, hasta que ella me alcanzan, yo va su otra vez,
es esperado, yo me quedo así, hasta que ella me alcanzan, yo va su otra vez, es esperado,
esperado, me quedo muy bien que yo no salía y no salía.
Mirá, no sé si fueron dos en uno, no sé si fueron tres,
pero para mí fueron 40 minutos que no salía.
¿Qué salía? ¿O qué es eso?
Cuando él sale, yo me dijo una vez que yo no tenía fuerzas.
Yo estaba muy cansado de dónde estaba a la playa.
Yo tenía que ir más al entro a saltarlo y ahí afuera.
Yo estaba convencido que no iba a poder.
Tú sabes, ya.
Yo en ese momento dije, yo no salgo sin hijos.
Correr, aquí está el único favor que he pedido.
Me te siento 87 pesos en inversión ponía.
Y me puse a pensar en la nena y el hijo que estaba ahí y hace chucha
está más como que hacer.
Y ya estaba pensando en eso.
Todo eso.
Yo estaba pensando en eso, chuta.
Me voy a ver a mí y con todo, porque yo la veía muy bien.
Era una segunda experiencia en él.
Me caía la chocolate, era un pleno agua y ahí también se hace.
Entonces, yo pensaba esto y yo decía, ¿Quién no me vuelvo?
¿Cómo si te salí sin tu hijo?
Ah, loco. ¿Qué no me vuelvo?
Yo tengo que dar mi vida por este pedado.
Y él me llega a se vuelve a plomir.
La hola, sí, vete, salí, salí.
Vuelvo a salir.
Vuelvo a salir, yo no voy a salir.
Yo salía que vien a tanda.
Y la vimos a tu padre.
Yo tenía que ver si tienes que levantar por la tanda.
Que vengo a salir.
Y ya no pide.
Y...
Inmigrita.
Nos vamos a morir, ¿verdad?
La grita es que vio.
Entonces, ahí yo lo ocué.
¿Qué morir lo sandarí con cara?
¿Vas a hacer lo que no te digo?
¿Ya nachas? ¿Y purto? ¿Te nachas?
Así, cabría.
Y no me fue antes, ya.
Te probaba.
Bien, son tres soles.
Son rápido lo que te estoy contando,
pero no tienes idea lo que era esto.
Entonces, el pelado huele aguantado.
Y él estaba más allá.
Porque él aguanta el impacto un poco más fuerte.
Yo la podía ya reventar.
Y yo avanzaba, avanzaba, avanzaba, avanzaba,
avanzaba, avanzaba.
Y avanzaba.
Tuvieron gritado y yo le decía hasta que para el nuevo día.
Y ver la playa, hermano.
Pero esto tuveías que las personas estaban todas en abril.
Tuveías un montón de personas así.
Ya se habían dado cuenta lo que habían pasado.
O sea, la carpa quedaba acá.
Y donde yo estaba ni enterada.
Ni enterada.
Tuve un hío agarrate.
Y agarré el cuello.
¿Y cómo se ha dado?
Sí.
Y ya con la lucha.
No podíamos.
Yo sé que le decía nada que fue lo así, sí, correcto.
Pero yo ya había usado esa fuerza.
Y a lo que veo así veo,
un surfista de espaldas a mi calentán.
Y ahí.
Vengo por tu ayuda.
Es que se ve.
Con la tabla así en la arena y en mancala.
Somos.
Que está de espalda.
Y con de puta.
Que calienta de espalda.
Tienes la vista al marcho.
Yo sé de todo lo que le decía.
¿Cómo se esto ocurre?
Calentar de espaldas al mar.
Si lo más lindo es que te vas haciendo.
¿Qué te vas haciendo?
Que el mundo te va.
¿Y qué te va?
¿Y qué te va?
Si esto se vuelve.
Y...
Ese papá ayuda por favor.
Ayúdame.
Y de repente se me hace nunca.
Se vea.
Pero igual está a lejos.
Y antes de eso, yo no tengo que aguantar.
Y yo vacino.
Cuando veo así,
un macito de las rocas
se lanza con moribú y tenía aletas.
Y yo digo.
Yo lo tengo que aguantar.
Aguantea.
Aguantea.
Y en planos dos.
Y ya era el del moribú.
Y en mano.
Cuando me quedaron más enmete,
yo ya...
Ya respire y sacas más energía.
Porque ya sabes que falta poco.
Yo no salí.
Yo lo veo muy difícil.
Yo no creo que me la salí.
Yo lo que le decía era que él descanse.
Mi planza para mi plan.
Si eso no es pasado.
Mi plan era...
Vescanza...
hasta que yo me hunda.
Y nada, lauri.
Ese es mi plan.
Eso.
No he tenido su plan.
Me fleco.
Que él descanse.
No, porque él estaba arrado a mí.
O si no más.
Yo tengo nada a ver a ellos.
Yo quiero que él descanza.
Que él esté fuerte para salir a mí.
Entonces ahí salen estos manias.
Lo puse a alguien en el moribú.
Y yo me voy a ir a tablas.
Y todo esto fue por una gorra.
La gorra se suele el viento.
Una gorra que yo le dije a mí,
él no la quiero llevar.
El viento huele a la gorra.
Y empieza la...
Pero el cuido me descuelo de ver el horizonte.
A coger la gorra me alejo
de hacer con más para estar.
Coger la gorra y cuando vas a ir a la gorra.
Sí, que le cruces.
Cuando se enteró en el pegras.
Entonces, es algo que yo ya llevo ya.
Esta es la gorra flotando en la orilla.
Este es lauri.
Es lo triste.
Y los remos, el payas.
Todo esto es perfecto.
No hay nada.
No hay nada.
Ni tú, ni tú, ni tú, ni tú.
Sí, diga todo.
Entonces, yo ya he atrasado.
Está...
Como yo ya lo he vivido.
Yo estaba como ya.
Tampamos listos.
Bueno, cúchame bien.
No le vas a decir nada con más más.
No sé qué ocurra contarle esto a tu más más.
Está bien, está bien.
Ok.
Yo...
La gente se va a ver.
La gente se va a ver un poco foco también.
Yo me quedé así.
Sí, sí.
La gente se va a ver.
Sí, sí.
Bueno, vamos, vamos.
No, perdón.
Así.
Sí.
Y hasta que sale la gente.
Yo nunca se se va a ver.
Entonces...
En los remayores, bueno, digo.
Había así.
Está aquí un foco que me...
Salvaría, estaba frango.
Se va a pasar ningún.
No existe.
Se lo viene a salir.
No, no.
Sí, ahí.
Ahí lo hacemos fuerte.
Y aquí está un foco frango.
Justo se veía.
Fue ahí.
Ok.
Y las cosas que llegan ya.
¿Por qué pasó Macán de decir que se seabó?
Y yo dije, no, no, no, no.
Sí, está ahí.
Se...
¡Vaya, te invesillas!
¿Y qué?
Bueno, ya esa fue la...
La historia.
¿Por qué te cuento esto?
Porque el final...
¿Qué?
Para eso, que salen a la siguiente domingo.
¡Voy, pero no choco la teena!
Me vi la película que tilan...
...¿qué tilan?
¿Fres contra el viento?
Más por deber eso así que, nada, no sé bien.
Ah, tomé a motivo, listo, ¿no?
Que era un amigo?
Es mío.
Es mío.
Es mío.
Es mío y muy, muy.
Tú yo quiero saber si papá había visto que cumplió su deseo, ¿eh?
Es ese que era mi objetivo.
A él no le gusta hacer eso.
Él le utiliza su idea para otras cosas,
gusta que nadie se pone en su cuerpo ni hablar por él, pero hace una sección por mí, yo lo
llamo, están los piers dormidos atrás, están llegando al mío y no me paro de aquí, y lo
pongo en espíritu, entonces yo me he dicho que se había llegado a mi favor, le explico
mi ira, en tal parte, yo no le he asuntado nada, nada, yo quiero saber si me
lo pago, yo creo que suele ser, ahi, espera tu trato, eh, no me da tu pa, ah, al mí,
solo ni él se le comience, al mí, yo lo soy pa, casi te molices, también la se diga,
me queda abierto, yo estoy más acostumbrado a estas cosas, y bueno, si me voy a importar,
yo se le digo, sí, pero yo tengo muchas historias, entonces, este, digo sí, papá, para
que tenés cuidado en el mismo, así que le digo, yo le avise a los chicos, no papá,
es que les pone en atención, algo no sé qué hizo, mi papá, dejablo, eso se broma con
esta vida, a papá, muchas gracias, te voy a darles, este, cuídalos, este, digo bueno,
papá, viste que va a ser la serisa, dice así, sí, y gracias, gracias, y cuídal,
gané en la prática, en la prática, y bueno, y no me he dicho en tal, quedarme, siento
que, siento que estoy molestando, siento que él hace un esfuerzo por, por, por, por conectarse,
bien, es, así que, con terrar bien, me voy a decir esto, papá, gracias, un abrazo,
papá, te amo con toda mi vida, chau, chau, beso, chavá, diga, y ahí, mito, este, no, no,
es con la voz de mi papá, 100%, es un poco diferente a la de por que mito, no le gusta
posesión 100%, explí, es como que, le, le, le, le, le, le, le hablan y el repito, ya, pero
en como un trans, entonces, ahí ya, me despedito, no se estigo, pero eso te digo, sé,
muchas cosas que él, que él, él ha tenido los temperaturas que se me hace, ya, no más, tampoco,
esa fue la última vez, que es bastante importante, que hice conexión con él así, porque me da
la impresión, como te digo, que de alguna manera esté intenta publicando antes, pues,
y que también, no lo sé, y que también, así, yo creo que por algo en la vida que permite
estar un tiempo X en, en la tierra, sí, pero no lo aceptamos, es como que no se, no nos
nos damos cuenta que, que nosotros tenemos fecha de caducidad, no se, y nos creamos que
somos eternos, ¿no? como la de queso de las que haces, o sea, que haces tal cual, las
frases, o sea, este, puede estar consciente de todo, pero, nunca, está muy preparado, ¿qué?
Pues yo, tuve una suerte con un papá, tenía un papá, nunca estuvo con malhecido, y me
pasó una mala operación, me lo pasó, fue una operación preventiva, salió mal y no salió
mal, si, si, si, si, si, no vivía nunca enfermedad, nunca vivía con malhecido, el deterioro,
eso es fuente, claro, uno de los domaféles amigos, papá, también era Marcelo Buzzi.
Flandré, entonces sí, es la Plos M complimentary, y cuando muere Marcelo, me llama el Rey
Llorado, es el único que lo he llamado a las finales las modelingド. Siempre.
Sí, claro.
LosDamas, la verdad, se llama Adres, ¿y le pasaron hoy mal, ¿no?
Entonces, cuando tú te enteras mi abuelo también se fue bien, una abuela, una asenía,
o sea, cuando tú te jomidas, vas a saber la muerte de las personas. ¿Cuántos mueren
los miedos?
Mi hijo se ha formado y mi hijo dejó de luchar porque cuando yo me compro lo primero en
la primera vez, mi trabajo es fácil porque uso aquí y cantas y es como llevo el control
de todas mis tereas, entiendo todo lo que tengo que hacer en una vista de lista, después
así no una prioridad y una fecha de entrega para mantener todo en orden. Creo estados personalizados
para organizar mi progreso exactamente como quiero. Me gusta agregar el campo de elementos
de acción. Tengo a mis compañeros de equipo como observadores para que estén altando.
Y capace que el trabajo sea fácil. Contro la entrevista a te contar. El me dice, no, yo me
quiso iluminar. Yo después, si salía de la operación iba a ser los kilófonos, se no
va a ir a estar medio podido, no quería dar a la operación, no, siento que se jugara
a nadie. Yo me aquí salí. Así está el cual.
Se ha comovió complicado el tema y me voy a salir. No voy a estar con la fuerza que
voy a estar. Era una operación abierta. Yo pego. Yo no, yo no era de mucho. No era de
gran bien las cosas, pero son dos cosas que me pasa la verdad es como mucho y es la herencia
argentina. Y que no me imagino eso aquí porque también está todo.
cuando en el darle bueno me toca
pero apple wasn't
el nuevo
de ver que
sea
un choco
esto
esta todo gracias a su mablo
me digas si quiere salir
ella está en gran versión
pero yo pregunté dt
no hay que noisy
yo decirmé y me nages
te aguerdan a gat
te breakdown el
Ok, ok, estoy preparando una semana en la clínica, porque tiene que estar una semana antes de su operación,
porque tengo una alimentación especial, que es tan bonituriano, que me más estaba reventado,
entonces me llamaba a rodar todo el tiempo.
Entonces, traente uno, preparando, estoy trabajando, voy a plantar,
te lo dejo bien, chica un prender a jamás el tiempo,
porque yo no considero, yo nunca consideré la posibilidad de que no sale.
Entonces, no salió hoy, cuando voy a la...
Cuando voy a la...
Fue raro, porque cuando me entero la muerte en el opaque me llamo a mi corrodic,
y luego llamo a mi tía, Argentina, solamente no le dije nada,
pero no se le dijo bien.
Y salamos, no es mi chau, ¿Mínito del interior?
Es como que no hay nada más que hacíamos.
Se me quede la quebra antes de llorar ese raro.
Y por cosas de la vida, yo estaba en el parqueo caminando así,
y ahí estaba gustada un horno, yo a ver un amigo
y bien me llevaba a la pie, yo no me dijeron a curros mucho
y ahí me acuerdo que lo vi, viejo
bueno la cosa es que pasa esto y al día siguiente voy a la lluvia, los tengo la búsqueda
porque yo decía, tiene que pasar
una operación así por lo menos, si algo se pagó por lo menos 15 a 20 locales
y todavía hay que parar
es una cifra que te dole, que te complica
porque si no las tienes, en ese momento era complicado para mí
venía pasando recién, el problema de la persecución de Correa había pasado un año y medio
más o menos y la compra de la pantalla estaba muy bastada
y comienzan a computadora, lo ponó como cuando no se iba a ver la libreta
y sabía que era una libreta de mierda y te la estaba tomando más vacina
y te van a computar así
ya listo, tengo que ir bailando, está todo cancelado
gracias por abajo, gracias viejo, gracias
si no te van a heredar, que por lo menos no te jora
y un amigo que me decía, gracias por agradecer
es la idea de la cantidad de gente que deja sus hijos
una deudas de la clínica
y las otras, no solo la clínica
a veces que dejan cosas hipotecas
al contrario de hecho había tenido plata en su cheque
lo hubiese todo para el final, hasta eso por hoy
y eso fue la historia
por eso estoy agradecido mucho con mi papá
de que no vivía enfermedad con él
siempre estuvo sano, siempre estuvo fuerte
se fue sin suprisa, fue sin poder, se fue sin deudas
y me dejó esta liciatada muy tan linda
cuando... hay una fase que me quedó mucho en el consumo
con la madre de ley
es el argentino en hace donde quiera
que por el amor, ya viene
si, por el tiempo me amor
es frente de la navada, ¿qué por ahí?
ah, ya, ya
ya me amor, ya, ya
ya me amor
ya, ya, ya me
los dos y todo
el argentino en hace donde quiera
no significa que es
¿qué?
hasta porque
tú no los asoñaste
y de ahí...
¿vale?
pego, de mejor no puedes
no importa a dónde esté
donde estés
siempre que sientas, eso, o sea que sientas ser argentino, para lo vas a hacer, y yo creo que
genética es un loco porque no es normal, la más normal la pasión que se siente por la selección,
a ver si quieras no tener la loco, porque te amabras mucho, este monte de la pasión muy culo,
y así, o sea, increíble, y yo veo otras personas con sus elecciones, se cabre a Utea, pero
no hay muere, o sea, no, no, no, me a, solo con dar nos cuenta, y eso a mí me molesta, porque yo
inclusive quería apoyar a la selección de puedo, yo voy a crear una barra, pero no se lo
voy a realizar, pero no, le curo tiene barra, hasta cuando se se puede, ya parecamos, ya porque yo me
quería, mientras veía que tiene, a mí me da el mundo tomadona, yo me creí, o sea, del otro lado,
la ciudad es cambia, la mobilidad también está listo para literar ese cambio, especiéndose
con la mezcla, jugamos como nunca, así, eso era poder para mí, pero no había forma que yo me
conecto, yo sé que bueno, tienes el paso y traspaso de esa arena, porque yo aléjano lo veo, me está muy
metido en la partud crítica, sí, claro, pero, sí, pero este es más loco, así, siempre hay uno,
yo fui a segura, y es un pero es un loco, hermoso, un loco cariño, es un loco muy lindo,
tiene una magia muy muy linda, no hay un que alezando a la tena, pero alezando a la tranquila era todo
lo que tú querías de un niño, y no es un salvaje, entonces de un salvaje no puede ser
en nada, eso es una cosa, tener un hijo a mi edad, chiquito es maravilloso, maravilloso, con lo
disfrutamos, tan más consciente de lo que son hacia altos, el chuchal, el que te diga,
no pueden dormir, si en los dos, si en los dos no me voy a empezar, los dos, no pueden dormir,
y yo con una estela, alezando lo tenía un jueguito, claro, donde le lo lo más sacaron,
todo era diferente de este tipo de atalte, ese niaje de los sucutrapal y que los atacó a la
década del caprio, este el remasido, ah, no, no sabía que se me ha dado así, no, yo le puse
el sucutrapal, ya, y la idea es que los los atacarán, pero los revienco a manotazos,
punientes que aquí en la pierna, los doy la hueta, los tiro contra la cama, mira, es fácil,
no soy hombre, el tengo el sucutrapal y la baguosa que rosa, la tortura china, huracán del
infierno, son diferentes, gracias que les pasan, y les tienen que aguantarnos, bueno, me quedo
salve todo, que es muy poco corto, se ha gustado, pero me lo pide, claro, y hoy que me
vas a hacer, me vas a hacer cosas, de poner las almohadas, de protegeros, esta que viene
malito, la cara de puñetas también es acá, la cara de puñetas es demasiado,
y te la acepta en mi Disney,
No sé quién hace 20 años.
Cuidad un poquito.
osobado
nirin
esa apa
sonャ
más
eso es el
Battle
eh rución
Yjo de puta.
Que le han agregado el pedo a la amrea,
pero no se ha agregado el pedo.
El pedo, la agregado, el pedo, el pedo, el pedo,
el pedo, el pedo, el pedo, el pedo, la agregado.
Y los más contra la paga, contra la madera.
Esto suena mucho.
Que si la mamá llega a ver eso, se muere.
Me gusta, que escuchado del todo.
¿Cómo estás?
¿Quién es esto que tengo preparado?
Esto que estás viendo es el nuevo curso, de la tuvito inteligente a pimpial que voy a hacer
esto con BigSkurte, pues a esta página que estás viendo ahora mismo,
serán 3
Ok, hay un web, claro, no sabe, no entres de tal hora, tal hora, cuando vamos a despejar,
pero ya me lo pide mucho, entonces ya ve días que no quiero, estoy calzado,
pero mañana me la haces, y una nueva iba también, la tortura, la tortura china fue una de las bases,
y todo eso, la de ahí me voy, estaba que es así, volvintan la leyenda, si es así,
si es así, una antiguo emperor, pero también con la nadía,
la de las digaba a los soldados, cuando me lo vecía, a los que mucho lo llamaba,
que me hizo a todo, la tortura china, entonces me entras, se enciende todo,
me dijo que estaba mirando el fiat, me dijo que se cansa,
y al nalía también me licenciaba lluvete, al nalía no había puesto nada de nota,
mami todo eso que estoy hierro vacío, solo una nota del cuarto tenía, que era 9.5,
nada más, ya nadie le dijo, pero él dice ya, yo no me entrego nada, ni el tríctico,
y la mitad poco que supuestamente yo no había entregado el tríctico,
pero él dice él dice eso así, yo se lo entregué, que hasta la inferior lo puso,
y ahí justo, suerte que los trícticos estén lo pusieron en la pared, y está agarrido,
y él dice él dice él, se hay un poco de trícticos, y ahí está un tríctico,
yo prefiero que ya no puedo hacer nada, escucha, y yo no puedo hacer nada,
y voy a pasarlo, y yo yo no puedo, pero él dice él dice,
pero sí, a mis culpados, o sea, le dije así, y ahí está nalía también así,
es verdad, he pensado que no me puedo dejar todo ese sitio, porque él le he presentado todo,
entonces él dice él dice él dice él, nadie le ha presentado todo,
y usted para que le tenga ponencia, sí que no sé cuánto,
primer está, como que ya no podía hacer nada, que no sé cuánto,
y que ya, y que no sabía, porque no, pero él dice que ya se rara un nota,
ya se rara un nota, ya no puedo hacer nada, ya no puedo enviar esta,
yo ya se re, y él dice pero he incenciado que no va a dejar con esa nota,
que él y él y él, pero en este llamo las llamos,
vamos a sentar, vamos a sentar una cara a tu la espada que nos llamó,
y ya mismo es bien, vamos a que ahí nos habíamos puesto un poquito de análisis,
y ahí dijo que sí que ya iba a ver si hablaba por el docente,
que para, creo que era el licenciado del tutorial,
para que nos ponga este para enviarle otra cosa, y que nos ponga ahí mismo,
nada, nada, nada, nada, nada, nada, nada, nada, nada, nada, nada, nada, nada, nada,
y ya pues bien, ahí ya después de el rato nos llamaba a no,
y ya voy a hablar con el master, y ya para cambiar mis discos, no,
y ya no me llamó mi insellada, mira, ahí ya tiene, y me había puesto 9, 9,
la mi todo tenía 10, y me puso 9, 9 en el libro de análisis,
mira, bueno, y ahí ya no liga nada, porque dije si le digo,
ahí va a decir, no, ni allá, ya va a ser, entonces ya no liga.
Pero mi amor, ¿qué puedo yo hacer?
Porque si ya, ya lo que dan a me está diciendo,
esta es mal mi vida, es que tú tienes que entender,
yo voy a hablar, ya, pero mira lo que es,
mira lo que dice, el profesor, el asucriterio califica,
tú puedes...
Claro, aunque sea alguna huevada te dice,
no, no, aquí le falta un punto, y esa es la obilesa.
Claro, mamá eso no se fue.
Claro, te va al 10, porque si todo tienes 10 y alumnos no se redonde al 10.
Está bien, pues ha sido, de hecho,
voy a romper por primera vez, en casi por este ticurio,
que pensó este tiempo,
voy a romper por primera vez el protocolo de la política,
y siempre hago dos más propias, pero no lo aquí lo hace.
¿O qué?
Voy a hacer una segunda parte en algún momento,
a alguna.
Voy a querer esto, yo tengo que estar en el día a TV ahora, ¿no?
Ah, bueno, pero no está.
Si podemos hacer este al esperar,
bueno, eso no te va a hacer la pregunta porque va a haber una parte dos.
¿Quién sabe, en algún momento cuando sale las cosas?
No creo que era la persona muy buena,
pero me encantó, me encantó, y ahora es con mucho.
Ahí va a ser una segunda parte.
Así concluyendo.
Vamos, Argentina.
Vamos, vamos, Argentina.
Tú en primera clase, yo ya atrás.
En todo el mamá.
Hola.
Así es la vida.
Vamos, yo es todo lid�.
Tú me vas a ir para atrás,
no le subió.
No fue ni dos miles
que también está bueno, por eso que, y ya está en nada, por yo, yo así, por
ya estamos a comer, porque a las finas de verdad no tiene la culpa, obviamente, la
culpa, porque eso son los profesores, y por eso entonces este género, si hay que
no te muestra, yo, ah, y lo quitamos y que me diiste, ah no, no, y que te
llevaba la insuñada de la insuñada, porque no se le di, no le voy a decir que la
insuñada, yo dije a las finas, yo dije, no, yo sé, yo quiero eso, pero si ya lo
trotías que tenemos que llamar a poner las filas, que ya no voy a dejar que
pude robando cultos, que es así, entonces, bueno, me la hice casi lo que pasó, ya
dije, me hice la insuñada, no, que te pone una manera que la insuñada
ha desillucido que me ha podido decir que yo estaba viendo la insuñada, madre
en ese äroz, yo bevoré que me llama la extalsa también era la insuñada,
la insuñada tenía de manera una escana y me consequence de
hablar hasta más de este es como si midio que nos lo packages advertising,
y creo que dicen que no tenían ni como ya, que ya también reclamé lo del lenguaje,
de licenciar la licencia de lenguaje para tener licencia, para cambiar las notas,
y el licencia es todo bien, y como no la salimos del curso,
de que nos toca a perder, pero la licencia todavía no llegaba,
si nos hacía caminar, entonces ahí fíjense, me la licencia estaba afuera,
y la licencia de lenguaje, y me la he implantado una semana y bien el lenguaje.
Ahí va a caminar, y la emberanisa, no hablará ahí, y a continuación,
así me perdón más, y yo no sé, creo que me la licencia no sé,
y creo que le contó al licenciar, que el licenciar lo que voy a ir a onda,
al licenciar alguna licencia.
Ahí va, le cae, se le prendo un traca.
Le prendo un traca, le prendo un traca.
¿Qué pasó? ¿Está en Cuba? ¿Está en Cuba?
¿Qué pasó? ¿Qué pasó? ¿Qué pasó?
¿Qué pasó? ¿Qué pasó? ¿Qué pasó?
Nada más. ¿Qué pasó con eso de lenguaje?
¿Cómo así que el Japón?
Y mi sí con el licenciado, que me quiere robar la costa de licenciar,
y entonces ahí estén mis amos, pero él es lo que él no va a ir a hacer,
y algo tan versano. Y el licenciado también va a ser casi la deja,
porque todos sí, este cae, este la navidad tenía 7,
7 con 7. A ver, ya no tenía que tener salud,
Yo también tenía que tener un hueve y algo así,
por lo que ll Zwia también.
¿Relí?
¿Y ahí?
suivimos.
Matzán, yo soy de Normandy.
Matzán, yo soy de Normandy.
Flora y mi amiga.
Ingles, tengo nueve ochentys aquí.
Werca.
El génio.
El °
Claro!
¿Y era mi amor?
No teending is not?
Alors.
¿Que soy lequechoso?
Recorrido, recorrido.
estoy viendo lo aquí a Jordan, este mira como está y ahí se que me punta todo un huevo
mira mira mira
no, no, no, es que yo no escucho muy bien eso y me dice eso
cara de bruja
chuen porras
que bonito que esta ya esta aplicación mira
que ha sido Mera Cochiza.
Ah, hay un romper falo.
Ah, y no sé qué.
Ah, y aquí les ha sido bien.
No, papí, ¿qué escuchaste?
Bien bonitos a esas botas, voy a ir.
Este traje bonito.
Ah, qué bonito se traje.
Alli hernos vamos a hacerlos.
Fractura.
Martí, hace que doñe.
Vamos.
Vamos, vamos.
Vamos.
Vamos.
Vamos.
Vamos, vamos.
Vamos.
Viene a mí, ¿les ha sido bien?
Sí.
Ah, y ya tengo todo bien.
Y ya tengo todo bien.
Y no tengo ningún fin.
Y pensé a dar al peño a...
Para en este...
Ah, le digo, yo soy respiro.
Yo son espero, yo stareás abandonando en esaasy
que no.
Me quite mucho mucho, dos años de ville.
Y...
túarezla y yoga corenetita.
¿NA TENEN?
Para deserted.
Hino Prosí чисlas mayor минутo.
Bueno.
El seria 힘 de los homíanos en el mundo.
Alguien se siempre haya dos homáscientas.
¿Qué es?
Vento.
Ok.
Interestingly que empezó al
Yo pedí a una gamina más hunna gaze y así es que estábamosiss unienieizada
como era un menú.
Era muy auto iş se fuealista, al parecer las vícticas y las víct Jacórentes.
El fan testimonio esta masa.
el
¿Qué?
El Númerika para el Válvara Pía en clase en la aula.
Lúrica para el Válvara Precio Válvara.
Lúrica para el Válvara Precio en mi divinoa.
Para el Válvara Precio en clase para el Válvara Precio Válvara.
Esa es otra esra de la Escura de la Escura de la Escura de la Escura de la Escura de la Escura de la Escura de la Escura de la Escura de la Escura de la Escura de la Escura de Cristrian Arruí.
Rúbrica de trabajo en el clave.
Rúbrica de taller.
Rúbrica de investigación.
Rúbrica de investigación.
¿Qué tal?
¿Cómo quince rúbricas?
No sé qué se crea licenciada.
Yo no sé qué se crea.
¿Me hagas acá para el rúbrica?
Sí.
¿Qué hagas para ahí?
Estoy con siglos.
Y como ese mismo día de la casa.
¿Cómo quince rúbricas?
No sé, para acá.
Por el momento de lo que les he impresionado
es que quedaron en el cuadro de la primera ojo
y la ojo de la actividad en el cuadro.
Muy despilloso cuando yo había un clave alo
que tiene que entrar en los saras.
¿Qué tal?
¿Qué tal?
¿Qué tal?
¿Qué tal?
¿Qué tal?
¿Qué tal?
¿Qué tal?
¿Qué tal?
¿Qué tal?
¿Qué tal?
¿Qué tal?
¿Qué tal?
Bueno sí dirección, ¿qué tal?
Zenura.
¡Ay!
¿Qué tal?
¿Qué tal?
¿Qué tal?
¡Bien, aucun peño!
¡Amen, esta es renameada!
¿Qué tal por el sentido, buy a用ar?
Empieza a nuestra menor proteína.
¿Qué tal?
¿Qué tal?
¿Qué tal?
¿Qué tal?
¿Por qué que lo piergaste?
¿Qué tal?
H какие le nói.
¿Qué tal?
¿OK?
¿Qué te pareció mi amorcita?
ielen?
¡No sabía que tanta gente quería más fórmulas
y se eran de edad ultra rápida, buscas y higas y limitadas, y se enetern de las dálige
perfectos para trabajar y estudiar, ver vídeos o usar pusans favoritos.
No sabía que tanta gente quería mis vórmulas, y es porque gracias a ella se podió en
prender desde casa y entender que en todas las semanas que vienen direto por mis chorizos,
así que si no voy a regalar una, pero antes déjame aclarar de algo mucha gente muarnaca,
porque creen que el desecito de equipo en los veal, y eso es por lo bueno,
puedes empezar con lo básico que pides en casa, aquí lo importante es que el producto
queda brutal, y que lo sepas mover, y cuando quises vender, ahí si mejoras el hiquim de poco,
pero no en revés, aficial enlace en el perfil para más información.
Una oportunidad de ir a una academia presencial, y las clases de nuestra curso las puedes ver desde
tu casa, porque son virtuales y en ti, solo te conectas y listas, y si tú te quieres unir y aprender
todo lo básico, en menos de 30 días comentar, yo quiero ir nuestro perfil y encontraras toda la
información, nos llaman lábamos por enseñarme, cáseñate con gela, gusto en el mundo, más
Llamo de Tango, ll windows counter make,ach магаз, no nos no le importa cuento santo Iceير
Se dice que ocurrieron estos ateビSS por el hermano,
porque no dejaba de coquetearle a Toonhol.
cada vez que se ponía de cariño, o sea, ya se quindaba su tímite
el rumor dice que esto le daría a las sangras en daillas
que sus celos cada día eran más evidentes
el honor querías ser que finalmente la situación llegó al líquete
y ese un esto le dijo la producción, no es ella, o soy yo
y terminaron sacándola del proyecto
ese dice que ocurrió
y el clau
.
.
.
.
.
.
.
.
.
.
.
.
.
.
.
.
.
.
.
.
.
.
.
.
.
.
.
.
.
.
.
.
.
.
.
.
.
.
.
.
.
.
.
.
.
.
.
.
.
.
.
.
.
.
.
.
.
.
.
.
.
.
.
.
.
.
.
.
.
.
.
.
.
.
.
.
.
.
.
.
.
.
.
.
.
.
.
.
.
.
.
.
.
.
.
.
.
.
.
.
.
.
.
.
.
.
.
.
.
.
.
.
.
.
.
.
.
.
.
.
.
.
.
.
.
.
.
.
.
.
.
.
.
.
.
.
.
.
.
.
.
.
.
.
.
.
.
.
.
.
.
.
.
.
.
.
.
.
.
.
.
.
.
.
.
.
.
.
.
.
.
.
.
.
.
.
.
.
.
.
.
.
.
.
.
.
.
.
.
.
.
.
.
.
.
.
.
.
.
.
.
.
.
.
.
.
.
.
.
.
.
.
.
.
.
.
.
.
.
.
.
.
.
.
.
.
.
.
.
.
.
.
.
.
.
.
.
.
.
.
.
.
.
.
.
.
.
.
.
.
.
.
.
.
.
.
.
.
.
.
.
.
.
.
.
.
.
.
.
.
.
.
.
.
.
.
[2026-08-12 23:37:40] FILTRO: Transcripción válida → 'con quien tienen una
los conieros con armas de fuego, drogas y otras cositas, y más a divín, y otras evidencias.
Señor Shambler de la Pizreora, lo esperamos como siempre.
Claro, y yo no sé, yo la diputecha porque me lo lía,
viviendo yo, listo, ¿sabes?
No, no, la más que la parte se encuentra.
¿Qué se llama?
¿Qué se llama?
¿Qué se llama?
¿Qué se llama?
¿Qué se llama?
¿Qué se llama?
¿Qué se llama?
¿Qué se llama?
¿Qué se llama?
¿Qué se llama?
¿Qué se llama?
¿Qué se llama?
¿Qué se llama?
¿Qué se llama?
Este és, que también está muy, muy arregado aquí.
Ahí es, color Maori, ahí...
Mirá que me hace a todas robalas, y yo schizophrenia ya, y yo ya se amoldo yo,
y yo le decía que le a Yorkshire, esto está muy semecil.
Nos va a pasar, me pasó a mí, y te vamos a dejar a mí.
Tranquilo, relaxa, que no parsley en mente tanto.
Y si en procedimiento.
¿Es que no lo忽é bien?
Si pasamos.
Y te damos en fin ni agradeciro ¿ 않았 de frutas?
No sobre lo que protectedís, como nos lo vamos a comaticar.
Entonces, así todo, que no les vende de aceptar o entender lo que elitaro,
creo acá en que hay una base, o sea, uno, está en nuestra ADN,
es lo que digo, San Juventud, sí, ganar de válida,
ganar de válida, ganar de válida, ganar de válida,
porque es el porcento.
Yo, el porcento, ya, y el porcento.
¿Qué es así?
¿Qué es así?
Pero, además, este es en el prevista, o sea, que evitaría el cine.
El porcento, el porcento, va a hereditar con un huevo.
Creo que aquí nos van a ver con mentales que van a decir,
ya, con la rata de Argentina, en la cinta, no sé qué, ya,
pues, yo creo que era un reflejado, pero no sé qué,
ni bien que comense, voy a hablar.
Y todos están todos.
Estaron jugos de la regga, fueron que usan las milidades.
Sí, no fue ir de contra de eso día a partir de hoy,
porque me tengo que ir en contra de eso.
Tengo que amar y aceptar la raíz de mi familia.
Oye, bueno, sí.
¿Qué es la Argentina?
Muchos.
A ver, todos los pocos, los relatores que tenemos,
que me parecen a ver un buen salto tal,
pero como relajado.
Mira, como comense.
En el color no se salió a mí.
A los hombres.
A los hombres.
A los hombres.
A los hombres.
¿Qué es así?
Ya, lo que.
Ahora, tú no es a los hombres.
¿Ya?
¿Quién creó?
¿Quién creó?
¿Qué es así?
Ve, me άجas muda.
A€adnvoy a no poder.
Porque me salas a los escolfry y te veis dentro de los Magg maskedis.
Los argentinos…
Los comentáis también, se diga,
las barras, stealing las hinas,
como las bases, como las argentinas.
¿Por a los equipos?
Para el образом,
agarrarle vos también.
No sé.
Esa es la debo.
No, no.
Y se me escapa.
Y se me escapa la barbía.
La barbía, la barbía.
Yo no juro.
No había barbía.
No había barbía.
Se iba mucho por así.
Porque...
Me habrá sido de Brasil y todo en punta Argentina.
Pero...
Ningún modismo ha sido.
Claro.
Nada.
Es...
El cuadro es artístico.
El cuadro siempre le...
O sea, como que...
Les gustaba mucho el estilo.
Pero por qué no?
No entiendo.
Para la crítica.
O sea, se huevan.
Y lo que es lo que es...
La gente de Argentina ama lo cotrero.
¿Sí?
Eso es lo que...
De hecho, los que más se lo apoyaron en las redes fueron interesados.
Si, vieron que soy el ecuador, era lo más...
Los daos en ahí, se la cobraron.
Y...
Ningún Brasil lo escuchaba dentro.
Oye, para ir...
Cuminando y cerraste.
Sí, ese.
Me está hablando que me gustan mucho la parte de la cultura.
Que...
Que...
Que son los recuerdos y los primeros recuerdos,
que tenéis un fancier.
Que duplacen.
Bueno, la casa de mis abuelos.
De aquí de cuerpo.
Mis abuelos de cuador.
El que lo vi bien mucho.
Yo soy un iconito grande, mucho sánico.
Y sobre él.
O sea, o sea.
¿Qué tal?
¿Qué tal?
¿Qué tal?
¿Qué tal?
¿Qué tal?
¿Qué tal?
¿Qué tal?
Sí.
¿Qué tal?
¿Qué tal?
¿Qué tal?
¿Qué tal?
¿Qué tal?
¿Qué tal?
¿Qué tal?
¿Qué tal?
¿Qué tal?
La implosión.
¿Qué tal, la implogía o la niña?
Sí.
¿Qué tal, la implogía o la niña?
Sí.
Por qué me escriba, es ECOP,
pero ésta ya me agrupo,
as唱o este número o por acá.
Y yo le digo...
¿Qué pasó con el otro nombre?
Es ECOP, strategy que él me dice...
Yo me lo ecano.
Negro que pusieron.
¡Ja, labeled.
Y ya losCTRATiatricos estaban con los clines,
de una huella de rayaria, al papu no lo conocí, se murió antes, y ahí venía el tema del
secretario, y me acuerdo de eso, que mi fácil es su tipo de cosas, y vienen a mi mente
siempre, la dos dalmatas que tenía en la casa de mi abuelo, una casa, tenía cuatro
noteras que me embegué el gran, era mi abuelo, yo soy de voto, y mi abuelo tenía
arriba muy bien comunicamente, es de una fábrica, escuché, de instrumentos que iru
ciegos pelachos, esa es la fábrica de mi abuelo, de fábrica, y la fábrica de ello no
siempre haces, yo conocí en el taller de mi abuelo, mi abuelo, fabricaba para los
cirujanos, ahora es gentil, del vesturismo, pero lo se ha pedido, es decir, necesito un
vesturismo y que al final tendo un banchito, se arriba al mirado, porque a veces que no
sé, necesitaban eso para una pelación específica, y mi abuelo, en la ciudad, la mejor
la mi abuelo, así que me iba, muy bien, y la marca era pelacha, así me reí, no es que
es de más, no es de más, pues no va, que es de la tuerte, la victoria y, déjame verla,
y joder, puta son igualita, Dios mi bonito, es como una gota de agua,
si esta por participated en una memoria del rizño, sabes 저녁a, color, osea loãy como
a esa vez que hizo ahí un poco de poca
mmm
oye tú se que tiene el memoria y fue
bueno
el pequeño de la bailado y ahí y por eso
por eso terminan de por
un poco no se calda, se fue a por lo
también
y entonces
y con los ídios
es que de mi mano tengo casi nada
y el carácter no pierde
es un mamá muy joven, es este
de mi mamá lo que tengo es el orden
bueno también no me lo he ordenado
pero por quien yo aprendí a limpiar la casa
como no sé cómo funciona eso pero
si eres un tipo
me vacía, era muy explíctoral que
esa yo limpia a la casa
y me esposa me dice que
limpia la cocina a bulos
que yo no puedo dejar un
yo soy igual, una vez que yo limpia los platos
estaba así, él me son tan bien
aquí tiene una mancha
ya va a ver, ya va a ver
mira, la campana
veo que tiene
la campana de metal
una capita, una vez
entonces viene la señora
entra la cocina
la mira tiene que ver
si le gustan
oye, creo que eso
es las cosas que entusien
a ver, escrutaron de la vuelo
si, no, sólo
vale esa
esta la parazada
el tema de la comida, la parella
los amigos, el mate
el fútbol, siendo por ciento
el fútbol, empieza a selección
riva
no sé que más decirte
porque más cultura
que la música, no sé
pero te lo presentaron
con mi viejo
si, de tu viejo
a mí, la forma de
cuartones
de pego una cacheta
para preta, si te pegue
en casa, al chiquito
son homens
entonces, le gusta que
yo vení, vení para acá
la señora
vení, vení, vení
que es chanta
y le pego
no brisimo, no, que se cae
si cae y regresa
y no homo viene, se llena que jadea
el luto y pienpado vení
alame como
se cae de lisa
es el tipo de cosas
lo hago
con ahí
es decir, me siento papá preta
creo que es papá preta
a mí me decía también
el chiquito
y me daba
y con mi papá
yo me daba
no sé si se pasaron
pero me pama a ver si me hago
una chiquita
y con mis hijos
hasta los cinco
ahí ya
ya panas
pero eso era muy
argentino, muy muy
de hecho, de hecho
es italiana y también
es algo
bueno, es la lógica
para mí eso
es que
quiero que perdore
seguir a perder con el tiempo
porque yo le unir
un chupo que mi papá
era
cierto argentino
pero seguir a perder
vale no va a ser tan así con mis nietos y así
si si
Nope
no, no
pero de embastellarme fuerte
a todos
bias
pero menos
nada
así
reported
y
que se lo hagas, no lo hagas, imagínate al mía por el más después de muerto lo
publicita.
Ah, lo hago él.
De hecho este frachiquito cuando podía ir a hablar en la abuela de la abuela,
cuando la abuela nunca conoció.
Entonces yo sé que era mi papá.
Yo yo más también estaba bien inspirado, ¿no?
Y ahora tenemos experiencias y sabemos sobre temas.
Estamos convencidos, estamos convencidos, porque tenemos base y de hecho, ¿no?
Y ya vale a mí, estas notas son subos materiales, no?
Y para nada.
Lo quería conocer seguramente.
Y...
¿Y qué no estás creando también?
De verdad.
Chena.
¿Qué estuvo bufido?
Sí.
Hay historias más, más fuertes.
Mi papá me salvó de morir.
Como es claro.
Esto, a la niña estaba embarazada de este parstraño, en mi chipper.
A ver, salores.
Era pladia.
Y...
Yo tenía que ir a la palia para votar las ensas en mi viejo.
El que quería que yo voté las ensas en el mal.
Una parte en un ecuador y otra que la valía en la desgracia de ti.
Resulta que viajar con señizas y alguien es complicarísimo.
Cabe que se queda prohibido.
Casi prohibido.
Es complicado.
Entonces yo dije, ¿sabes de popa?
Solamente en la chocolate gran.
Entonces, un día...
Sí, un día, este...
Me voy con un bonal estábamos en el calle, vale, tenía ocho.
Sonos de un sonos tranquilo, pero hay una parte donde está un marcundido.
Oh, y el marcundido.
Y ahí, ahí, ahí, ahí, ahí.
Ya la...
He marco lo...
Ya está.
Pero hay que dar una sola.
Porque como éste, si de recién.
Bueno, si yo estaba con él y...
Que quería...
Y en un rato por allá y me acervo,
o sea, en la día de la sola se están, están como más...
...50 metros, 40 metros...
pero no más, no me y y de la nada hermano me salió una que tú de la tu tu de la
orilla no la gestan gran una vez que están ahí te puedo asegurar que es de aquí al
techo y está un dios que no se lo tienes la cabeza, pero estamos en el caña, aunque estamos en el caña, estamos en el caña, estamos en el caña, estamos en el caña,
y cuando un de los hermanos se ve, yo ya estaba cansado de ver más que sólo lo remayó, si está me va a votar, cuando un de los hermanos se habla,
escojo el caja, lo pongo así para que se frece, no, de frente, que mi barre que estaba en suena del bebé, tuve una bolsa y tuye que va a
a ver la que está claro, tuye yo lo que tenía que ir a adelantarme para salir en la zona de la ruta, y trae bueno hermanos, luego trae
esa ola hermano pero pero vayas a que así, ya ver las fumitas, vayas a la ruta rofe, que haga, y lo que viene a boca, más atrás y más grande, y lo que me daste, como que yo te diga de repente levanta una uva 10 veces, solo 10,
dejas las 10, y están anteriarlas, así, me voy a hacerlo mucho hermano, yo decía esta, alzando a las agarras y agarras, y ahí si chupo con ola, la revienta, tuyo lo amigo a salir ola, tuye, y a mira si yo no me caigo, ya voy a la camisa y llevar en el caña,
entonces en esos segundos yo dije que me lanzo, dije la mía, la mía, la mía, y se fue el borde, el agua era toda estupa blanca, y en chame mi a otra gigante atrás, y la cabeza de mí estaba como de aquí, fuento y de que ya uno,
2 metros, ya, él estaba 1, 2, 4, 6, 8, unos 10 metros más, a ver, y todos los 4, 6, 8, 10, no, unos 15 metros, ya ver, eso es el mundito de ola, que yo no sabía qué hacer, que yo decía,
y me quedo, lo voy a ver, yo se casse, y con la dejaba de mí, y no me las, entonces cuando meto, él estaba a una distancia en el que tú no te gavas de antes de la agua,
yo te cuento que está el 15 metros, y luego la calcita de un mensaje, que alguien señaba nada,
y yo me quedo y yo me quedo, yo me quedo, yo me quedo así, hasta que ella me alcanzan, yo va su otra vez,
es esperado, yo me quedo así, hasta que ella me alcanzan, yo va su otra vez, es esperado,
esperado, me quedo muy bien que yo no salía y no salía.
Mirá, no sé si fueron dos en uno, no sé si fueron tres,
pero para mí fueron 40 minutos que no salía.
¿Qué salía? ¿O qué es eso?
Cuando él sale, yo me dijo una vez que yo no tenía fuerzas.
Yo estaba muy cansado de dónde estaba a la playa.
Yo tenía que ir más al entro a saltarlo y ahí afuera.
Yo estaba convencido que no iba a poder.
Tú sabes, ya.
Yo en ese momento dije, yo no salgo sin hijos.
Correr, aquí está el único favor que he pedido.
Me te siento 87 pesos en inversión ponía.
Y me puse a pensar en la nena y el hijo que estaba ahí y hace chucha
está más como que hacer.
Y ya estaba pensando en eso.
Todo eso.
Yo estaba pensando en eso, chuta.
Me voy a ver a mí y con todo, porque yo la veía muy bien.
Era una segunda experiencia en él.
Me caía la chocolate, era un pleno agua y ahí también se hace.
Entonces, yo pensaba esto y yo decía, ¿Quién no me vuelvo?
¿Cómo si te salí sin tu hijo?
Ah, loco. ¿Qué no me vuelvo?
Yo tengo que dar mi vida por este pedado.
Y él me llega a se vuelve a plomir.
La hola, sí, vete, salí, salí.
Vuelvo a salir.
Vuelvo a salir, yo no voy a salir.
Yo salía que vien a tanda.
Y la vimos a tu padre.
Yo tenía que ver si tienes que levantar por la tanda.
Que vengo a salir.
Y ya no pide.
Y...
Inmigrita.
Nos vamos a morir, ¿verdad?
La grita es que vio.
Entonces, ahí yo lo ocué.
¿Qué morir lo sandarí con cara?
¿Vas a hacer lo que no te digo?
¿Ya nachas? ¿Y purto? ¿Te nachas?
Así, cabría.
Y no me fue antes, ya.
Te probaba.
Bien, son tres soles.
Son rápido lo que te estoy contando,
pero no tienes idea lo que era esto.
Entonces, el pelado huele aguantado.
Y él estaba más allá.
Porque él aguanta el impacto un poco más fuerte.
Yo la podía ya reventar.
Y yo avanzaba, avanzaba, avanzaba, avanzaba,
avanzaba, avanzaba.
Y avanzaba.
Tuvieron gritado y yo le decía hasta que para el nuevo día.
Y ver la playa, hermano.
Pero esto tuveías que las personas estaban todas en abril.
Tuveías un montón de personas así.
Ya se habían dado cuenta lo que habían pasado.
O sea, la carpa quedaba acá.
Y donde yo estaba ni enterada.
Ni enterada.
Tuve un hío agarrate.
Y agarré el cuello.
¿Y cómo se ha dado?
Sí.
Y ya con la lucha.
No podíamos.
Yo sé que le decía nada que fue lo así, sí, correcto.
Pero yo ya había usado esa fuerza.
Y a lo que veo así veo,
un surfista de espaldas a mi calentán.
Y ahí.
Vengo por tu ayuda.
Es que se ve.
Con la tabla así en la arena y en mancala.
Somos.
Que está de espalda.
Y con de puta.
Que calienta de espalda.
Tienes la vista al marcho.
Yo sé de todo lo que le decía.
¿Cómo se esto ocurre?
Calentar de espaldas al mar.
Si lo más lindo es que te vas haciendo.
¿Qué te vas haciendo?
Que el mundo te va.
¿Y qué te va?
¿Y qué te va?
Si esto se vuelve.
Y...
Ese papá ayuda por favor.
Ayúdame.
Y de repente se me hace nunca.
Se vea.
Pero igual está a lejos.
Y antes de eso, yo no tengo que aguantar.
Y yo vacino.
Cuando veo así,
un macito de las rocas
se lanza con moribú y tenía aletas.
Y yo digo.
Yo lo tengo que aguantar.
Aguantea.
Aguantea.
Y en planos dos.
Y ya era el del moribú.
Y en mano.
Cuando me quedaron más enmete,
yo ya...
Ya respire y sacas más energía.
Porque ya sabes que falta poco.
Yo no salí.
Yo lo veo muy difícil.
Yo no creo que me la salí.
Yo lo que le decía era que él descanse.
Mi planza para mi plan.
Si eso no es pasado.
Mi plan era...
Vescanza...
hasta que yo me hunda.
Y nada, lauri.
Ese es mi plan.
Eso.
No he tenido su plan.
Me fleco.
Que él descanse.
No, porque él estaba arrado a mí.
O si no más.
Yo tengo nada a ver a ellos.
Yo quiero que él descanza.
Que él esté fuerte para salir a mí.
Entonces ahí salen estos manias.
Lo puse a alguien en el moribú.
Y yo me voy a ir a tablas.
Y todo esto fue por una gorra.
La gorra se suele el viento.
Una gorra que yo le dije a mí,
él no la quiero llevar.
El viento huele a la gorra.
Y empieza la...
Pero el cuido me descuelo de ver el horizonte.
A coger la gorra me alejo
de hacer con más para estar.
Coger la gorra y cuando vas a ir a la gorra.
Sí, que le cruces.
Cuando se enteró en el pegras.
Entonces, es algo que yo ya llevo ya.
Esta es la gorra flotando en la orilla.
Este es lauri.
Es lo triste.
Y los remos, el payas.
Todo esto es perfecto.
No hay nada.
No hay nada.
Ni tú, ni tú, ni tú, ni tú.
Sí, diga todo.
Entonces, yo ya he atrasado.
Está...
Como yo ya lo he vivido.
Yo estaba como ya.
Tampamos listos.
Bueno, cúchame bien.
No le vas a decir nada con más más.
No sé qué ocurra contarle esto a tu más más.
Está bien, está bien.
Ok.
Yo...
La gente se va a ver.
La gente se va a ver un poco foco también.
Yo me quedé así.
Sí, sí.
La gente se va a ver.
Sí, sí.
Bueno, vamos, vamos.
No, perdón.
Así.
Sí.
Y hasta que sale la gente.
Yo nunca se se va a ver.
Entonces...
En los remayores, bueno, digo.
Había así.
Está aquí un foco que me...
Salvaría, estaba frango.
Se va a pasar ningún.
No existe.
Se lo viene a salir.
No, no.
Sí, ahí.
Ahí lo hacemos fuerte.
Y aquí está un foco frango.
Justo se veía.
Fue ahí.
Ok.
Y las cosas que llegan ya.
¿Por qué pasó Macán de decir que se seabó?
Y yo dije, no, no, no, no.
Sí, está ahí.
Se...
¡Vaya, te invesillas!
¿Y qué?
Bueno, ya esa fue la...
La historia.
¿Por qué te cuento esto?
Porque el final...
¿Qué?
Para eso, que salen a la siguiente domingo.
¡Voy, pero no choco la teena!
Me vi la película que tilan...
...¿qué tilan?
¿Fres contra el viento?
Más por deber eso así que, nada, no sé bien.
Ah, tomé a motivo, listo, ¿no?
Que era un amigo?
Es mío.
Es mío.
Es mío.
Es mío y muy, muy.
Tú yo quiero saber si papá había visto que cumplió su deseo, ¿eh?
Es ese que era mi objetivo.
A él no le gusta hacer eso.
Él le utiliza su idea para otras cosas,
gusta que nadie se pone en su cuerpo ni hablar por él, pero hace una sección por mí, yo lo
llamo, están los piers dormidos atrás, están llegando al mío y no me paro de aquí, y lo
pongo en espíritu, entonces yo me he dicho que se había llegado a mi favor, le explico
mi ira, en tal parte, yo no le he asuntado nada, nada, yo quiero saber si me
lo pago, yo creo que suele ser, ahi, espera tu trato, eh, no me da tu pa, ah, al mí,
solo ni él se le comience, al mí, yo lo soy pa, casi te molices, también la se diga,
me queda abierto, yo estoy más acostumbrado a estas cosas, y bueno, si me voy a importar,
yo se le digo, sí, pero yo tengo muchas historias, entonces, este, digo sí, papá, para
que tenés cuidado en el mismo, así que le digo, yo le avise a los chicos, no papá,
es que les pone en atención, algo no sé qué hizo, mi papá, dejablo, eso se broma con
esta vida, a papá, muchas gracias, te voy a darles, este, cuídalos, este, digo bueno,
papá, viste que va a ser la serisa, dice así, sí, y gracias, gracias, y cuídal,
gané en la prática, en la prática, y bueno, y no me he dicho en tal, quedarme, siento
que, siento que estoy molestando, siento que él hace un esfuerzo por, por, por, por conectarse,
bien, es, así que, con terrar bien, me voy a decir esto, papá, gracias, un abrazo,
papá, te amo con toda mi vida, chau, chau, beso, chavá, diga, y ahí, mito, este, no, no,
es con la voz de mi papá, 100%, es un poco diferente a la de por que mito, no le gusta
posesión 100%, explí, es como que, le, le, le, le, le, le, le hablan y el repito, ya, pero
en como un trans, entonces, ahí ya, me despedito, no se estigo, pero eso te digo, sé,
muchas cosas que él, que él, él ha tenido los temperaturas que se me hace, ya, no más, tampoco,
esa fue la última vez, que es bastante importante, que hice conexión con él así, porque me da
la impresión, como te digo, que de alguna manera esté intenta publicando antes, pues,
y que también, no lo sé, y que también, así, yo creo que por algo en la vida que permite
estar un tiempo X en, en la tierra, sí, pero no lo aceptamos, es como que no se, no nos
nos damos cuenta que, que nosotros tenemos fecha de caducidad, no se, y nos creamos que
somos eternos, ¿no? como la de queso de las que haces, o sea, que haces tal cual, las
frases, o sea, este, puede estar consciente de todo, pero, nunca, está muy preparado, ¿qué?
Pues yo, tuve una suerte con un papá, tenía un papá, nunca estuvo con malhecido, y me
pasó una mala operación, me lo pasó, fue una operación preventiva, salió mal y no salió
mal, si, si, si, si, si, no vivía nunca enfermedad, nunca vivía con malhecido, el deterioro,
eso es fuente, claro, uno de los domaféles amigos, papá, también era Marcelo Buzzi.
Flandré, entonces sí, es la Plos M complimentary, y cuando muere Marcelo, me llama el Rey
Llorado, es el único que lo he llamado a las finales las modelingド. Siempre.
Sí, claro.
LosDamas, la verdad, se llama Adres, ¿y le pasaron hoy mal, ¿no?
Entonces, cuando tú te enteras mi abuelo también se fue bien, una abuela, una asenía,
o sea, cuando tú te jomidas, vas a saber la muerte de las personas. ¿Cuántos mueren
los miedos?
Mi hijo se ha formado y mi hijo dejó de luchar porque cuando yo me compro lo primero en
la primera vez, mi trabajo es fácil porque uso aquí y cantas y es como llevo el control
de todas mis tereas, entiendo todo lo que tengo que hacer en una vista de lista, después
así no una prioridad y una fecha de entrega para mantener todo en orden. Creo estados personalizados
para organizar mi progreso exactamente como quiero. Me gusta agregar el campo de elementos
de acción. Tengo a mis compañeros de equipo como observadores para que estén altando.
Y capace que el trabajo sea fácil. Contro la entrevista a te contar. El me dice, no, yo me
quiso iluminar. Yo después, si salía de la operación iba a ser los kilófonos, se no
va a ir a estar medio podido, no quería dar a la operación, no, siento que se jugara
a nadie. Yo me aquí salí. Así está el cual.
Se ha comovió complicado el tema y me voy a salir. No voy a estar con la fuerza que
voy a estar. Era una operación abierta. Yo pego. Yo no, yo no era de mucho. No era de
gran bien las cosas, pero son dos cosas que me pasa la verdad es como mucho y es la herencia
argentina. Y que no me imagino eso aquí porque también está todo.
cuando en el darle bueno me toca
pero apple wasn't
el nuevo
de ver que
sea
un choco
esto
esta todo gracias a su mablo
me digas si quiere salir
ella está en gran versión
pero yo pregunté dt
no hay que noisy
yo decirmé y me nages
te aguerdan a gat
te breakdown el
Ok, ok, estoy preparando una semana en la clínica, porque tiene que estar una semana antes de su operación,
porque tengo una alimentación especial, que es tan bonituriano, que me más estaba reventado,
entonces me llamaba a rodar todo el tiempo.
Entonces, traente uno, preparando, estoy trabajando, voy a plantar,
te lo dejo bien, chica un prender a jamás el tiempo,
porque yo no considero, yo nunca consideré la posibilidad de que no sale.
Entonces, no salió hoy, cuando voy a la...
Cuando voy a la...
Fue raro, porque cuando me entero la muerte en el opaque me llamo a mi corrodic,
y luego llamo a mi tía, Argentina, solamente no le dije nada,
pero no se le dijo bien.
Y salamos, no es mi chau, ¿Mínito del interior?
Es como que no hay nada más que hacíamos.
Se me quede la quebra antes de llorar ese raro.
Y por cosas de la vida, yo estaba en el parqueo caminando así,
y ahí estaba gustada un horno, yo a ver un amigo
y bien me llevaba a la pie, yo no me dijeron a curros mucho
y ahí me acuerdo que lo vi, viejo
bueno la cosa es que pasa esto y al día siguiente voy a la lluvia, los tengo la búsqueda
porque yo decía, tiene que pasar
una operación así por lo menos, si algo se pagó por lo menos 15 a 20 locales
y todavía hay que parar
es una cifra que te dole, que te complica
porque si no las tienes, en ese momento era complicado para mí
venía pasando recién, el problema de la persecución de Correa había pasado un año y medio
más o menos y la compra de la pantalla estaba muy bastada
y comienzan a computadora, lo ponó como cuando no se iba a ver la libreta
y sabía que era una libreta de mierda y te la estaba tomando más vacina
y te van a computar así
ya listo, tengo que ir bailando, está todo cancelado
gracias por abajo, gracias viejo, gracias
si no te van a heredar, que por lo menos no te jora
y un amigo que me decía, gracias por agradecer
es la idea de la cantidad de gente que deja sus hijos
una deudas de la clínica
y las otras, no solo la clínica
a veces que dejan cosas hipotecas
al contrario de hecho había tenido plata en su cheque
lo hubiese todo para el final, hasta eso por hoy
y eso fue la historia
por eso estoy agradecido mucho con mi papá
de que no vivía enfermedad con él
siempre estuvo sano, siempre estuvo fuerte
se fue sin suprisa, fue sin poder, se fue sin deudas
y me dejó esta liciatada muy tan linda
cuando... hay una fase que me quedó mucho en el consumo
con la madre de ley
es el argentino en hace donde quiera
que por el amor, ya viene
si, por el tiempo me amor
es frente de la navada, ¿qué por ahí?
ah, ya, ya
ya me amor, ya, ya
ya me amor
ya, ya, ya me
los dos y todo
el argentino en hace donde quiera
no significa que es
¿qué?
hasta porque
tú no los asoñaste
y de ahí...
¿vale?
pego, de mejor no puedes
no importa a dónde esté
donde estés
siempre que sientas, eso, o sea que sientas ser argentino, para lo vas a hacer, y yo creo que
genética es un loco porque no es normal, la más normal la pasión que se siente por la selección,
a ver si quieras no tener la loco, porque te amabras mucho, este monte de la pasión muy culo,
y así, o sea, increíble, y yo veo otras personas con sus elecciones, se cabre a Utea, pero
no hay muere, o sea, no, no, no, me a, solo con dar nos cuenta, y eso a mí me molesta, porque yo
inclusive quería apoyar a la selección de puedo, yo voy a crear una barra, pero no se lo
voy a realizar, pero no, le curo tiene barra, hasta cuando se se puede, ya parecamos, ya porque yo me
quería, mientras veía que tiene, a mí me da el mundo tomadona, yo me creí, o sea, del otro lado,
la ciudad es cambia, la mobilidad también está listo para literar ese cambio, especiéndose
con la mezcla, jugamos como nunca, así, eso era poder para mí, pero no había forma que yo me
conecto, yo sé que bueno, tienes el paso y traspaso de esa arena, porque yo aléjano lo veo, me está muy
metido en la partud crítica, sí, claro, pero, sí, pero este es más loco, así, siempre hay uno,
yo fui a segura, y es un pero es un loco, hermoso, un loco cariño, es un loco muy lindo,
tiene una magia muy muy linda, no hay un que alezando a la tena, pero alezando a la tranquila era todo
lo que tú querías de un niño, y no es un salvaje, entonces de un salvaje no puede ser
en nada, eso es una cosa, tener un hijo a mi edad, chiquito es maravilloso, maravilloso, con lo
disfrutamos, tan más consciente de lo que son hacia altos, el chuchal, el que te diga,
no pueden dormir, si en los dos, si en los dos no me voy a empezar, los dos, no pueden dormir,
y yo con una estela, alezando lo tenía un jueguito, claro, donde le lo lo más sacaron,
todo era diferente de este tipo de atalte, ese niaje de los sucutrapal y que los atacó a la
década del caprio, este el remasido, ah, no, no sabía que se me ha dado así, no, yo le puse
el sucutrapal, ya, y la idea es que los los atacarán, pero los revienco a manotazos,
punientes que aquí en la pierna, los doy la hueta, los tiro contra la cama, mira, es fácil,
no soy hombre, el tengo el sucutrapal y la baguosa que rosa, la tortura china, huracán del
infierno, son diferentes, gracias que les pasan, y les tienen que aguantarnos, bueno, me quedo
salve todo, que es muy poco corto, se ha gustado, pero me lo pide, claro, y hoy que me
vas a hacer, me vas a hacer cosas, de poner las almohadas, de protegeros, esta que viene
malito, la cara de puñetas también es acá, la cara de puñetas es demasiado,
y te la acepta en mi Disney,
No sé quién hace 20 años.
Cuidad un poquito.
osobado
nirin
esa apa
sonャ
más
eso es el
Battle
eh rución
Yjo de puta.
Que le han agregado el pedo a la amrea,
pero no se ha agregado el pedo.
El pedo, la agregado, el pedo, el pedo, el pedo,
el pedo, el pedo, el pedo, el pedo, la agregado.
Y los más contra la paga, contra la madera.
Esto suena mucho.
Que si la mamá llega a ver eso, se muere.
Me gusta, que escuchado del todo.
¿Cómo estás?
¿Quién es esto que tengo preparado?
Esto que estás viendo es el nuevo curso, de la tuvito inteligente a pimpial que voy a hacer
esto con BigSkurte, pues a esta página que estás viendo ahora mismo,
serán 3
Ok, hay un web, claro, no sabe, no entres de tal hora, tal hora, cuando vamos a despejar,
pero ya me lo pide mucho, entonces ya ve días que no quiero, estoy calzado,
pero mañana me la haces, y una nueva iba también, la tortura, la tortura china fue una de las bases,
y todo eso, la de ahí me voy, estaba que es así, volvintan la leyenda, si es así,
si es así, una antiguo emperor, pero también con la nadía,
la de las digaba a los soldados, cuando me lo vecía, a los que mucho lo llamaba,
que me hizo a todo, la tortura china, entonces me entras, se enciende todo,
me dijo que estaba mirando el fiat, me dijo que se cansa,
y al nalía también me licenciaba lluvete, al nalía no había puesto nada de nota,
mami todo eso que estoy hierro vacío, solo una nota del cuarto tenía, que era 9.5,
nada más, ya nadie le dijo, pero él dice ya, yo no me entrego nada, ni el tríctico,
y la mitad poco que supuestamente yo no había entregado el tríctico,
pero él dice él dice eso así, yo se lo entregué, que hasta la inferior lo puso,
y ahí justo, suerte que los trícticos estén lo pusieron en la pared, y está agarrido,
y él dice él dice él, se hay un poco de trícticos, y ahí está un tríctico,
yo prefiero que ya no puedo hacer nada, escucha, y yo no puedo hacer nada,
y voy a pasarlo, y yo yo no puedo, pero él dice él dice,
pero sí, a mis culpados, o sea, le dije así, y ahí está nalía también así,
es verdad, he pensado que no me puedo dejar todo ese sitio, porque él le he presentado todo,
entonces él dice él dice él dice él, nadie le ha presentado todo,
y usted para que le tenga ponencia, sí que no sé cuánto,
primer está, como que ya no podía hacer nada, que no sé cuánto,
y que ya, y que no sabía, porque no, pero él dice que ya se rara un nota,
ya se rara un nota, ya no puedo hacer nada, ya no puedo enviar esta,
yo ya se re, y él dice pero he incenciado que no va a dejar con esa nota,
que él y él y él, pero en este llamo las llamos,
vamos a sentar, vamos a sentar una cara a tu la espada que nos llamó,
y ya mismo es bien, vamos a que ahí nos habíamos puesto un poquito de análisis,
y ahí dijo que sí que ya iba a ver si hablaba por el docente,
que para, creo que era el licenciado del tutorial,
para que nos ponga este para enviarle otra cosa, y que nos ponga ahí mismo,
nada, nada, nada, nada, nada, nada, nada, nada, nada, nada, nada, nada, nada, nada,
y ya pues bien, ahí ya después de el rato nos llamaba a no,
y ya voy a hablar con el master, y ya para cambiar mis discos, no,
y ya no me llamó mi insellada, mira, ahí ya tiene, y me había puesto 9, 9,
la mi todo tenía 10, y me puso 9, 9 en el libro de análisis,
mira, bueno, y ahí ya no liga nada, porque dije si le digo,
ahí va a decir, no, ni allá, ya va a ser, entonces ya no liga.
Pero mi amor, ¿qué puedo yo hacer?
Porque si ya, ya lo que dan a me está diciendo,
esta es mal mi vida, es que tú tienes que entender,
yo voy a hablar, ya, pero mira lo que es,
mira lo que dice, el profesor, el asucriterio califica,
tú puedes...
Claro, aunque sea alguna huevada te dice,
no, no, aquí le falta un punto, y esa es la obilesa.
Claro, mamá eso no se fue.
Claro, te va al 10, porque si todo tienes 10 y alumnos no se redonde al 10.
Está bien, pues ha sido, de hecho,
voy a romper por primera vez, en casi por este ticurio,
que pensó este tiempo,
voy a romper por primera vez el protocolo de la política,
y siempre hago dos más propias, pero no lo aquí lo hace.
¿O qué?
Voy a hacer una segunda parte en algún momento,
a alguna.
Voy a querer esto, yo tengo que estar en el día a TV ahora, ¿no?
Ah, bueno, pero no está.
Si podemos hacer este al esperar,
bueno, eso no te va a hacer la pregunta porque va a haber una parte dos.
¿Quién sabe, en algún momento cuando sale las cosas?
No creo que era la persona muy buena,
pero me encantó, me encantó, y ahora es con mucho.
Ahí va a ser una segunda parte.
Así concluyendo.
Vamos, Argentina.
Vamos, vamos, Argentina.
Tú en primera clase, yo ya atrás.
En todo el mamá.
Hola.
Así es la vida.
Vamos, yo es todo lid�.
Tú me vas a ir para atrás,
no le subió.
No fue ni dos miles
que también está bueno, por eso que, y ya está en nada, por yo, yo así, por
ya estamos a comer, porque a las finas de verdad no tiene la culpa, obviamente, la
culpa, porque eso son los profesores, y por eso entonces este género, si hay que
no te muestra, yo, ah, y lo quitamos y que me diiste, ah no, no, y que te
llevaba la insuñada de la insuñada, porque no se le di, no le voy a decir que la
insuñada, yo dije a las finas, yo dije, no, yo sé, yo quiero eso, pero si ya lo
trotías que tenemos que llamar a poner las filas, que ya no voy a dejar que
pude robando cultos, que es así, entonces, bueno, me la hice casi lo que pasó, ya
dije, me hice la insuñada, no, que te pone una manera que la insuñada
ha desillucido que me ha podido decir que yo estaba viendo la insuñada, madre
en ese äroz, yo bevoré que me llama la extalsa también era la insuñada,
la insuñada tenía de manera una escana y me consequence de
hablar hasta más de este es como si midio que nos lo packages advertising,
y creo que dicen que no tenían ni como ya, que ya también reclamé lo del lenguaje,
de licenciar la licencia de lenguaje para tener licencia, para cambiar las notas,
y el licencia es todo bien, y como no la salimos del curso,
de que nos toca a perder, pero la licencia todavía no llegaba,
si nos hacía caminar, entonces ahí fíjense, me la licencia estaba afuera,
y la licencia de lenguaje, y me la he implantado una semana y bien el lenguaje.
Ahí va a caminar, y la emberanisa, no hablará ahí, y a continuación,
así me perdón más, y yo no sé, creo que me la licencia no sé,
y creo que le contó al licenciar, que el licenciar lo que voy a ir a onda,
al licenciar alguna licencia.
Ahí va, le cae, se le prendo un traca.
Le prendo un traca, le prendo un traca.
¿Qué pasó? ¿Está en Cuba? ¿Está en Cuba?
¿Qué pasó? ¿Qué pasó? ¿Qué pasó?
¿Qué pasó? ¿Qué pasó? ¿Qué pasó?
Nada más. ¿Qué pasó con eso de lenguaje?
¿Cómo así que el Japón?
Y mi sí con el licenciado, que me quiere robar la costa de licenciar,
y entonces ahí estén mis amos, pero él es lo que él no va a ir a hacer,
y algo tan versano. Y el licenciado también va a ser casi la deja,
porque todos sí, este cae, este la navidad tenía 7,
7 con 7. A ver, ya no tenía que tener salud,
Yo también tenía que tener un hueve y algo así,
por lo que ll Zwia también.
¿Relí?
¿Y ahí?
suivimos.
Matzán, yo soy de Normandy.
Matzán, yo soy de Normandy.
Flora y mi amiga.
Ingles, tengo nueve ochentys aquí.
Werca.
El génio.
El °
Claro!
¿Y era mi amor?
No teending is not?
Alors.
¿Que soy lequechoso?
Recorrido, recorrido.
estoy viendo lo aquí a Jordan, este mira como está y ahí se que me punta todo un huevo
mira mira mira
no, no, no, es que yo no escucho muy bien eso y me dice eso
cara de bruja
chuen porras
que bonito que esta ya esta aplicación mira
que ha sido Mera Cochiza.
Ah, hay un romper falo.
Ah, y no sé qué.
Ah, y aquí les ha sido bien.
No, papí, ¿qué escuchaste?
Bien bonitos a esas botas, voy a ir.
Este traje bonito.
Ah, qué bonito se traje.
Alli hernos vamos a hacerlos.
Fractura.
Martí, hace que doñe.
Vamos.
Vamos, vamos.
Vamos.
Vamos.
Vamos.
Vamos, vamos.
Vamos.
Viene a mí, ¿les ha sido bien?
Sí.
Ah, y ya tengo todo bien.
Y ya tengo todo bien.
Y no tengo ningún fin.
Y pensé a dar al peño a...
Para en este...
Ah, le digo, yo soy respiro.
Yo son espero, yo stareás abandonando en esaasy
que no.
Me quite mucho mucho, dos años de ville.
Y...
túarezla y yoga corenetita.
¿NA TENEN?
Para deserted.
Hino Prosí чисlas mayor минутo.
Bueno.
El seria 힘 de los homíanos en el mundo.
Alguien se siempre haya dos homáscientas.
¿Qué es?
Vento.
Ok.
Interestingly que empezó al
Yo pedí a una gamina más hunna gaze y así es que estábamosiss unienieizada
como era un menú.
Era muy auto iş se fuealista, al parecer las vícticas y las víct Jacórentes.
El fan testimonio esta masa.
el
¿Qué?
El Númerika para el Válvara Pía en clase en la aula.
Lúrica para el Válvara Precio Válvara.
Lúrica para el Válvara Precio en mi divinoa.
Para el Válvara Precio en clase para el Válvara Precio Válvara.
Esa es otra esra de la Escura de la Escura de la Escura de la Escura de la Escura de la Escura de la Escura de la Escura de la Escura de la Escura de la Escura de la Escura de Cristrian Arruí.
Rúbrica de trabajo en el clave.
Rúbrica de taller.
Rúbrica de investigación.
Rúbrica de investigación.
¿Qué tal?
¿Cómo quince rúbricas?
No sé qué se crea licenciada.
Yo no sé qué se crea.
¿Me hagas acá para el rúbrica?
Sí.
¿Qué hagas para ahí?
Estoy con siglos.
Y como ese mismo día de la casa.
¿Cómo quince rúbricas?
No sé, para acá.
Por el momento de lo que les he impresionado
es que quedaron en el cuadro de la primera ojo
y la ojo de la actividad en el cuadro.
Muy despilloso cuando yo había un clave alo
que tiene que entrar en los saras.
¿Qué tal?
¿Qué tal?
¿Qué tal?
¿Qué tal?
¿Qué tal?
¿Qué tal?
¿Qué tal?
¿Qué tal?
¿Qué tal?
¿Qué tal?
¿Qué tal?
¿Qué tal?
Bueno sí dirección, ¿qué tal?
Zenura.
¡Ay!
¿Qué tal?
¿Qué tal?
¿Qué tal?
¡Bien, aucun peño!
¡Amen, esta es renameada!
¿Qué tal por el sentido, buy a用ar?
Empieza a nuestra menor proteína.
¿Qué tal?
¿Qué tal?
¿Qué tal?
¿Qué tal?
¿Por qué que lo piergaste?
¿Qué tal?
H какие le nói.
¿Qué tal?
¿OK?
¿Qué te pareció mi amorcita?
ielen?
¡No sabía que tanta gente quería más fórmulas
y se eran de edad ultra rápida, buscas y higas y limitadas, y se enetern de las dálige
perfectos para trabajar y estudiar, ver vídeos o usar pusans favoritos.
No sabía que tanta gente quería mis vórmulas, y es porque gracias a ella se podió en
prender desde casa y entender que en todas las semanas que vienen direto por mis chorizos,
así que si no voy a regalar una, pero antes déjame aclarar de algo mucha gente muarnaca,
porque creen que el desecito de equipo en los veal, y eso es por lo bueno,
puedes empezar con lo básico que pides en casa, aquí lo importante es que el producto
queda brutal, y que lo sepas mover, y cuando quises vender, ahí si mejoras el hiquim de poco,
pero no en revés, aficial enlace en el perfil para más información.
Una oportunidad de ir a una academia presencial, y las clases de nuestra curso las puedes ver desde
tu casa, porque son virtuales y en ti, solo te conectas y listas, y si tú te quieres unir y aprender
todo lo básico, en menos de 30 días comentar, yo quiero ir nuestro perfil y encontraras toda la
información, nos llaman lábamos por enseñarme, cáseñate con gela, gusto en el mundo, más
Llamo de Tango, ll windows counter make,ach магаз, no nos no le importa cuento santo Iceير
Se dice que ocurrieron estos ateビSS por el hermano,
porque no dejaba de coquetearle a Toonhol.
cada vez que se ponía de cariño, o sea, ya se quindaba su tímite
el rumor dice que esto le daría a las sangras en daillas
que sus celos cada día eran más evidentes
el honor querías ser que finalmente la situación llegó al líquete
y ese un esto le dijo la producción, no es ella, o soy yo
y terminaron sacándola del proyecto
ese dice que ocurrió
y el clau
.
.
.
.
.
.
.
.
.
.
.
.
.
.
.
.
.
.
.
.
.
.
.
.
.
.
.
.
.
.
.
.
.
.
.
.
.
.
.
.
.
.
.
.
.
.
.
.
.
.
.
.
.
.
.
.
.
.
.
.
.
.
.
.
.
.
.
.
.
.
.
.
.
.
.
.
.
.
.
.
.
.
.
.
.
.
.
.
.
.
.
.
.
.
.
.
.
.
.
.
.
.
.
.
.
.
.
.
.
.
.
.
.
.
.
.
.
.
.
.
.
.
.
.
.
.
.
.
.
.
.
.
.
.
.
.
.
.
.
.
.
.
.
.
.
.
.
.
.
.
.
.
.
.
.
.
.
.
.
.
.
.
.
.
.
.
.
.
.
.
.
.
.
.
.
.
.
.
.
.
.
.
.
.
.
.
.
.
.
.
.
.
.
.
.
.
.
.
.
.
.
.
.
.
.
.
.
.
.
.
.
.
.
.
.
.
.
.
.
.
.
.
.
.
.
.
.
.
.
.
.
.
.
.
.
.
.
.
.
.
.
.
.
.
.
.
.
.
.
.
.
.
.
.
.
.
.
.
.
.
.
.
.
.
.
.
.
.
.
.
.
.
.
.
.
.'
[2026-08-12 23:37:40] PASO 1.5: Consultando Tálamo para clasificación semántica...
[Tálamo] JSON inválido de Ollama: Expecting value: line 1 column 1 (char 0). Activando fallback.
[Tálamo] Intentando fallback cloud (openclaw)...
[Tálamo] Todos los métodos fallaron. Retornando GENERAL_TALK.
[2026-08-12 23:39:24] Tálamo → Tipo: GENERAL_TALK
[2026-08-12 23:39:24] PASO 2: Consultando al Agente Alberth...
[2026-08-12 23:39:24] Recuperando contexto de memoria persistente...
[2026-08-12 23:39:25] Memoria OK → Contexto recuperado (300 chars)
[2026-08-12 23:39:52] ERROR: Falló conexión con el agente. Usando fallback.
[2026-08-12 23:39:52] PASO 3: Generando audio de respuesta (TTS Premium edge-tts)...
[TTS-Premium] Sintetizando 94 caracteres con voz 'es-MX-JorgeNeural'...
[TTS-Premium] OK → Audio generado: alberth_voice_20260812_200225_response.mp3 (45 KB) | Voz: es-MX-JorgeNeural
[2026-08-12 23:39:55] TTS PREMIUM OK → Audio: /Users/digitalspace/.openclaw/workspace/voice_exchange/output/alberth_voice_20260812_200225_response.mp3 (edge-tts)
[2026-08-12 23:39:55] PASO 4: Reproduciendo respuesta...
[2026-08-12 23:40:06] --- PIPELINE COMPLETADO ---
[2026-08-12 23:40:07] fswatch detectó nuevo archivo: /Users/digitalspace/.openclaw/workspace/voice_exchange/input/alberth_voice_20260812_200404.wav
[2026-08-12 23:40:08] --- PIPELINE INICIADO (AUDIO): alberth_voice_20260812_200404.wav ---
[2026-08-12 23:40:08] PASO 1: Transcribiendo audio con Groq Whisper (Cloud)...
[2026-08-12 23:40:28] STT CLOUD OK → Transcripción: Transcribe the audio. And this also puts a risk of the people who are walking walking. How are you going to walk? Yes, at least here in the dark. This is not going to happen. It's going to happen in the same way. And it's going to be a problem with the city. How are you going to walk? Transcribe the audio. Transcribe the audio.
[2026-08-12 23:40:28] FILTRO: Transcripción válida → 'Transcribe the audio. And this also puts a risk of the people who are walking walking. How are you going to walk? Yes, at least here in the dark. This is not going to happen. It's going to happen in the same way. And it's going to be a problem with the city. How are you going to walk? Transcribe the audio. Transcribe the audio.'
[2026-08-12 23:40:29] PASO 1.5: Consultando Tálamo para clasificación semántica...
[Tálamo] Ollama OK → GENERAL_TALK
[2026-08-12 23:41:02] Tálamo → Tipo: GENERAL_TALK
[2026-08-12 23:41:02] PASO 2: Consultando al Agente Alberth...
[2026-08-12 23:41:02] Recuperando contexto de memoria persistente...
[2026-08-12 23:41:03] Memoria OK → Contexto recuperado (300 chars)
[2026-08-12 23:41:33] ERROR: Falló conexión con el agente. Usando fallback.
[2026-08-12 23:41:33] PASO 3: Generando audio de respuesta (TTS Premium edge-tts)...
[TTS-Premium] Sintetizando 94 caracteres con voz 'es-MX-JorgeNeural'...
[TTS-Premium] OK → Audio generado: alberth_voice_20260812_200404_response.mp3 (45 KB) | Voz: es-MX-JorgeNeural
[2026-08-12 23:41:35] TTS PREMIUM OK → Audio: /Users/digitalspace/.openclaw/workspace/voice_exchange/output/alberth_voice_20260812_200404_response.mp3 (edge-tts)
[2026-08-12 23:41:35] PASO 4: Reproduciendo respuesta...
[2026-08-12 23:41:45] --- PIPELINE COMPLETADO ---
[2026-08-12 23:41:45] fswatch detectó nuevo archivo: /Users/digitalspace/.openclaw/workspace/voice_exchange/input/alberth_voice_20260812_200428.wav
[2026-08-12 23:41:47] --- PIPELINE INICIADO (AUDIO): alberth_voice_20260812_200428.wav ---
[2026-08-12 23:41:47] PASO 1: Transcribiendo audio con Groq Whisper (Cloud)...
[2026-08-12 23:42:03] STT CLOUD OK → Transcripción: Thank you.
[2026-08-12 23:42:03] FILTRO: Transcripción descartada por ser basura/silencio: 'Thank you.'
[2026-08-12 23:42:03] fswatch detectó nuevo archivo: /Users/digitalspace/.openclaw/workspace/voice_exchange/input/alberth_voice_20260812_201640.wav
[2026-08-12 23:42:05] --- PIPELINE INICIADO (AUDIO): alberth_voice_20260812_201640.wav ---
[2026-08-12 23:42:05] PASO 1: Transcribiendo audio con Groq Whisper (Cloud)...
[2026-08-12 23:42:13] WARN: Groq Whisper Cloud falló (sin conexión o API error). Activando fallback local...
[2026-08-12 23:42:13] PASO 1b: Transcripción local con Whisper (modelo: base)...
[2026-08-13 05:32:03] STT LOCAL OK → Transcripción: decidieron disparos, con los cuales ellos vivan forma, que sucedían hacer el uso,
que sí lo de la cosa.
Sí.
Sí.
Sí.
Sí.
Sí.
Sí.
Sí.
Sí.
Sí.
Sí.
Sí.
Sí.
Sí.
Sí.
Sí.
Sí.
Sí.
Sí.
Sí.
Sí.
Sí.
Sí.
Sí.
Sí.
Sí.
Sí.
Sí.
Sí.
Sí.
Sí.
Sí.
Sí.
Sí.
Sí.
Sí.
Sí.
Sí.
Sí.
Sí.
Sí.
Sí.
de víctimas, rolaros, tímosos, necesitados, en que me montaré ante el público de la ciudad.
También te puedo recorrer a otra lucha.
Tiete años después, no sé siquiera, ¿no?
Sí, sí, sí.
Y en mi comisión, no sé siquiera.
Siquiera.
No sé siquiera, no sé siquiera, no sé siquiera, no sé siquiera, no sé siquiera, no sé siquiera, no sé siquiera, no sé siquiera, no sé siquiera, no sé siquiera.
Siquiera, no sé siquiera, no sé siquiera, no sé siquiera, no sé siquiera, no sé siquiera, no sé siquiera, no sé siquiera.
y
y
y
y
y
y
y
y
y
y
y
y
y
y
y
y
y
y
y
y
y
y
y
y
y
y
y
y
y
y
[2026-08-13 05:32:04] FILTRO: Transcripción válida → 'decidieron disparos, con los cuales ellos vivan forma, que sucedían hacer el uso,
que sí lo de la cosa.
Sí.
Sí.
Sí.
Sí.
Sí.
Sí.
Sí.
Sí.
Sí.
Sí.
Sí.
Sí.
Sí.
Sí.
Sí.
Sí.
Sí.
Sí.
Sí.
Sí.
Sí.
Sí.
Sí.
Sí.
Sí.
Sí.
Sí.
Sí.
Sí.
Sí.
Sí.
Sí.
Sí.
Sí.
Sí.
Sí.
Sí.
Sí.
Sí.
Sí.
Sí.
de víctimas, rolaros, tímosos, necesitados, en que me montaré ante el público de la ciudad.
También te puedo recorrer a otra lucha.
Tiete años después, no sé siquiera, ¿no?
Sí, sí, sí.
Y en mi comisión, no sé siquiera.
Siquiera.
No sé siquiera, no sé siquiera, no sé siquiera, no sé siquiera, no sé siquiera, no sé siquiera, no sé siquiera, no sé siquiera, no sé siquiera, no sé siquiera.
Siquiera, no sé siquiera, no sé siquiera, no sé siquiera, no sé siquiera, no sé siquiera, no sé siquiera, no sé siquiera.
y
y
y
y
y
y
y
y
y
y
y
y
y
y
y
y
y
y
y
y
y
y
y
y
y
y
y
y
y
y'
[2026-08-13 05:32:06] PASO 1.5: Consultando Tálamo para clasificación semántica...
[Tálamo] Error Ollama: timed out. Activando fallback.
[Tálamo] Intentando fallback cloud (openclaw)...
[Tálamo] Todos los métodos fallaron. Retornando GENERAL_TALK.
[2026-08-13 05:49:49] Tálamo → Tipo: GENERAL_TALK
[2026-08-13 05:49:50] PASO 2: Consultando al Agente Alberth...
[2026-08-13 05:49:50] Recuperando contexto de memoria persistente...
[2026-08-13 05:49:52] Memoria OK → Contexto recuperado (300 chars)
[2026-08-13 06:01:49] ERROR: Falló conexión con el agente. Usando fallback.
[2026-08-13 06:01:49] PASO 3: Generando audio de respuesta (TTS Premium edge-tts)...
[TTS-Premium] Sintetizando 94 caracteres con voz 'es-MX-JorgeNeural'...
[TTS-Premium] OK → Audio generado: alberth_voice_20260812_201640_response.mp3 (45 KB) | Voz: es-MX-JorgeNeural
[2026-08-13 06:01:52] TTS PREMIUM OK → Audio: /Users/digitalspace/.openclaw/workspace/voice_exchange/output/alberth_voice_20260812_201640_response.mp3 (edge-tts)
[2026-08-13 06:01:52] PASO 4: Reproduciendo respuesta...
[2026-08-13 06:02:05] --- PIPELINE COMPLETADO ---
[2026-08-13 06:02:06] fswatch detectó nuevo archivo: /Users/digitalspace/.openclaw/workspace/voice_exchange/input/alberth_voice_20260812_201721.wav
[2026-08-13 06:02:08] --- PIPELINE INICIADO (AUDIO): alberth_voice_20260812_201721.wav ---
[2026-08-13 06:02:08] PASO 1: Transcribiendo audio con Groq Whisper (Cloud)...
[2026-08-13 06:20:06] WARN: Groq Whisper Cloud falló (sin conexión o API error). Activando fallback local...
[2026-08-13 06:20:06] PASO 1b: Transcripción local con Whisper (modelo: base)...
[2026-08-13 06:57:09] STT LOCAL OK → Transcripción: y
y
y
y
y
y
y
[2026-08-13 06:57:10] FILTRO: Transcripción válida → 'y
y
y
y
y
y
y'
[2026-08-13 06:57:12] PASO 1.5: Consultando Tálamo para clasificación semántica...
[Tálamo] Error Ollama: timed out. Activando fallback.
[Tálamo] Intentando fallback cloud (openclaw)...
[Tálamo] Todos los métodos fallaron. Retornando GENERAL_TALK.
[2026-08-13 07:38:34] Tálamo → Tipo: GENERAL_TALK
[2026-08-13 07:38:34] PASO 2: Consultando al Agente Alberth...
[2026-08-13 07:38:35] Recuperando contexto de memoria persistente...
[2026-08-13 07:38:35] Memoria OK → Contexto recuperado (300 chars)
[2026-08-13 07:38:54] ERROR: Falló conexión con el agente. Usando fallback.
[2026-08-13 07:38:54] PASO 3: Generando audio de respuesta (TTS Premium edge-tts)...
[TTS-Premium] Sintetizando 94 caracteres con voz 'es-MX-JorgeNeural'...
[TTS-Premium] OK → Audio generado: alberth_voice_20260812_201721_response.mp3 (45 KB) | Voz: es-MX-JorgeNeural
[2026-08-13 07:38:57] TTS PREMIUM OK → Audio: /Users/digitalspace/.openclaw/workspace/voice_exchange/output/alberth_voice_20260812_201721_response.mp3 (edge-tts)
[2026-08-13 07:38:57] PASO 4: Reproduciendo respuesta...
[2026-08-13 07:39:07] --- PIPELINE COMPLETADO ---
[2026-08-13 07:39:07] fswatch detectó nuevo archivo: /Users/digitalspace/.openclaw/workspace/voice_exchange/input/alberth_voice_20260812_201730.wav
[2026-08-13 07:39:08] --- PIPELINE INICIADO (AUDIO): alberth_voice_20260812_201730.wav ---
[2026-08-13 07:39:09] PASO 1: Transcribiendo audio con Groq Whisper (Cloud)...
[2026-08-13 07:39:21] STT CLOUD OK → Transcripción: Thank you.
[2026-08-13 07:39:21] FILTRO: Transcripción descartada por ser basura/silencio: 'Thank you.'
[2026-08-13 07:39:21] fswatch detectó nuevo archivo: /Users/digitalspace/.openclaw/workspace/voice_exchange/input/alberth_voice_20260812_201848.wav
[2026-08-13 07:39:23] --- PIPELINE INICIADO (AUDIO): alberth_voice_20260812_201848.wav ---
[2026-08-13 07:39:23] PASO 1: Transcribiendo audio con Groq Whisper (Cloud)...
[2026-08-13 07:39:33] STT CLOUD OK → Transcripción: What is it? Transcribe the audio. Thank you.
[2026-08-13 07:39:33] FILTRO: Transcripción válida → 'What is it? Transcribe the audio. Thank you.'
[2026-08-13 07:39:34] PASO 1.5: Consultando Tálamo para clasificación semántica...
[Tálamo] Ollama OK → GENERAL_TALK
[2026-08-13 07:39:42] Tálamo → Tipo: GENERAL_TALK
[2026-08-13 07:39:42] PASO 2: Consultando al Agente Alberth...
[2026-08-13 07:39:43] Recuperando contexto de memoria persistente...
[2026-08-13 07:39:43] Memoria OK → Contexto recuperado (300 chars)
[2026-08-13 07:39:58] ERROR: Falló conexión con el agente. Usando fallback.
[2026-08-13 07:39:58] PASO 3: Generando audio de respuesta (TTS Premium edge-tts)...
[TTS-Premium] Sintetizando 94 caracteres con voz 'es-MX-JorgeNeural'...
[TTS-Premium] OK → Audio generado: alberth_voice_20260812_201848_response.mp3 (45 KB) | Voz: es-MX-JorgeNeural
[2026-08-13 07:40:00] TTS PREMIUM OK → Audio: /Users/digitalspace/.openclaw/workspace/voice_exchange/output/alberth_voice_20260812_201848_response.mp3 (edge-tts)
[2026-08-13 07:40:00] PASO 4: Reproduciendo respuesta...
[2026-08-13 07:40:10] --- PIPELINE COMPLETADO ---
[2026-08-13 07:40:10] fswatch detectó nuevo archivo: /Users/digitalspace/.openclaw/workspace/voice_exchange/input/alberth_voice_20260812_201920.wav
[2026-08-13 07:40:11] --- PIPELINE INICIADO (AUDIO): alberth_voice_20260812_201920.wav ---
[2026-08-13 07:40:11] PASO 1: Transcribiendo audio con Groq Whisper (Cloud)...
[2026-08-13 07:40:24] STT CLOUD OK → Transcripción: Hola, vamos a hablar de Barcelona. Miguel Montano, se me da un grupo de puntos importantes que son en torno a instituciones antivéctricas. Uno de ellos es que se tendrá un director de ley y que será un grupo de actividades. Gracias. Solo quiero que la primera... ...voy a ser el objetivo de iniciar una nueva etapa de reorganización de la actividad y también de la parte institucional. We are in the process of...
[2026-08-13 07:40:24] FILTRO: Transcripción válida → 'Hola, vamos a hablar de Barcelona. Miguel Montano, se me da un grupo de puntos importantes que son en torno a instituciones antivéctricas. Uno de ellos es que se tendrá un director de ley y que será un grupo de actividades. Gracias. Solo quiero que la primera... ...voy a ser el objetivo de iniciar una nueva etapa de reorganización de la actividad y también de la parte institucional. We are in the process of...'
[2026-08-13 07:40:24] PASO 1.5: Consultando Tálamo para clasificación semántica...
[Tálamo] Ollama OK → GENERAL_TALK
[2026-08-13 07:40:29] Tálamo → Tipo: GENERAL_TALK
[2026-08-13 07:40:29] PASO 2: Consultando al Agente Alberth...
[2026-08-13 07:40:29] Recuperando contexto de memoria persistente...
[2026-08-13 07:40:30] Memoria OK → Contexto recuperado (300 chars)
[2026-08-13 07:40:44] ERROR: Falló conexión con el agente. Usando fallback.
[2026-08-13 07:40:44] PASO 3: Generando audio de respuesta (TTS Premium edge-tts)...
[TTS-Premium] Sintetizando 94 caracteres con voz 'es-MX-JorgeNeural'...
[TTS-Premium] OK → Audio generado: alberth_voice_20260812_201920_response.mp3 (45 KB) | Voz: es-MX-JorgeNeural
[2026-08-13 07:40:46] TTS PREMIUM OK → Audio: /Users/digitalspace/.openclaw/workspace/voice_exchange/output/alberth_voice_20260812_201920_response.mp3 (edge-tts)
[2026-08-13 07:40:46] PASO 4: Reproduciendo respuesta...
[2026-08-13 07:40:56] --- PIPELINE COMPLETADO ---
[2026-08-13 07:40:56] fswatch detectó nuevo archivo: /Users/digitalspace/.openclaw/workspace/voice_exchange/input/alberth_voice_20260812_201930.wav
[2026-08-13 07:40:57] --- PIPELINE INICIADO (AUDIO): alberth_voice_20260812_201930.wav ---
[2026-08-13 07:40:57] PASO 1: Transcribiendo audio con Groq Whisper (Cloud)...
[2026-08-13 07:41:05] STT CLOUD OK → Transcripción: Thank you.
[2026-08-13 07:41:05] FILTRO: Transcripción descartada por ser basura/silencio: 'Thank you.'
[2026-08-13 07:41:05] fswatch detectó nuevo archivo: /Users/digitalspace/.openclaw/workspace/voice_exchange/input/alberth_voice_20260812_202128.wav
[2026-08-13 07:41:07] --- PIPELINE INICIADO (AUDIO): alberth_voice_20260812_202128.wav ---
[2026-08-13 07:41:07] PASO 1: Transcribiendo audio con Groq Whisper (Cloud)...
[2026-08-13 07:41:17] STT CLOUD OK → Transcripción: Transcribe the audio. Ya ven. De la bitácora de la tienda, por favor. Es no solo una. De la bitácora de la tienda. Y ahí... Pero verdad, es que... Tú le estás mandando directamente esta chica. Sí, yo como sé... A ver, tú mandame ahí, de bitácora de la tienda. De tal página de esto es... Ya lo envié. A la chica. A la chica. Pero mágame para no poder despejar a la chica. Por eso. Él tiene mucho. Yo como se fue. ¿Cuál? Vamos. Vamos. Vamos. Vamos. Vamos. Vamos. Vamos. Transcribe the audio.
[2026-08-13 07:41:17] FILTRO: Transcripción válida → 'Transcribe the audio. Ya ven. De la bitácora de la tienda, por favor. Es no solo una. De la bitácora de la tienda. Y ahí... Pero verdad, es que... Tú le estás mandando directamente esta chica. Sí, yo como sé... A ver, tú mandame ahí, de bitácora de la tienda. De tal página de esto es... Ya lo envié. A la chica. A la chica. Pero mágame para no poder despejar a la chica. Por eso. Él tiene mucho. Yo como se fue. ¿Cuál? Vamos. Vamos. Vamos. Vamos. Vamos. Vamos. Vamos. Transcribe the audio.'
[2026-08-13 07:41:17] PASO 1.5: Consultando Tálamo para clasificación semántica...
[Tálamo] Ollama OK → GENERAL_TALK
[2026-08-13 07:41:23] Tálamo → Tipo: GENERAL_TALK
[2026-08-13 07:41:23] PASO 2: Consultando al Agente Alberth...
[2026-08-13 07:41:23] Recuperando contexto de memoria persistente...
[2026-08-13 07:41:24] Memoria OK → Contexto recuperado (300 chars)
[2026-08-13 07:41:38] ERROR: Falló conexión con el agente. Usando fallback.
[2026-08-13 07:41:38] PASO 3: Generando audio de respuesta (TTS Premium edge-tts)...
[TTS-Premium] Sintetizando 94 caracteres con voz 'es-MX-JorgeNeural'...
[TTS-Premium] OK → Audio generado: alberth_voice_20260812_202128_response.mp3 (45 KB) | Voz: es-MX-JorgeNeural
[2026-08-13 07:41:40] TTS PREMIUM OK → Audio: /Users/digitalspace/.openclaw/workspace/voice_exchange/output/alberth_voice_20260812_202128_response.mp3 (edge-tts)
[2026-08-13 07:41:40] PASO 4: Reproduciendo respuesta...
[2026-08-13 07:41:50] --- PIPELINE COMPLETADO ---
[2026-08-13 07:41:50] fswatch detectó nuevo archivo: /Users/digitalspace/.openclaw/workspace/voice_exchange/input/alberth_voice_20260812_202232.wav
[2026-08-13 07:41:51] --- PIPELINE INICIADO (AUDIO): alberth_voice_20260812_202232.wav ---
[2026-08-13 07:41:51] PASO 1: Transcribiendo audio con Groq Whisper (Cloud)...
[2026-08-13 07:42:02] STT CLOUD OK → Transcripción: Thank you. Thank you. Thank you.
[2026-08-13 07:42:02] FILTRO: Transcripción válida → 'Thank you. Thank you. Thank you.'
[2026-08-13 07:42:02] PASO 1.5: Consultando Tálamo para clasificación semántica...
[Tálamo] Ollama OK → GENERAL_TALK
[2026-08-13 07:42:06] Tálamo → Tipo: GENERAL_TALK
[2026-08-13 07:42:06] PASO 2: Consultando al Agente Alberth...
[2026-08-13 07:42:06] Recuperando contexto de memoria persistente...
[2026-08-13 07:42:06] Memoria OK → Contexto recuperado (300 chars)
[2026-08-13 07:42:24] ERROR: Falló conexión con el agente. Usando fallback.
[2026-08-13 07:42:24] PASO 3: Generando audio de respuesta (TTS Premium edge-tts)...
[TTS-Premium] Sintetizando 94 caracteres con voz 'es-MX-JorgeNeural'...
[TTS-Premium] OK → Audio generado: alberth_voice_20260812_202232_response.mp3 (45 KB) | Voz: es-MX-JorgeNeural
[2026-08-13 07:42:28] TTS PREMIUM OK → Audio: /Users/digitalspace/.openclaw/workspace/voice_exchange/output/alberth_voice_20260812_202232_response.mp3 (edge-tts)
[2026-08-13 07:42:28] PASO 4: Reproduciendo respuesta...
[2026-08-13 07:42:38] --- PIPELINE COMPLETADO ---
[2026-08-13 07:42:38] fswatch detectó nuevo archivo: /Users/digitalspace/.openclaw/workspace/voice_exchange/input/alberth_voice_20260812_202235.wav
[2026-08-13 07:42:39] --- PIPELINE INICIADO (AUDIO): alberth_voice_20260812_202235.wav ---
[2026-08-13 07:42:39] PASO 1: Transcribiendo audio con Groq Whisper (Cloud)...
[2026-08-13 07:42:51] STT CLOUD OK → Transcripción: Thank you.
[2026-08-13 07:42:51] FILTRO: Transcripción descartada por ser basura/silencio: 'Thank you.'
[2026-08-13 07:42:51] fswatch detectó nuevo archivo: /Users/digitalspace/.openclaw/workspace/voice_exchange/input/alberth_voice_20260812_202248.wav
[2026-08-13 07:42:52] --- PIPELINE INICIADO (AUDIO): alberth_voice_20260812_202248.wav ---
[2026-08-13 07:42:52] PASO 1: Transcribiendo audio con Groq Whisper (Cloud)...
[2026-08-13 07:43:04] STT CLOUD OK → Transcripción: Thank you.
[2026-08-13 07:43:04] FILTRO: Transcripción descartada por ser basura/silencio: 'Thank you.'
[2026-08-13 07:43:04] fswatch detectó nuevo archivo: /Users/digitalspace/.openclaw/workspace/voice_exchange/input/alberth_voice_20260812_202252.wav
[2026-08-13 07:43:05] --- PIPELINE INICIADO (AUDIO): alberth_voice_20260812_202252.wav ---
[2026-08-13 07:43:05] PASO 1: Transcribiendo audio con Groq Whisper (Cloud)...
[2026-08-13 07:43:15] STT CLOUD OK → Transcripción: Thank you.
[2026-08-13 07:43:15] FILTRO: Transcripción descartada por ser basura/silencio: 'Thank you.'
[2026-08-13 07:43:15] fswatch detectó nuevo archivo: /Users/digitalspace/.openclaw/workspace/voice_exchange/input/alberth_voice_20260812_202322.wav
[2026-08-13 07:43:17] --- PIPELINE INICIADO (AUDIO): alberth_voice_20260812_202322.wav ---
[2026-08-13 07:43:17] PASO 1: Transcribiendo audio con Groq Whisper (Cloud)...
[2026-08-13 07:43:36] STT CLOUD OK → Transcripción: Thank you. Thank you.
[2026-08-13 07:43:36] FILTRO: Transcripción válida → 'Thank you. Thank you.'
[2026-08-13 07:43:36] PASO 1.5: Consultando Tálamo para clasificación semántica...
[Tálamo] Ollama OK → GENERAL_TALK
[2026-08-13 07:43:41] Tálamo → Tipo: GENERAL_TALK
[2026-08-13 07:43:41] PASO 2: Consultando al Agente Alberth...
[2026-08-13 07:43:41] Recuperando contexto de memoria persistente...
[2026-08-13 07:43:41] Memoria OK → Contexto recuperado (300 chars)
[2026-08-13 07:44:00] ERROR: Falló conexión con el agente. Usando fallback.
[2026-08-13 07:44:00] PASO 3: Generando audio de respuesta (TTS Premium edge-tts)...
[TTS-Premium] Sintetizando 94 caracteres con voz 'es-MX-JorgeNeural'...
[TTS-Premium] OK → Audio generado: alberth_voice_20260812_202322_response.mp3 (45 KB) | Voz: es-MX-JorgeNeural
[2026-08-13 07:44:03] TTS PREMIUM OK → Audio: /Users/digitalspace/.openclaw/workspace/voice_exchange/output/alberth_voice_20260812_202322_response.mp3 (edge-tts)
[2026-08-13 07:44:03] PASO 4: Reproduciendo respuesta...
[2026-08-13 07:44:13] --- PIPELINE COMPLETADO ---
[2026-08-13 07:44:13] fswatch detectó nuevo archivo: /Users/digitalspace/.openclaw/workspace/voice_exchange/input/alberth_voice_20260812_202335.wav
[2026-08-13 07:44:14] --- PIPELINE INICIADO (AUDIO): alberth_voice_20260812_202335.wav ---
[2026-08-13 07:44:15] PASO 1: Transcribiendo audio con Groq Whisper (Cloud)...
[2026-08-13 07:44:23] STT CLOUD OK → Transcripción: Thank you.
[2026-08-13 07:44:23] FILTRO: Transcripción descartada por ser basura/silencio: 'Thank you.'
[2026-08-13 07:44:23] fswatch detectó nuevo archivo: /Users/digitalspace/.openclaw/workspace/voice_exchange/input/alberth_voice_20260812_202346.wav
[2026-08-13 07:44:25] --- PIPELINE INICIADO (AUDIO): alberth_voice_20260812_202346.wav ---
[2026-08-13 07:44:25] PASO 1: Transcribiendo audio con Groq Whisper (Cloud)...
[2026-08-13 07:44:35] STT CLOUD OK → Transcripción: Thank you.
[2026-08-13 07:44:35] FILTRO: Transcripción descartada por ser basura/silencio: 'Thank you.'
[2026-08-13 07:44:35] fswatch detectó nuevo archivo: /Users/digitalspace/.openclaw/workspace/voice_exchange/input/alberth_voice_20260812_202406.wav
[2026-08-13 07:44:37] --- PIPELINE INICIADO (AUDIO): alberth_voice_20260812_202406.wav ---
[2026-08-13 07:44:37] PASO 1: Transcribiendo audio con Groq Whisper (Cloud)...
[2026-08-13 07:44:46] STT CLOUD OK → Transcripción: Thank you.
[2026-08-13 07:44:46] FILTRO: Transcripción descartada por ser basura/silencio: 'Thank you.'
[2026-08-13 07:44:46] fswatch detectó nuevo archivo: /Users/digitalspace/.openclaw/workspace/voice_exchange/input/alberth_voice_20260812_202422.wav
[2026-08-13 07:44:48] --- PIPELINE INICIADO (AUDIO): alberth_voice_20260812_202422.wav ---
[2026-08-13 07:44:48] PASO 1: Transcribiendo audio con Groq Whisper (Cloud)...
[2026-08-13 07:44:57] STT CLOUD OK → Transcripción: Thank you.
[2026-08-13 07:44:57] FILTRO: Transcripción descartada por ser basura/silencio: 'Thank you.'
[2026-08-13 07:44:57] fswatch detectó nuevo archivo: /Users/digitalspace/.openclaw/workspace/voice_exchange/input/alberth_voice_20260812_202433.wav
[2026-08-13 07:44:59] --- PIPELINE INICIADO (AUDIO): alberth_voice_20260812_202433.wav ---
[2026-08-13 07:44:59] PASO 1: Transcribiendo audio con Groq Whisper (Cloud)...
[2026-08-13 07:45:09] STT CLOUD OK → Transcripción: Thank you.
[2026-08-13 07:45:09] FILTRO: Transcripción descartada por ser basura/silencio: 'Thank you.'
[2026-08-13 07:45:09] fswatch detectó nuevo archivo: /Users/digitalspace/.openclaw/workspace/voice_exchange/input/alberth_voice_20260812_202441.wav
[2026-08-13 07:45:11] --- PIPELINE INICIADO (AUDIO): alberth_voice_20260812_202441.wav ---
[2026-08-13 07:45:11] PASO 1: Transcribiendo audio con Groq Whisper (Cloud)...
[2026-08-13 07:45:24] STT CLOUD OK → Transcripción: Thank you.
[2026-08-13 07:45:25] FILTRO: Transcripción descartada por ser basura/silencio: 'Thank you.'
[2026-08-13 07:45:25] fswatch detectó nuevo archivo: /Users/digitalspace/.openclaw/workspace/voice_exchange/input/alberth_voice_20260812_202447.wav
[2026-08-13 07:45:26] --- PIPELINE INICIADO (AUDIO): alberth_voice_20260812_202447.wav ---
[2026-08-13 07:45:26] PASO 1: Transcribiendo audio con Groq Whisper (Cloud)...
[2026-08-13 07:45:38] STT CLOUD OK → Transcripción: Thank you.
[2026-08-13 07:45:38] FILTRO: Transcripción descartada por ser basura/silencio: 'Thank you.'
[2026-08-13 07:45:38] fswatch detectó nuevo archivo: /Users/digitalspace/.openclaw/workspace/voice_exchange/input/alberth_voice_20260812_202456.wav
[2026-08-13 07:45:40] --- PIPELINE INICIADO (AUDIO): alberth_voice_20260812_202456.wav ---
[2026-08-13 07:45:40] PASO 1: Transcribiendo audio con Groq Whisper (Cloud)...
[2026-08-13 07:45:52] STT CLOUD OK → Transcripción: Thank you.
[2026-08-13 07:45:52] FILTRO: Transcripción descartada por ser basura/silencio: 'Thank you.'
[2026-08-13 07:45:52] fswatch detectó nuevo archivo: /Users/digitalspace/.openclaw/workspace/voice_exchange/input/alberth_voice_20260812_202500.wav
[2026-08-13 07:45:53] --- PIPELINE INICIADO (AUDIO): alberth_voice_20260812_202500.wav ---
[2026-08-13 07:45:53] PASO 1: Transcribiendo audio con Groq Whisper (Cloud)...
[2026-08-13 07:46:05] STT CLOUD OK → Transcripción: Thank you.
[2026-08-13 07:46:06] FILTRO: Transcripción descartada por ser basura/silencio: 'Thank you.'
[2026-08-13 07:46:06] fswatch detectó nuevo archivo: /Users/digitalspace/.openclaw/workspace/voice_exchange/input/alberth_voice_20260812_202518.wav
[2026-08-13 07:46:07] --- PIPELINE INICIADO (AUDIO): alberth_voice_20260812_202518.wav ---
[2026-08-13 07:46:07] PASO 1: Transcribiendo audio con Groq Whisper (Cloud)...
[2026-08-13 07:46:19] STT CLOUD OK → Transcripción: Thank you.
[2026-08-13 07:46:19] FILTRO: Transcripción descartada por ser basura/silencio: 'Thank you.'
[2026-08-13 07:46:20] fswatch detectó nuevo archivo: /Users/digitalspace/.openclaw/workspace/voice_exchange/input/alberth_voice_20260812_202543.wav
[2026-08-13 07:46:21] --- PIPELINE INICIADO (AUDIO): alberth_voice_20260812_202543.wav ---
[2026-08-13 07:46:21] PASO 1: Transcribiendo audio con Groq Whisper (Cloud)...
[2026-08-13 07:46:36] STT CLOUD OK → Transcripción: Thank you.
[2026-08-13 07:46:36] FILTRO: Transcripción descartada por ser basura/silencio: 'Thank you.'
[2026-08-13 07:46:36] fswatch detectó nuevo archivo: /Users/digitalspace/.openclaw/workspace/voice_exchange/input/alberth_voice_20260812_202545.wav
[2026-08-13 07:46:37] --- PIPELINE INICIADO (AUDIO): alberth_voice_20260812_202545.wav ---
[2026-08-13 07:46:37] PASO 1: Transcribiendo audio con Groq Whisper (Cloud)...
[2026-08-13 07:46:50] STT CLOUD OK → Transcripción: Thank you.
[2026-08-13 07:46:50] FILTRO: Transcripción descartada por ser basura/silencio: 'Thank you.'
[2026-08-13 07:46:50] fswatch detectó nuevo archivo: /Users/digitalspace/.openclaw/workspace/voice_exchange/input/alberth_voice_20260812_202550.wav
[2026-08-13 07:46:51] --- PIPELINE INICIADO (AUDIO): alberth_voice_20260812_202550.wav ---
[2026-08-13 07:46:52] PASO 1: Transcribiendo audio con Groq Whisper (Cloud)...
[2026-08-13 07:47:03] STT CLOUD OK → Transcripción: Thank you.
[2026-08-13 07:47:03] FILTRO: Transcripción descartada por ser basura/silencio: 'Thank you.'
[2026-08-13 07:47:03] fswatch detectó nuevo archivo: /Users/digitalspace/.openclaw/workspace/voice_exchange/input/alberth_voice_20260812_202601.wav
[2026-08-13 07:47:04] --- PIPELINE INICIADO (AUDIO): alberth_voice_20260812_202601.wav ---
[2026-08-13 07:47:04] PASO 1: Transcribiendo audio con Groq Whisper (Cloud)...
[2026-08-13 07:47:17] STT CLOUD OK → Transcripción: Thank you.
[2026-08-13 07:47:18] FILTRO: Transcripción descartada por ser basura/silencio: 'Thank you.'
[2026-08-13 07:47:18] fswatch detectó nuevo archivo: /Users/digitalspace/.openclaw/workspace/voice_exchange/input/alberth_voice_20260812_202612.wav
[2026-08-13 07:47:19] --- PIPELINE INICIADO (AUDIO): alberth_voice_20260812_202612.wav ---
[2026-08-13 07:47:19] PASO 1: Transcribiendo audio con Groq Whisper (Cloud)...
[2026-08-13 07:47:33] STT CLOUD OK → Transcripción: Thank you.
[2026-08-13 07:47:33] FILTRO: Transcripción descartada por ser basura/silencio: 'Thank you.'
[2026-08-13 07:47:33] fswatch detectó nuevo archivo: /Users/digitalspace/.openclaw/workspace/voice_exchange/input/alberth_voice_20260812_202633.wav
[2026-08-13 07:47:34] --- PIPELINE INICIADO (AUDIO): alberth_voice_20260812_202633.wav ---
[2026-08-13 07:47:34] PASO 1: Transcribiendo audio con Groq Whisper (Cloud)...
[2026-08-13 07:47:46] STT CLOUD OK → Transcripción: Thank you.
[2026-08-13 07:47:46] FILTRO: Transcripción descartada por ser basura/silencio: 'Thank you.'
[2026-08-13 07:47:46] fswatch detectó nuevo archivo: /Users/digitalspace/.openclaw/workspace/voice_exchange/input/alberth_voice_20260812_202654.wav
[2026-08-13 07:47:47] --- PIPELINE INICIADO (AUDIO): alberth_voice_20260812_202654.wav ---
[2026-08-13 07:47:47] PASO 1: Transcribiendo audio con Groq Whisper (Cloud)...
[2026-08-13 07:47:58] STT CLOUD OK → Transcripción: Thank you.
[2026-08-13 07:47:58] FILTRO: Transcripción descartada por ser basura/silencio: 'Thank you.'
[2026-08-13 07:47:59] fswatch detectó nuevo archivo: /Users/digitalspace/.openclaw/workspace/voice_exchange/input/alberth_voice_20260812_202702.wav
[2026-08-13 07:48:00] --- PIPELINE INICIADO (AUDIO): alberth_voice_20260812_202702.wav ---
[2026-08-13 07:48:00] PASO 1: Transcribiendo audio con Groq Whisper (Cloud)...
[2026-08-13 07:48:11] STT CLOUD OK → Transcripción: Thank you.
[2026-08-13 07:48:11] FILTRO: Transcripción descartada por ser basura/silencio: 'Thank you.'
[2026-08-13 07:48:11] fswatch detectó nuevo archivo: /Users/digitalspace/.openclaw/workspace/voice_exchange/input/alberth_voice_20260812_202716.wav
[2026-08-13 07:48:12] --- PIPELINE INICIADO (AUDIO): alberth_voice_20260812_202716.wav ---
[2026-08-13 07:48:12] PASO 1: Transcribiendo audio con Groq Whisper (Cloud)...
[2026-08-13 07:48:24] STT CLOUD OK → Transcripción: Thank you.
[2026-08-13 07:48:25] FILTRO: Transcripción descartada por ser basura/silencio: 'Thank you.'
[2026-08-13 07:48:25] fswatch detectó nuevo archivo: /Users/digitalspace/.openclaw/workspace/voice_exchange/input/alberth_voice_20260812_202733.wav
[2026-08-13 07:48:26] --- PIPELINE INICIADO (AUDIO): alberth_voice_20260812_202733.wav ---
[2026-08-13 07:48:26] PASO 1: Transcribiendo audio con Groq Whisper (Cloud)...
[2026-08-13 07:48:56] STT CLOUD OK → Transcripción: Thank you.
[2026-08-13 07:48:56] FILTRO: Transcripción descartada por ser basura/silencio: 'Thank you.'
[2026-08-13 07:48:56] fswatch detectó nuevo archivo: /Users/digitalspace/.openclaw/workspace/voice_exchange/input/alberth_voice_20260812_202742.wav
[2026-08-13 07:48:58] --- PIPELINE INICIADO (AUDIO): alberth_voice_20260812_202742.wav ---
[2026-08-13 07:48:58] PASO 1: Transcribiendo audio con Groq Whisper (Cloud)...
[2026-08-13 07:49:09] STT CLOUD OK → Transcripción: Thank you.
[2026-08-13 07:49:09] FILTRO: Transcripción descartada por ser basura/silencio: 'Thank you.'
[2026-08-13 07:49:10] fswatch detectó nuevo archivo: /Users/digitalspace/.openclaw/workspace/voice_exchange/input/alberth_voice_20260812_202812.wav
[2026-08-13 07:49:11] --- PIPELINE INICIADO (AUDIO): alberth_voice_20260812_202812.wav ---
[2026-08-13 07:49:11] PASO 1: Transcribiendo audio con Groq Whisper (Cloud)...
[2026-08-13 07:49:22] STT CLOUD OK → Transcripción: Thank you.
[2026-08-13 07:49:22] FILTRO: Transcripción descartada por ser basura/silencio: 'Thank you.'
[2026-08-13 07:49:22] fswatch detectó nuevo archivo: /Users/digitalspace/.openclaw/workspace/voice_exchange/input/alberth_voice_20260812_202839.wav
[2026-08-13 07:49:23] --- PIPELINE INICIADO (AUDIO): alberth_voice_20260812_202839.wav ---
[2026-08-13 07:49:23] PASO 1: Transcribiendo audio con Groq Whisper (Cloud)...
[2026-08-13 07:49:34] STT CLOUD OK → Transcripción: Thank you.
[2026-08-13 07:49:34] FILTRO: Transcripción descartada por ser basura/silencio: 'Thank you.'
[2026-08-13 07:49:34] fswatch detectó nuevo archivo: /Users/digitalspace/.openclaw/workspace/voice_exchange/input/alberth_voice_20260812_202908.wav
[2026-08-13 07:49:36] --- PIPELINE INICIADO (AUDIO): alberth_voice_20260812_202908.wav ---
[2026-08-13 07:49:36] PASO 1: Transcribiendo audio con Groq Whisper (Cloud)...
[2026-08-13 07:49:47] STT CLOUD OK → Transcripción: Thank you.
[2026-08-13 07:49:48] FILTRO: Transcripción descartada por ser basura/silencio: 'Thank you.'
[2026-08-13 07:49:48] fswatch detectó nuevo archivo: /Users/digitalspace/.openclaw/workspace/voice_exchange/input/alberth_voice_20260812_202925.wav
[2026-08-13 07:49:49] --- PIPELINE INICIADO (AUDIO): alberth_voice_20260812_202925.wav ---
[2026-08-13 07:49:49] PASO 1: Transcribiendo audio con Groq Whisper (Cloud)...
[2026-08-13 07:50:00] STT CLOUD OK → Transcripción: Thank you.
[2026-08-13 07:50:00] FILTRO: Transcripción descartada por ser basura/silencio: 'Thank you.'
[2026-08-13 07:50:00] fswatch detectó nuevo archivo: /Users/digitalspace/.openclaw/workspace/voice_exchange/input/alberth_voice_20260812_202946.wav
[2026-08-13 07:50:01] --- PIPELINE INICIADO (AUDIO): alberth_voice_20260812_202946.wav ---
[2026-08-13 07:50:01] PASO 1: Transcribiendo audio con Groq Whisper (Cloud)...
[2026-08-13 07:50:23] STT CLOUD OK → Transcripción: Thank you.
[2026-08-13 07:50:23] FILTRO: Transcripción descartada por ser basura/silencio: 'Thank you.'
[2026-08-13 07:50:23] fswatch detectó nuevo archivo: /Users/digitalspace/.openclaw/workspace/voice_exchange/input/alberth_voice_20260812_203016.wav
[2026-08-13 07:50:24] --- PIPELINE INICIADO (AUDIO): alberth_voice_20260812_203016.wav ---
[2026-08-13 07:50:25] PASO 1: Transcribiendo audio con Groq Whisper (Cloud)...
[2026-08-13 07:50:35] STT CLOUD OK → Transcripción: Thank you.
[2026-08-13 07:50:35] FILTRO: Transcripción descartada por ser basura/silencio: 'Thank you.'
[2026-08-13 07:50:35] fswatch detectó nuevo archivo: /Users/digitalspace/.openclaw/workspace/voice_exchange/input/alberth_voice_20260812_203022.wav
[2026-08-13 07:50:37] --- PIPELINE INICIADO (AUDIO): alberth_voice_20260812_203022.wav ---
[2026-08-13 07:50:37] PASO 1: Transcribiendo audio con Groq Whisper (Cloud)...
[2026-08-13 07:50:46] STT CLOUD OK → Transcripción: Thank you.
[2026-08-13 07:50:47] FILTRO: Transcripción descartada por ser basura/silencio: 'Thank you.'
[2026-08-13 07:50:47] fswatch detectó nuevo archivo: /Users/digitalspace/.openclaw/workspace/voice_exchange/input/alberth_voice_20260812_203033.wav
[2026-08-13 07:50:48] --- PIPELINE INICIADO (AUDIO): alberth_voice_20260812_203033.wav ---
[2026-08-13 07:50:48] PASO 1: Transcribiendo audio con Groq Whisper (Cloud)...
[2026-08-13 07:50:58] STT CLOUD OK → Transcripción: Thank you.
[2026-08-13 07:50:58] FILTRO: Transcripción descartada por ser basura/silencio: 'Thank you.'
[2026-08-13 07:50:58] fswatch detectó nuevo archivo: /Users/digitalspace/.openclaw/workspace/voice_exchange/input/alberth_voice_20260812_203054.wav
[2026-08-13 07:51:00] --- PIPELINE INICIADO (AUDIO): alberth_voice_20260812_203054.wav ---
[2026-08-13 07:51:00] PASO 1: Transcribiendo audio con Groq Whisper (Cloud)...
[2026-08-13 07:51:12] STT CLOUD OK → Transcripción: Thank you.
[2026-08-13 07:51:12] FILTRO: Transcripción descartada por ser basura/silencio: 'Thank you.'
[2026-08-13 07:51:12] fswatch detectó nuevo archivo: /Users/digitalspace/.openclaw/workspace/voice_exchange/input/alberth_voice_20260812_203124.wav
[2026-08-13 07:51:13] --- PIPELINE INICIADO (AUDIO): alberth_voice_20260812_203124.wav ---
[2026-08-13 07:51:13] PASO 1: Transcribiendo audio con Groq Whisper (Cloud)...
[2026-08-13 07:51:23] STT CLOUD OK → Transcripción: Transcribe the audio.
[2026-08-13 07:51:23] FILTRO: Transcripción válida → 'Transcribe the audio.'
[2026-08-13 07:51:24] PASO 1.5: Consultando Tálamo para clasificación semántica...
[Tálamo] Ollama OK → GENERAL_TALK
[2026-08-13 07:51:48] Tálamo → Tipo: GENERAL_TALK
[2026-08-13 07:51:48] PASO 2: Consultando al Agente Alberth...
[2026-08-13 07:51:48] Recuperando contexto de memoria persistente...
[2026-08-13 07:51:49] Memoria OK → Contexto recuperado (300 chars)
[2026-08-13 07:52:13] ERROR: Falló conexión con el agente. Usando fallback.
[2026-08-13 07:52:13] PASO 3: Generando audio de respuesta (TTS Premium edge-tts)...
[TTS-Premium] Sintetizando 94 caracteres con voz 'es-MX-JorgeNeural'...
[TTS-Premium] OK → Audio generado: alberth_voice_20260812_203124_response.mp3 (45 KB) | Voz: es-MX-JorgeNeural
[2026-08-13 07:52:15] TTS PREMIUM OK → Audio: /Users/digitalspace/.openclaw/workspace/voice_exchange/output/alberth_voice_20260812_203124_response.mp3 (edge-tts)
[2026-08-13 07:52:15] PASO 4: Reproduciendo respuesta...
[2026-08-13 07:52:26] --- PIPELINE COMPLETADO ---
[2026-08-13 07:52:26] fswatch detectó nuevo archivo: /Users/digitalspace/.openclaw/workspace/voice_exchange/input/alberth_voice_20260812_203138.wav
[2026-08-13 07:52:27] --- PIPELINE INICIADO (AUDIO): alberth_voice_20260812_203138.wav ---
[2026-08-13 07:52:27] PASO 1: Transcribiendo audio con Groq Whisper (Cloud)...
[2026-08-13 07:52:39] STT CLOUD OK → Transcripción: Thank you.
[2026-08-13 07:52:39] FILTRO: Transcripción descartada por ser basura/silencio: 'Thank you.'
[2026-08-13 07:52:39] fswatch detectó nuevo archivo: /Users/digitalspace/.openclaw/workspace/voice_exchange/input/alberth_voice_20260812_203142.wav
[2026-08-13 07:52:40] --- PIPELINE INICIADO (AUDIO): alberth_voice_20260812_203142.wav ---
[2026-08-13 07:52:40] PASO 1: Transcribiendo audio con Groq Whisper (Cloud)...
[2026-08-13 07:52:52] STT CLOUD OK → Transcripción: Thank you.
[2026-08-13 07:52:52] FILTRO: Transcripción descartada por ser basura/silencio: 'Thank you.'
[2026-08-13 07:52:52] fswatch detectó nuevo archivo: /Users/digitalspace/.openclaw/workspace/voice_exchange/input/alberth_voice_20260812_203147.wav
[2026-08-13 07:52:53] --- PIPELINE INICIADO (AUDIO): alberth_voice_20260812_203147.wav ---
[2026-08-13 07:52:53] PASO 1: Transcribiendo audio con Groq Whisper (Cloud)...
[2026-08-13 07:53:03] STT CLOUD OK → Transcripción: Thank you.
[2026-08-13 07:53:03] FILTRO: Transcripción descartada por ser basura/silencio: 'Thank you.'
[2026-08-13 07:53:03] fswatch detectó nuevo archivo: /Users/digitalspace/.openclaw/workspace/voice_exchange/input/alberth_voice_20260812_203152.wav
[2026-08-13 07:53:05] --- PIPELINE INICIADO (AUDIO): alberth_voice_20260812_203152.wav ---
[2026-08-13 07:53:05] PASO 1: Transcribiendo audio con Groq Whisper (Cloud)...
[2026-08-13 07:53:12] STT CLOUD OK → Transcripción: Thank you.
[2026-08-13 07:53:13] FILTRO: Transcripción descartada por ser basura/silencio: 'Thank you.'
[2026-08-13 07:53:13] fswatch detectó nuevo archivo: /Users/digitalspace/.openclaw/workspace/voice_exchange/input/alberth_voice_20260812_203157.wav
[2026-08-13 07:53:14] --- PIPELINE INICIADO (AUDIO): alberth_voice_20260812_203157.wav ---
[2026-08-13 07:53:14] PASO 1: Transcribiendo audio con Groq Whisper (Cloud)...
[2026-08-13 07:53:23] STT CLOUD OK → Transcripción: Thank you.
[2026-08-13 07:53:23] FILTRO: Transcripción descartada por ser basura/silencio: 'Thank you.'
[2026-08-13 07:53:23] fswatch detectó nuevo archivo: /Users/digitalspace/.openclaw/workspace/voice_exchange/input/alberth_voice_20260812_203216.wav
[2026-08-13 07:53:25] --- PIPELINE INICIADO (AUDIO): alberth_voice_20260812_203216.wav ---
[2026-08-13 07:53:25] PASO 1: Transcribiendo audio con Groq Whisper (Cloud)...
[2026-08-13 07:53:34] STT CLOUD OK → Transcripción: Thank you.
[2026-08-13 07:53:34] FILTRO: Transcripción descartada por ser basura/silencio: 'Thank you.'
[2026-08-13 07:53:34] fswatch detectó nuevo archivo: /Users/digitalspace/.openclaw/workspace/voice_exchange/input/alberth_voice_20260812_203226.wav
[2026-08-13 07:53:36] --- PIPELINE INICIADO (AUDIO): alberth_voice_20260812_203226.wav ---
[2026-08-13 07:53:36] PASO 1: Transcribiendo audio con Groq Whisper (Cloud)...
[2026-08-13 07:53:45] STT CLOUD OK → Transcripción: Thank you.
[2026-08-13 07:53:45] FILTRO: Transcripción descartada por ser basura/silencio: 'Thank you.'
[2026-08-13 07:53:45] fswatch detectó nuevo archivo: /Users/digitalspace/.openclaw/workspace/voice_exchange/input/alberth_voice_20260812_203258.wav
[2026-08-13 07:53:46] --- PIPELINE INICIADO (AUDIO): alberth_voice_20260812_203258.wav ---
[2026-08-13 07:53:46] PASO 1: Transcribiendo audio con Groq Whisper (Cloud)...
[2026-08-13 07:54:00] STT CLOUD OK → Transcripción: Thank you.
[2026-08-13 07:54:00] FILTRO: Transcripción descartada por ser basura/silencio: 'Thank you.'
[2026-08-13 07:54:00] fswatch detectó nuevo archivo: /Users/digitalspace/.openclaw/workspace/voice_exchange/input/alberth_voice_20260812_203307.wav
[2026-08-13 07:54:01] --- PIPELINE INICIADO (AUDIO): alberth_voice_20260812_203307.wav ---
[2026-08-13 07:54:01] PASO 1: Transcribiendo audio con Groq Whisper (Cloud)...
[2026-08-13 07:54:11] STT CLOUD OK → Transcripción: Thank you.
[2026-08-13 07:54:11] FILTRO: Transcripción descartada por ser basura/silencio: 'Thank you.'
[2026-08-13 07:54:11] fswatch detectó nuevo archivo: /Users/digitalspace/.openclaw/workspace/voice_exchange/input/alberth_voice_20260812_203356.wav
[2026-08-13 07:54:12] --- PIPELINE INICIADO (AUDIO): alberth_voice_20260812_203356.wav ---
[2026-08-13 07:54:13] PASO 1: Transcribiendo audio con Groq Whisper (Cloud)...
[2026-08-13 07:54:30] STT CLOUD OK → Transcripción: Thank you. Thank you.
[2026-08-13 07:54:30] FILTRO: Transcripción válida → 'Thank you. Thank you.'
[2026-08-13 07:54:30] PASO 1.5: Consultando Tálamo para clasificación semántica...
[Tálamo] Ollama OK → GENERAL_TALK
[2026-08-13 07:54:34] Tálamo → Tipo: GENERAL_TALK
[2026-08-13 07:54:34] PASO 2: Consultando al Agente Alberth...
[2026-08-13 07:54:34] Recuperando contexto de memoria persistente...
[2026-08-13 07:54:34] Memoria OK → Contexto recuperado (300 chars)
[2026-08-13 07:54:53] ERROR: Falló conexión con el agente. Usando fallback.
[2026-08-13 07:54:53] PASO 3: Generando audio de respuesta (TTS Premium edge-tts)...
[TTS-Premium] Sintetizando 94 caracteres con voz 'es-MX-JorgeNeural'...
[TTS-Premium] OK → Audio generado: alberth_voice_20260812_203356_response.mp3 (45 KB) | Voz: es-MX-JorgeNeural
[2026-08-13 07:54:55] TTS PREMIUM OK → Audio: /Users/digitalspace/.openclaw/workspace/voice_exchange/output/alberth_voice_20260812_203356_response.mp3 (edge-tts)
[2026-08-13 07:54:55] PASO 4: Reproduciendo respuesta...
[2026-08-13 07:55:05] --- PIPELINE COMPLETADO ---
[2026-08-13 07:55:06] fswatch detectó nuevo archivo: /Users/digitalspace/.openclaw/workspace/voice_exchange/input/alberth_voice_20260812_203506.wav
[2026-08-13 07:55:07] --- PIPELINE INICIADO (AUDIO): alberth_voice_20260812_203506.wav ---
[2026-08-13 07:55:07] PASO 1: Transcribiendo audio con Groq Whisper (Cloud)...
[2026-08-13 07:55:26] STT CLOUD OK → Transcripción: Thank you. Thank you. Thank you.
[2026-08-13 07:55:26] FILTRO: Transcripción válida → 'Thank you. Thank you. Thank you.'
[2026-08-13 07:55:27] PASO 1.5: Consultando Tálamo para clasificación semántica...
[Tálamo] Ollama OK → GENERAL_TALK
[2026-08-13 07:55:31] Tálamo → Tipo: GENERAL_TALK
[2026-08-13 07:55:31] PASO 2: Consultando al Agente Alberth...
[2026-08-13 07:55:31] Recuperando contexto de memoria persistente...
[2026-08-13 07:55:31] Memoria OK → Contexto recuperado (300 chars)
[2026-08-13 07:55:50] ERROR: Falló conexión con el agente. Usando fallback.
[2026-08-13 07:55:50] PASO 3: Generando audio de respuesta (TTS Premium edge-tts)...
[TTS-Premium] Sintetizando 94 caracteres con voz 'es-MX-JorgeNeural'...
[TTS-Premium] OK → Audio generado: alberth_voice_20260812_203506_response.mp3 (45 KB) | Voz: es-MX-JorgeNeural
[2026-08-13 07:55:52] TTS PREMIUM OK → Audio: /Users/digitalspace/.openclaw/workspace/voice_exchange/output/alberth_voice_20260812_203506_response.mp3 (edge-tts)
[2026-08-13 07:55:52] PASO 4: Reproduciendo respuesta...
[2026-08-13 07:56:02] --- PIPELINE COMPLETADO ---
[2026-08-13 07:56:02] fswatch detectó nuevo archivo: /Users/digitalspace/.openclaw/workspace/voice_exchange/input/alberth_voice_20260812_203517.wav
[2026-08-13 07:56:03] --- PIPELINE INICIADO (AUDIO): alberth_voice_20260812_203517.wav ---
[2026-08-13 07:56:03] PASO 1: Transcribiendo audio con Groq Whisper (Cloud)...
[2026-08-13 07:56:15] STT CLOUD OK → Transcripción: Thank you.
[2026-08-13 07:56:15] FILTRO: Transcripción descartada por ser basura/silencio: 'Thank you.'
[2026-08-13 07:56:15] fswatch detectó nuevo archivo: /Users/digitalspace/.openclaw/workspace/voice_exchange/input/alberth_voice_20260812_203524.wav
[2026-08-13 07:56:17] --- PIPELINE INICIADO (AUDIO): alberth_voice_20260812_203524.wav ---
[2026-08-13 07:56:17] PASO 1: Transcribiendo audio con Groq Whisper (Cloud)...
[2026-08-13 07:56:27] STT CLOUD OK → Transcripción: Thank you.
[2026-08-13 07:56:27] FILTRO: Transcripción descartada por ser basura/silencio: 'Thank you.'
[2026-08-13 07:56:27] fswatch detectó nuevo archivo: /Users/digitalspace/.openclaw/workspace/voice_exchange/input/alberth_voice_20260812_203529.wav
[2026-08-13 07:56:28] --- PIPELINE INICIADO (AUDIO): alberth_voice_20260812_203529.wav ---
[2026-08-13 07:56:29] PASO 1: Transcribiendo audio con Groq Whisper (Cloud)...
[2026-08-13 07:56:42] STT CLOUD OK → Transcripción: Thank you.
[2026-08-13 07:56:43] FILTRO: Transcripción descartada por ser basura/silencio: 'Thank you.'
[2026-08-13 07:56:43] fswatch detectó nuevo archivo: /Users/digitalspace/.openclaw/workspace/voice_exchange/input/alberth_voice_20260812_203543.wav
[2026-08-13 07:56:44] --- PIPELINE INICIADO (AUDIO): alberth_voice_20260812_203543.wav ---
[2026-08-13 07:56:44] PASO 1: Transcribiendo audio con Groq Whisper (Cloud)...
[2026-08-13 07:57:02] STT CLOUD OK → Transcripción: Thank you.
[2026-08-13 07:57:03] FILTRO: Transcripción descartada por ser basura/silencio: 'Thank you.'
[2026-08-13 07:57:03] fswatch detectó nuevo archivo: /Users/digitalspace/.openclaw/workspace/voice_exchange/input/alberth_voice_20260812_203543.wav
[2026-08-13 07:57:04] fswatch detectó nuevo archivo: /Users/digitalspace/.openclaw/workspace/voice_exchange/input/alberth_voice_20260812_203548.wav
[2026-08-13 07:57:05] --- PIPELINE INICIADO (AUDIO): alberth_voice_20260812_203548.wav ---
[2026-08-13 07:57:05] PASO 1: Transcribiendo audio con Groq Whisper (Cloud)...
[2026-08-13 07:57:17] STT CLOUD OK → Transcripción: Thank you.
[2026-08-13 07:57:17] FILTRO: Transcripción descartada por ser basura/silencio: 'Thank you.'
[2026-08-13 07:57:17] fswatch detectó nuevo archivo: /Users/digitalspace/.openclaw/workspace/voice_exchange/input/alberth_voice_20260812_203553.wav
[2026-08-13 07:57:19] --- PIPELINE INICIADO (AUDIO): alberth_voice_20260812_203553.wav ---
[2026-08-13 07:57:19] PASO 1: Transcribiendo audio con Groq Whisper (Cloud)...
[2026-08-13 07:57:30] STT CLOUD OK → Transcripción: Thank you.
[2026-08-13 07:57:30] FILTRO: Transcripción descartada por ser basura/silencio: 'Thank you.'
[2026-08-13 07:57:30] fswatch detectó nuevo archivo: /Users/digitalspace/.openclaw/workspace/voice_exchange/input/alberth_voice_20260812_203600.wav
[2026-08-13 07:57:31] --- PIPELINE INICIADO (AUDIO): alberth_voice_20260812_203600.wav ---
[2026-08-13 07:57:31] PASO 1: Transcribiendo audio con Groq Whisper (Cloud)...
[2026-08-13 07:57:41] STT CLOUD OK → Transcripción: Thank you.
[2026-08-13 07:57:41] FILTRO: Transcripción descartada por ser basura/silencio: 'Thank you.'
[2026-08-13 07:57:41] fswatch detectó nuevo archivo: /Users/digitalspace/.openclaw/workspace/voice_exchange/input/alberth_voice_20260812_203615.wav
[2026-08-13 07:57:43] --- PIPELINE INICIADO (AUDIO): alberth_voice_20260812_203615.wav ---
[2026-08-13 07:57:43] PASO 1: Transcribiendo audio con Groq Whisper (Cloud)...
[2026-08-13 07:57:53] STT CLOUD OK → Transcripción: Thank you.
[2026-08-13 07:57:53] FILTRO: Transcripción descartada por ser basura/silencio: 'Thank you.'
[2026-08-13 07:57:53] fswatch detectó nuevo archivo: /Users/digitalspace/.openclaw/workspace/voice_exchange/input/alberth_voice_20260812_203633.wav
[2026-08-13 07:57:55] --- PIPELINE INICIADO (AUDIO): alberth_voice_20260812_203633.wav ---
[2026-08-13 07:57:55] PASO 1: Transcribiendo audio con Groq Whisper (Cloud)...
[2026-08-13 07:58:06] STT CLOUD OK → Transcripción: Thank you.
[2026-08-13 07:58:06] FILTRO: Transcripción descartada por ser basura/silencio: 'Thank you.'
[2026-08-13 07:58:06] fswatch detectó nuevo archivo: /Users/digitalspace/.openclaw/workspace/voice_exchange/input/alberth_voice_20260812_203701.wav
[2026-08-13 07:58:08] --- PIPELINE INICIADO (AUDIO): alberth_voice_20260812_203701.wav ---
[2026-08-13 07:58:08] PASO 1: Transcribiendo audio con Groq Whisper (Cloud)...
[2026-08-13 07:58:18] STT CLOUD OK → Transcripción: Thank you.
[2026-08-13 07:58:18] FILTRO: Transcripción descartada por ser basura/silencio: 'Thank you.'
[2026-08-13 07:58:18] fswatch detectó nuevo archivo: /Users/digitalspace/.openclaw/workspace/voice_exchange/input/alberth_voice_20260812_203709.wav
[2026-08-13 07:58:19] --- PIPELINE INICIADO (AUDIO): alberth_voice_20260812_203709.wav ---
[2026-08-13 07:58:20] PASO 1: Transcribiendo audio con Groq Whisper (Cloud)...
[2026-08-13 07:58:28] STT CLOUD OK → Transcripción: Thank you.
[2026-08-13 07:58:28] FILTRO: Transcripción descartada por ser basura/silencio: 'Thank you.'
[2026-08-13 07:58:28] fswatch detectó nuevo archivo: /Users/digitalspace/.openclaw/workspace/voice_exchange/input/alberth_voice_20260812_203740.wav
[2026-08-13 07:58:30] --- PIPELINE INICIADO (AUDIO): alberth_voice_20260812_203740.wav ---
[2026-08-13 07:58:30] PASO 1: Transcribiendo audio con Groq Whisper (Cloud)...
[2026-08-13 07:58:44] STT CLOUD OK → Transcripción: Thank you.
[2026-08-13 07:58:44] FILTRO: Transcripción descartada por ser basura/silencio: 'Thank you.'
[2026-08-13 07:58:44] fswatch detectó nuevo archivo: /Users/digitalspace/.openclaw/workspace/voice_exchange/input/alberth_voice_20260812_203805.wav
[2026-08-13 07:58:46] --- PIPELINE INICIADO (AUDIO): alberth_voice_20260812_203805.wav ---
[2026-08-13 07:58:46] PASO 1: Transcribiendo audio con Groq Whisper (Cloud)...
[2026-08-13 07:58:59] STT CLOUD OK → Transcripción: Thank you.
[2026-08-13 07:58:59] FILTRO: Transcripción descartada por ser basura/silencio: 'Thank you.'
[2026-08-13 07:58:59] fswatch detectó nuevo archivo: /Users/digitalspace/.openclaw/workspace/voice_exchange/input/alberth_voice_20260812_203811.wav
[2026-08-13 07:59:00] --- PIPELINE INICIADO (AUDIO): alberth_voice_20260812_203811.wav ---
[2026-08-13 07:59:00] PASO 1: Transcribiendo audio con Groq Whisper (Cloud)...
[2026-08-13 07:59:12] STT CLOUD OK → Transcripción: Thank you.
[2026-08-13 07:59:12] FILTRO: Transcripción descartada por ser basura/silencio: 'Thank you.'
[2026-08-13 07:59:12] fswatch detectó nuevo archivo: /Users/digitalspace/.openclaw/workspace/voice_exchange/input/alberth_voice_20260812_203827.wav
[2026-08-13 07:59:14] --- PIPELINE INICIADO (AUDIO): alberth_voice_20260812_203827.wav ---
[2026-08-13 07:59:14] PASO 1: Transcribiendo audio con Groq Whisper (Cloud)...
[2026-08-13 07:59:28] STT CLOUD OK → Transcripción: Thank you.
[2026-08-13 07:59:28] FILTRO: Transcripción descartada por ser basura/silencio: 'Thank you.'
[2026-08-13 07:59:28] fswatch detectó nuevo archivo: /Users/digitalspace/.openclaw/workspace/voice_exchange/input/alberth_voice_20260812_203835.wav
[2026-08-13 07:59:30] --- PIPELINE INICIADO (AUDIO): alberth_voice_20260812_203835.wav ---
[2026-08-13 07:59:30] PASO 1: Transcribiendo audio con Groq Whisper (Cloud)...
[2026-08-13 07:59:42] STT CLOUD OK → Transcripción: Thank you.
[2026-08-13 07:59:42] FILTRO: Transcripción descartada por ser basura/silencio: 'Thank you.'
[2026-08-13 07:59:42] fswatch detectó nuevo archivo: /Users/digitalspace/.openclaw/workspace/voice_exchange/input/alberth_voice_20260812_203853.wav
[2026-08-13 07:59:44] --- PIPELINE INICIADO (AUDIO): alberth_voice_20260812_203853.wav ---
[2026-08-13 07:59:44] PASO 1: Transcribiendo audio con Groq Whisper (Cloud)...
[2026-08-13 07:59:53] STT CLOUD OK → Transcripción: Thank you.
[2026-08-13 07:59:53] FILTRO: Transcripción descartada por ser basura/silencio: 'Thank you.'
[2026-08-13 07:59:53] fswatch detectó nuevo archivo: /Users/digitalspace/.openclaw/workspace/voice_exchange/input/alberth_voice_20260812_203903.wav
[2026-08-13 07:59:54] --- PIPELINE INICIADO (AUDIO): alberth_voice_20260812_203903.wav ---
[2026-08-13 07:59:54] PASO 1: Transcribiendo audio con Groq Whisper (Cloud)...
[2026-08-13 08:00:02] STT CLOUD OK → Transcripción: Thank you.
[2026-08-13 08:00:02] FILTRO: Transcripción descartada por ser basura/silencio: 'Thank you.'
[2026-08-13 08:00:03] fswatch detectó nuevo archivo: /Users/digitalspace/.openclaw/workspace/voice_exchange/input/alberth_voice_20260812_203918.wav
[2026-08-13 08:00:04] --- PIPELINE INICIADO (AUDIO): alberth_voice_20260812_203918.wav ---
[2026-08-13 08:00:04] PASO 1: Transcribiendo audio con Groq Whisper (Cloud)...
[2026-08-13 08:00:15] STT CLOUD OK → Transcripción: Thank you.
[2026-08-13 08:00:15] FILTRO: Transcripción descartada por ser basura/silencio: 'Thank you.'
[2026-08-13 08:00:15] fswatch detectó nuevo archivo: /Users/digitalspace/.openclaw/workspace/voice_exchange/input/alberth_voice_20260812_203924.wav
[2026-08-13 08:00:16] --- PIPELINE INICIADO (AUDIO): alberth_voice_20260812_203924.wav ---
[2026-08-13 08:00:16] PASO 1: Transcribiendo audio con Groq Whisper (Cloud)...
[2026-08-13 08:00:25] STT CLOUD OK → Transcripción: Thank you.
[2026-08-13 08:00:25] FILTRO: Transcripción descartada por ser basura/silencio: 'Thank you.'
[2026-08-13 08:00:25] fswatch detectó nuevo archivo: /Users/digitalspace/.openclaw/workspace/voice_exchange/input/alberth_voice_20260812_203926.wav
[2026-08-13 08:00:26] --- PIPELINE INICIADO (AUDIO): alberth_voice_20260812_203926.wav ---
[2026-08-13 08:00:27] PASO 1: Transcribiendo audio con Groq Whisper (Cloud)...
[2026-08-13 08:00:37] STT CLOUD OK → Transcripción: Thank you.
[2026-08-13 08:00:37] FILTRO: Transcripción descartada por ser basura/silencio: 'Thank you.'
[2026-08-13 08:00:37] fswatch detectó nuevo archivo: /Users/digitalspace/.openclaw/workspace/voice_exchange/input/alberth_voice_20260812_203950.wav
[2026-08-13 08:00:39] --- PIPELINE INICIADO (AUDIO): alberth_voice_20260812_203950.wav ---
[2026-08-13 08:00:39] PASO 1: Transcribiendo audio con Groq Whisper (Cloud)...
[2026-08-13 08:00:52] STT CLOUD OK → Transcripción: Thank you.
[2026-08-13 08:00:52] FILTRO: Transcripción descartada por ser basura/silencio: 'Thank you.'
[2026-08-13 08:00:52] fswatch detectó nuevo archivo: /Users/digitalspace/.openclaw/workspace/voice_exchange/input/alberth_voice_20260812_204007.wav
[2026-08-13 08:00:53] --- PIPELINE INICIADO (AUDIO): alberth_voice_20260812_204007.wav ---
[2026-08-13 08:00:53] PASO 1: Transcribiendo audio con Groq Whisper (Cloud)...
[2026-08-13 08:01:02] STT CLOUD OK → Transcripción: Thank you.
[2026-08-13 08:01:02] FILTRO: Transcripción descartada por ser basura/silencio: 'Thank you.'
[2026-08-13 08:01:03] fswatch detectó nuevo archivo: /Users/digitalspace/.openclaw/workspace/voice_exchange/input/alberth_voice_20260812_204015.wav
[2026-08-13 08:01:04] --- PIPELINE INICIADO (AUDIO): alberth_voice_20260812_204015.wav ---
[2026-08-13 08:01:04] PASO 1: Transcribiendo audio con Groq Whisper (Cloud)...
[2026-08-13 08:01:12] STT CLOUD OK → Transcripción: Thank you.
[2026-08-13 08:01:12] FILTRO: Transcripción descartada por ser basura/silencio: 'Thank you.'
[2026-08-13 08:01:12] fswatch detectó nuevo archivo: /Users/digitalspace/.openclaw/workspace/voice_exchange/input/alberth_voice_20260812_204024.wav
[2026-08-13 08:01:13] --- PIPELINE INICIADO (AUDIO): alberth_voice_20260812_204024.wav ---
[2026-08-13 08:01:13] PASO 1: Transcribiendo audio con Groq Whisper (Cloud)...
[2026-08-13 08:01:24] STT CLOUD OK → Transcripción: Thank you.
[2026-08-13 08:01:24] FILTRO: Transcripción descartada por ser basura/silencio: 'Thank you.'
[2026-08-13 08:01:24] fswatch detectó nuevo archivo: /Users/digitalspace/.openclaw/workspace/voice_exchange/input/alberth_voice_20260812_204030.wav
[2026-08-13 08:01:25] --- PIPELINE INICIADO (AUDIO): alberth_voice_20260812_204030.wav ---
[2026-08-13 08:01:26] PASO 1: Transcribiendo audio con Groq Whisper (Cloud)...
[2026-08-13 08:01:33] STT CLOUD OK → Transcripción: Thank you.
[2026-08-13 08:01:34] FILTRO: Transcripción descartada por ser basura/silencio: 'Thank you.'
[2026-08-13 08:01:34] fswatch detectó nuevo archivo: /Users/digitalspace/.openclaw/workspace/voice_exchange/input/alberth_voice_20260812_204052.wav
[2026-08-13 08:01:35] --- PIPELINE INICIADO (AUDIO): alberth_voice_20260812_204052.wav ---
[2026-08-13 08:01:35] PASO 1: Transcribiendo audio con Groq Whisper (Cloud)...
[2026-08-13 08:01:44] STT CLOUD OK → Transcripción: Thank you.
[2026-08-13 08:01:45] FILTRO: Transcripción descartada por ser basura/silencio: 'Thank you.'
[2026-08-13 08:01:45] fswatch detectó nuevo archivo: /Users/digitalspace/.openclaw/workspace/voice_exchange/input/alberth_voice_20260812_204109.wav
[2026-08-13 08:01:46] --- PIPELINE INICIADO (AUDIO): alberth_voice_20260812_204109.wav ---
[2026-08-13 08:01:46] PASO 1: Transcribiendo audio con Groq Whisper (Cloud)...
[2026-08-13 08:01:56] STT CLOUD OK → Transcripción: Thank you.
[2026-08-13 08:01:56] FILTRO: Transcripción descartada por ser basura/silencio: 'Thank you.'
[2026-08-13 08:01:56] fswatch detectó nuevo archivo: /Users/digitalspace/.openclaw/workspace/voice_exchange/input/alberth_voice_20260812_204138.wav
[2026-08-13 08:01:58] --- PIPELINE INICIADO (AUDIO): alberth_voice_20260812_204138.wav ---
[2026-08-13 08:01:58] PASO 1: Transcribiendo audio con Groq Whisper (Cloud)...
[2026-08-13 08:02:09] STT CLOUD OK → Transcripción: Thank you.
[2026-08-13 08:02:09] FILTRO: Transcripción descartada por ser basura/silencio: 'Thank you.'
[2026-08-13 08:02:09] fswatch detectó nuevo archivo: /Users/digitalspace/.openclaw/workspace/voice_exchange/input/alberth_voice_20260812_204203.wav
[2026-08-13 08:02:10] --- PIPELINE INICIADO (AUDIO): alberth_voice_20260812_204203.wav ---
[2026-08-13 08:02:11] PASO 1: Transcribiendo audio con Groq Whisper (Cloud)...
[2026-08-13 08:02:20] STT CLOUD OK → Transcripción: Thank you.
[2026-08-13 08:02:20] FILTRO: Transcripción descartada por ser basura/silencio: 'Thank you.'
[2026-08-13 08:02:21] fswatch detectó nuevo archivo: /Users/digitalspace/.openclaw/workspace/voice_exchange/input/alberth_voice_20260812_204232.wav
[2026-08-13 08:02:22] --- PIPELINE INICIADO (AUDIO): alberth_voice_20260812_204232.wav ---
[2026-08-13 08:02:22] PASO 1: Transcribiendo audio con Groq Whisper (Cloud)...
[2026-08-13 08:02:32] STT CLOUD OK → Transcripción: Thank you.
[2026-08-13 08:02:32] FILTRO: Transcripción descartada por ser basura/silencio: 'Thank you.'
[2026-08-13 08:02:33] fswatch detectó nuevo archivo: /Users/digitalspace/.openclaw/workspace/voice_exchange/input/alberth_voice_20260812_204240.wav
[2026-08-13 08:02:34] --- PIPELINE INICIADO (AUDIO): alberth_voice_20260812_204240.wav ---
[2026-08-13 08:02:34] PASO 1: Transcribiendo audio con Groq Whisper (Cloud)...
[2026-08-13 08:02:45] STT CLOUD OK → Transcripción: Thank you.
[2026-08-13 08:02:45] FILTRO: Transcripción descartada por ser basura/silencio: 'Thank you.'
[2026-08-13 08:02:45] fswatch detectó nuevo archivo: /Users/digitalspace/.openclaw/workspace/voice_exchange/input/alberth_voice_20260812_204306.wav
[2026-08-13 08:02:46] --- PIPELINE INICIADO (AUDIO): alberth_voice_20260812_204306.wav ---
[2026-08-13 08:02:46] PASO 1: Transcribiendo audio con Groq Whisper (Cloud)...
[2026-08-13 08:02:56] STT CLOUD OK → Transcripción: .
[2026-08-13 08:02:56] FILTRO: Transcripción descartada por ser basura/silencio: '.'
[2026-08-13 08:02:56] fswatch detectó nuevo archivo: /Users/digitalspace/.openclaw/workspace/voice_exchange/input/alberth_voice_20260812_204316.wav
[2026-08-13 08:02:58] --- PIPELINE INICIADO (AUDIO): alberth_voice_20260812_204316.wav ---
[2026-08-13 08:02:58] PASO 1: Transcribiendo audio con Groq Whisper (Cloud)...
[2026-08-13 08:03:06] STT CLOUD OK → Transcripción: Thank you.
[2026-08-13 08:03:06] FILTRO: Transcripción descartada por ser basura/silencio: 'Thank you.'
[2026-08-13 08:03:06] fswatch detectó nuevo archivo: /Users/digitalspace/.openclaw/workspace/voice_exchange/input/alberth_voice_20260812_204410.wav
[2026-08-13 08:03:08] --- PIPELINE INICIADO (AUDIO): alberth_voice_20260812_204410.wav ---
[2026-08-13 08:03:08] PASO 1: Transcribiendo audio con Groq Whisper (Cloud)...
[2026-08-13 08:03:17] STT CLOUD OK → Transcripción: Thank you. Thank you.
[2026-08-13 08:03:17] FILTRO: Transcripción válida → 'Thank you. Thank you.'
[2026-08-13 08:03:18] PASO 1.5: Consultando Tálamo para clasificación semántica...
[Tálamo] Ollama OK → GENERAL_TALK
[2026-08-13 08:03:43] Tálamo → Tipo: GENERAL_TALK
[2026-08-13 08:03:43] PASO 2: Consultando al Agente Alberth...
[2026-08-13 08:03:43] Recuperando contexto de memoria persistente...
[2026-08-13 08:03:44] Memoria OK → Contexto recuperado (300 chars)
[2026-08-13 08:04:09] ERROR: Falló conexión con el agente. Usando fallback.
[2026-08-13 08:04:09] PASO 3: Generando audio de respuesta (TTS Premium edge-tts)...
[TTS-Premium] Sintetizando 94 caracteres con voz 'es-MX-JorgeNeural'...
[TTS-Premium] OK → Audio generado: alberth_voice_20260812_204410_response.mp3 (45 KB) | Voz: es-MX-JorgeNeural
[2026-08-13 08:04:11] TTS PREMIUM OK → Audio: /Users/digitalspace/.openclaw/workspace/voice_exchange/output/alberth_voice_20260812_204410_response.mp3 (edge-tts)
[2026-08-13 08:04:12] PASO 4: Reproduciendo respuesta...
[2026-08-13 08:04:22] --- PIPELINE COMPLETADO ---
[2026-08-13 08:04:22] fswatch detectó nuevo archivo: /Users/digitalspace/.openclaw/workspace/voice_exchange/input/alberth_voice_20260812_204419.wav
[2026-08-13 08:04:23] --- PIPELINE INICIADO (AUDIO): alberth_voice_20260812_204419.wav ---
[2026-08-13 08:04:23] PASO 1: Transcribiendo audio con Groq Whisper (Cloud)...
[2026-08-13 08:04:38] STT CLOUD OK → Transcripción: Thank you.
[2026-08-13 08:04:38] FILTRO: Transcripción descartada por ser basura/silencio: 'Thank you.'
[2026-08-13 08:04:38] fswatch detectó nuevo archivo: /Users/digitalspace/.openclaw/workspace/voice_exchange/input/alberth_voice_20260812_204440.wav
[2026-08-13 08:04:39] --- PIPELINE INICIADO (AUDIO): alberth_voice_20260812_204440.wav ---
[2026-08-13 08:04:39] PASO 1: Transcribiendo audio con Groq Whisper (Cloud)...
[2026-08-13 08:04:53] STT CLOUD OK → Transcripción: Thank you.
[2026-08-13 08:04:53] FILTRO: Transcripción descartada por ser basura/silencio: 'Thank you.'
[2026-08-13 08:04:53] fswatch detectó nuevo archivo: /Users/digitalspace/.openclaw/workspace/voice_exchange/input/alberth_voice_20260812_204457.wav
[2026-08-13 08:04:54] --- PIPELINE INICIADO (AUDIO): alberth_voice_20260812_204457.wav ---
[2026-08-13 08:04:54] PASO 1: Transcribiendo audio con Groq Whisper (Cloud)...
[2026-08-13 08:05:08] STT CLOUD OK → Transcripción: Thank you.
[2026-08-13 08:05:08] FILTRO: Transcripción descartada por ser basura/silencio: 'Thank you.'
[2026-08-13 08:05:08] fswatch detectó nuevo archivo: /Users/digitalspace/.openclaw/workspace/voice_exchange/input/alberth_voice_20260812_204507.wav
[2026-08-13 08:05:10] --- PIPELINE INICIADO (AUDIO): alberth_voice_20260812_204507.wav ---
[2026-08-13 08:05:10] PASO 1: Transcribiendo audio con Groq Whisper (Cloud)...
[2026-08-13 08:05:22] STT CLOUD OK → Transcripción: Thank you.
[2026-08-13 08:05:22] FILTRO: Transcripción descartada por ser basura/silencio: 'Thank you.'
[2026-08-13 08:05:22] fswatch detectó nuevo archivo: /Users/digitalspace/.openclaw/workspace/voice_exchange/input/alberth_voice_20260812_204524.wav
[2026-08-13 08:05:24] --- PIPELINE INICIADO (AUDIO): alberth_voice_20260812_204524.wav ---
[2026-08-13 08:05:24] PASO 1: Transcribiendo audio con Groq Whisper (Cloud)...
[2026-08-13 08:05:50] STT CLOUD OK → Transcripción: Thank you.
[2026-08-13 08:05:50] FILTRO: Transcripción descartada por ser basura/silencio: 'Thank you.'
[2026-08-13 08:05:50] fswatch detectó nuevo archivo: /Users/digitalspace/.openclaw/workspace/voice_exchange/input/alberth_voice_20260812_204534.wav
[2026-08-13 08:05:52] --- PIPELINE INICIADO (AUDIO): alberth_voice_20260812_204534.wav ---
[2026-08-13 08:05:52] PASO 1: Transcribiendo audio con Groq Whisper (Cloud)...
[2026-08-13 08:06:00] STT CLOUD OK → Transcripción: Thank you.
[2026-08-13 08:06:01] FILTRO: Transcripción descartada por ser basura/silencio: 'Thank you.'
[2026-08-13 08:06:01] fswatch detectó nuevo archivo: /Users/digitalspace/.openclaw/workspace/voice_exchange/input/alberth_voice_20260812_204610.wav
[2026-08-13 08:06:02] --- PIPELINE INICIADO (AUDIO): alberth_voice_20260812_204610.wav ---
[2026-08-13 08:06:02] PASO 1: Transcribiendo audio con Groq Whisper (Cloud)...
[2026-08-13 08:06:14] STT CLOUD OK → Transcripción: Thank you. Thank you.
[2026-08-13 08:06:14] FILTRO: Transcripción válida → 'Thank you. Thank you.'
[2026-08-13 08:06:14] PASO 1.5: Consultando Tálamo para clasificación semántica...
[Tálamo] Ollama OK → GENERAL_TALK
[2026-08-13 08:06:17] Tálamo → Tipo: GENERAL_TALK
[2026-08-13 08:06:17] PASO 2: Consultando al Agente Alberth...
[2026-08-13 08:06:17] Recuperando contexto de memoria persistente...
[2026-08-13 08:06:18] Memoria OK → Contexto recuperado (300 chars)
[2026-08-13 08:06:33] ERROR: Falló conexión con el agente. Usando fallback.
[2026-08-13 08:06:33] PASO 3: Generando audio de respuesta (TTS Premium edge-tts)...
[TTS-Premium] Sintetizando 94 caracteres con voz 'es-MX-JorgeNeural'...
[TTS-Premium] OK → Audio generado: alberth_voice_20260812_204610_response.mp3 (45 KB) | Voz: es-MX-JorgeNeural
[2026-08-13 08:06:37] TTS PREMIUM OK → Audio: /Users/digitalspace/.openclaw/workspace/voice_exchange/output/alberth_voice_20260812_204610_response.mp3 (edge-tts)
[2026-08-13 08:06:37] PASO 4: Reproduciendo respuesta...
[2026-08-13 08:06:47] --- PIPELINE COMPLETADO ---
[2026-08-13 08:06:47] fswatch detectó nuevo archivo: /Users/digitalspace/.openclaw/workspace/voice_exchange/input/alberth_voice_20260812_204619.wav
[2026-08-13 08:06:49] --- PIPELINE INICIADO (AUDIO): alberth_voice_20260812_204619.wav ---
[2026-08-13 08:06:49] PASO 1: Transcribiendo audio con Groq Whisper (Cloud)...
[2026-08-13 08:06:57] STT CLOUD OK → Transcripción: Thank you.
[2026-08-13 08:06:57] FILTRO: Transcripción descartada por ser basura/silencio: 'Thank you.'
[2026-08-13 08:06:57] fswatch detectó nuevo archivo: /Users/digitalspace/.openclaw/workspace/voice_exchange/input/alberth_voice_20260812_204712.wav
[2026-08-13 08:06:59] --- PIPELINE INICIADO (AUDIO): alberth_voice_20260812_204712.wav ---
[2026-08-13 08:06:59] PASO 1: Transcribiendo audio con Groq Whisper (Cloud)...
[2026-08-13 08:07:09] STT CLOUD OK → Transcripción: Thank you. Thank you.
[2026-08-13 08:07:09] FILTRO: Transcripción válida → 'Thank you. Thank you.'
[2026-08-13 08:07:09] PASO 1.5: Consultando Tálamo para clasificación semántica...
[Tálamo] Ollama OK → GENERAL_TALK
[2026-08-13 08:07:13] Tálamo → Tipo: GENERAL_TALK
[2026-08-13 08:07:13] PASO 2: Consultando al Agente Alberth...
[2026-08-13 08:07:13] Recuperando contexto de memoria persistente...
[2026-08-13 08:07:13] Memoria OK → Contexto recuperado (300 chars)
[2026-08-13 08:07:31] ERROR: Falló conexión con el agente. Usando fallback.
[2026-08-13 08:07:31] PASO 3: Generando audio de respuesta (TTS Premium edge-tts)...
[TTS-Premium] Sintetizando 94 caracteres con voz 'es-MX-JorgeNeural'...
[TTS-Premium] OK → Audio generado: alberth_voice_20260812_204712_response.mp3 (45 KB) | Voz: es-MX-JorgeNeural
[2026-08-13 08:07:33] TTS PREMIUM OK → Audio: /Users/digitalspace/.openclaw/workspace/voice_exchange/output/alberth_voice_20260812_204712_response.mp3 (edge-tts)
[2026-08-13 08:07:33] PASO 4: Reproduciendo respuesta...
[2026-08-13 08:07:44] --- PIPELINE COMPLETADO ---
[2026-08-13 08:07:44] fswatch detectó nuevo archivo: /Users/digitalspace/.openclaw/workspace/voice_exchange/input/alberth_voice_20260812_204714.wav
[2026-08-13 08:07:45] --- PIPELINE INICIADO (AUDIO): alberth_voice_20260812_204714.wav ---
[2026-08-13 08:07:45] PASO 1: Transcribiendo audio con Groq Whisper (Cloud)...
[2026-08-13 08:07:58] STT CLOUD OK → Transcripción: Thank you.
[2026-08-13 08:07:58] FILTRO: Transcripción descartada por ser basura/silencio: 'Thank you.'
[2026-08-13 08:07:58] fswatch detectó nuevo archivo: /Users/digitalspace/.openclaw/workspace/voice_exchange/input/alberth_voice_20260812_204731.wav
[2026-08-13 08:08:00] --- PIPELINE INICIADO (AUDIO): alberth_voice_20260812_204731.wav ---
[2026-08-13 08:08:00] PASO 1: Transcribiendo audio con Groq Whisper (Cloud)...
[2026-08-13 08:08:13] STT CLOUD OK → Transcripción: Thank you.
[2026-08-13 08:08:14] FILTRO: Transcripción descartada por ser basura/silencio: 'Thank you.'
[2026-08-13 08:08:14] fswatch detectó nuevo archivo: /Users/digitalspace/.openclaw/workspace/voice_exchange/input/alberth_voice_20260812_204735.wav
[2026-08-13 08:08:15] --- PIPELINE INICIADO (AUDIO): alberth_voice_20260812_204735.wav ---
[2026-08-13 08:08:15] PASO 1: Transcribiendo audio con Groq Whisper (Cloud)...
[2026-08-13 08:08:28] STT CLOUD OK → Transcripción: Thank you.
[2026-08-13 08:08:28] FILTRO: Transcripción descartada por ser basura/silencio: 'Thank you.'
[2026-08-13 08:08:28] fswatch detectó nuevo archivo: /Users/digitalspace/.openclaw/workspace/voice_exchange/input/alberth_voice_20260812_204741.wav
[2026-08-13 08:08:29] --- PIPELINE INICIADO (AUDIO): alberth_voice_20260812_204741.wav ---
[2026-08-13 08:08:29] PASO 1: Transcribiendo audio con Groq Whisper (Cloud)...
[2026-08-13 08:08:42] STT CLOUD OK → Transcripción: Thank you.
[2026-08-13 08:08:43] FILTRO: Transcripción descartada por ser basura/silencio: 'Thank you.'
[2026-08-13 08:08:43] fswatch detectó nuevo archivo: /Users/digitalspace/.openclaw/workspace/voice_exchange/input/alberth_voice_20260812_204804.wav
[2026-08-13 08:08:44] --- PIPELINE INICIADO (AUDIO): alberth_voice_20260812_204804.wav ---
[2026-08-13 08:08:44] PASO 1: Transcribiendo audio con Groq Whisper (Cloud)...
[2026-08-13 08:09:01] STT CLOUD OK → Transcripción: Thank you.
[2026-08-13 08:09:01] FILTRO: Transcripción descartada por ser basura/silencio: 'Thank you.'
[2026-08-13 08:09:01] fswatch detectó nuevo archivo: /Users/digitalspace/.openclaw/workspace/voice_exchange/input/alberth_voice_20260812_204848.wav
[2026-08-13 08:09:03] --- PIPELINE INICIADO (AUDIO): alberth_voice_20260812_204848.wav ---
[2026-08-13 08:09:03] PASO 1: Transcribiendo audio con Groq Whisper (Cloud)...
[2026-08-13 08:09:16] STT CLOUD OK → Transcripción: Thank you. Thank you.
[2026-08-13 08:09:17] FILTRO: Transcripción válida → 'Thank you. Thank you.'
[2026-08-13 08:09:17] PASO 1.5: Consultando Tálamo para clasificación semántica...
[Tálamo] Ollama OK → GENERAL_TALK
[2026-08-13 08:09:20] Tálamo → Tipo: GENERAL_TALK
[2026-08-13 08:09:20] PASO 2: Consultando al Agente Alberth...
[2026-08-13 08:09:20] Recuperando contexto de memoria persistente...
[2026-08-13 08:09:20] Memoria OK → Contexto recuperado (300 chars)
[2026-08-13 08:09:40] ERROR: Falló conexión con el agente. Usando fallback.
[2026-08-13 08:09:40] PASO 3: Generando audio de respuesta (TTS Premium edge-tts)...
[TTS-Premium] Sintetizando 94 caracteres con voz 'es-MX-JorgeNeural'...
[TTS-Premium] OK → Audio generado: alberth_voice_20260812_204848_response.mp3 (45 KB) | Voz: es-MX-JorgeNeural
[2026-08-13 08:09:42] TTS PREMIUM OK → Audio: /Users/digitalspace/.openclaw/workspace/voice_exchange/output/alberth_voice_20260812_204848_response.mp3 (edge-tts)
[2026-08-13 08:09:42] PASO 4: Reproduciendo respuesta...
[2026-08-13 08:09:51] --- PIPELINE COMPLETADO ---
[2026-08-13 08:09:51] fswatch detectó nuevo archivo: /Users/digitalspace/.openclaw/workspace/voice_exchange/input/alberth_voice_20260812_204908.wav
[2026-08-13 08:09:53] --- PIPELINE INICIADO (AUDIO): alberth_voice_20260812_204908.wav ---
[2026-08-13 08:09:53] PASO 1: Transcribiendo audio con Groq Whisper (Cloud)...
[2026-08-13 08:10:07] STT CLOUD OK → Transcripción: Thank you.
[2026-08-13 08:10:08] FILTRO: Transcripción descartada por ser basura/silencio: 'Thank you.'
[2026-08-13 08:10:08] fswatch detectó nuevo archivo: /Users/digitalspace/.openclaw/workspace/voice_exchange/input/alberth_voice_20260812_204927.wav
[2026-08-13 08:10:09] --- PIPELINE INICIADO (AUDIO): alberth_voice_20260812_204927.wav ---
[2026-08-13 08:10:09] PASO 1: Transcribiendo audio con Groq Whisper (Cloud)...
[2026-08-13 08:10:22] STT CLOUD OK → Transcripción: Thank you.
[2026-08-13 08:10:22] FILTRO: Transcripción descartada por ser basura/silencio: 'Thank you.'
[2026-08-13 08:10:22] fswatch detectó nuevo archivo: /Users/digitalspace/.openclaw/workspace/voice_exchange/input/alberth_voice_20260812_204931.wav
[2026-08-13 08:10:24] --- PIPELINE INICIADO (AUDIO): alberth_voice_20260812_204931.wav ---
[2026-08-13 08:10:24] PASO 1: Transcribiendo audio con Groq Whisper (Cloud)...
[2026-08-13 08:10:35] STT CLOUD OK → Transcripción: Thank you.
[2026-08-13 08:10:36] FILTRO: Transcripción descartada por ser basura/silencio: 'Thank you.'
[2026-08-13 08:10:36] fswatch detectó nuevo archivo: /Users/digitalspace/.openclaw/workspace/voice_exchange/input/alberth_voice_20260812_204931.wav
[2026-08-13 08:10:37] fswatch detectó nuevo archivo: /Users/digitalspace/.openclaw/workspace/voice_exchange/input/alberth_voice_20260812_204941.wav
[2026-08-13 08:10:38] --- PIPELINE INICIADO (AUDIO): alberth_voice_20260812_204941.wav ---
[2026-08-13 08:10:39] PASO 1: Transcribiendo audio con Groq Whisper (Cloud)...
[2026-08-13 08:10:51] STT CLOUD OK → Transcripción: Thank you.
[2026-08-13 08:10:51] FILTRO: Transcripción descartada por ser basura/silencio: 'Thank you.'
[2026-08-13 08:10:51] fswatch detectó nuevo archivo: /Users/digitalspace/.openclaw/workspace/voice_exchange/input/alberth_voice_20260812_204957.wav
[2026-08-13 08:10:52] --- PIPELINE INICIADO (AUDIO): alberth_voice_20260812_204957.wav ---
[2026-08-13 08:10:52] PASO 1: Transcribiendo audio con Groq Whisper (Cloud)...
[2026-08-13 08:11:04] STT CLOUD OK → Transcripción: Thank you.
[2026-08-13 08:11:05] FILTRO: Transcripción descartada por ser basura/silencio: 'Thank you.'
[2026-08-13 08:11:05] fswatch detectó nuevo archivo: /Users/digitalspace/.openclaw/workspace/voice_exchange/input/alberth_voice_20260812_205007.wav
[2026-08-13 08:11:06] --- PIPELINE INICIADO (AUDIO): alberth_voice_20260812_205007.wav ---
[2026-08-13 08:11:06] PASO 1: Transcribiendo audio con Groq Whisper (Cloud)...
[2026-08-13 08:11:18] STT CLOUD OK → Transcripción: Thank you.
[2026-08-13 08:11:18] FILTRO: Transcripción descartada por ser basura/silencio: 'Thank you.'
[2026-08-13 08:11:19] fswatch detectó nuevo archivo: /Users/digitalspace/.openclaw/workspace/voice_exchange/input/alberth_voice_20260812_205022.wav
[2026-08-13 08:11:20] --- PIPELINE INICIADO (AUDIO): alberth_voice_20260812_205022.wav ---
[2026-08-13 08:11:20] PASO 1: Transcribiendo audio con Groq Whisper (Cloud)...
[2026-08-13 08:11:37] STT CLOUD OK → Transcripción: Thank you.
[2026-08-13 08:11:38] FILTRO: Transcripción descartada por ser basura/silencio: 'Thank you.'
[2026-08-13 08:11:38] fswatch detectó nuevo archivo: /Users/digitalspace/.openclaw/workspace/voice_exchange/input/alberth_voice_20260812_205044.wav
[2026-08-13 08:11:39] --- PIPELINE INICIADO (AUDIO): alberth_voice_20260812_205044.wav ---
[2026-08-13 08:11:39] PASO 1: Transcribiendo audio con Groq Whisper (Cloud)...
[2026-08-13 08:11:54] STT CLOUD OK → Transcripción: Thank you.
[2026-08-13 08:11:54] FILTRO: Transcripción descartada por ser basura/silencio: 'Thank you.'
[2026-08-13 08:11:54] fswatch detectó nuevo archivo: /Users/digitalspace/.openclaw/workspace/voice_exchange/input/alberth_voice_20260812_205102.wav
[2026-08-13 08:11:55] --- PIPELINE INICIADO (AUDIO): alberth_voice_20260812_205102.wav ---
[2026-08-13 08:11:55] PASO 1: Transcribiendo audio con Groq Whisper (Cloud)...
[2026-08-13 08:12:13] STT CLOUD OK → Transcripción: .
[2026-08-13 08:12:13] FILTRO: Transcripción descartada por ser basura/silencio: '.'
[2026-08-13 08:12:13] fswatch detectó nuevo archivo: /Users/digitalspace/.openclaw/workspace/voice_exchange/input/alberth_voice_20260812_205138.wav
[2026-08-13 08:12:15] --- PIPELINE INICIADO (AUDIO): alberth_voice_20260812_205138.wav ---
[2026-08-13 08:12:15] PASO 1: Transcribiendo audio con Groq Whisper (Cloud)...
[2026-08-13 08:12:27] STT CLOUD OK → Transcripción: Thank you. Thank you.
[2026-08-13 08:12:27] FILTRO: Transcripción válida → 'Thank you. Thank you.'
[2026-08-13 08:12:27] PASO 1.5: Consultando Tálamo para clasificación semántica...
[Tálamo] Ollama OK → GENERAL_TALK
[2026-08-13 08:12:31] Tálamo → Tipo: GENERAL_TALK
[2026-08-13 08:12:31] PASO 2: Consultando al Agente Alberth...
[2026-08-13 08:12:31] Recuperando contexto de memoria persistente...
[2026-08-13 08:12:32] Memoria OK → Contexto recuperado (300 chars)
[2026-08-13 08:12:51] ERROR: Falló conexión con el agente. Usando fallback.
[2026-08-13 08:12:51] PASO 3: Generando audio de respuesta (TTS Premium edge-tts)...
[TTS-Premium] Sintetizando 94 caracteres con voz 'es-MX-JorgeNeural'...
[TTS-Premium] OK → Audio generado: alberth_voice_20260812_205138_response.mp3 (45 KB) | Voz: es-MX-JorgeNeural
[2026-08-13 08:12:55] TTS PREMIUM OK → Audio: /Users/digitalspace/.openclaw/workspace/voice_exchange/output/alberth_voice_20260812_205138_response.mp3 (edge-tts)
[2026-08-13 08:12:55] PASO 4: Reproduciendo respuesta...
[2026-08-13 08:13:05] --- PIPELINE COMPLETADO ---
[2026-08-13 08:13:05] fswatch detectó nuevo archivo: /Users/digitalspace/.openclaw/workspace/voice_exchange/input/alberth_voice_20260812_205205.wav
[2026-08-13 08:13:06] --- PIPELINE INICIADO (AUDIO): alberth_voice_20260812_205205.wav ---
[2026-08-13 08:13:07] PASO 1: Transcribiendo audio con Groq Whisper (Cloud)...
[2026-08-13 08:13:25] STT CLOUD OK → Transcripción: Thank you.
[2026-08-13 08:13:25] FILTRO: Transcripción descartada por ser basura/silencio: 'Thank you.'
[2026-08-13 08:13:26] fswatch detectó nuevo archivo: /Users/digitalspace/.openclaw/workspace/voice_exchange/input/alberth_voice_20260812_205214.wav
[2026-08-13 08:13:27] --- PIPELINE INICIADO (AUDIO): alberth_voice_20260812_205214.wav ---
[2026-08-13 08:13:27] PASO 1: Transcribiendo audio con Groq Whisper (Cloud)...
[2026-08-13 08:13:37] STT CLOUD OK → Transcripción: Thank you.
[2026-08-13 08:13:37] FILTRO: Transcripción descartada por ser basura/silencio: 'Thank you.'
[2026-08-13 08:13:37] fswatch detectó nuevo archivo: /Users/digitalspace/.openclaw/workspace/voice_exchange/input/alberth_voice_20260812_205240.wav
[2026-08-13 08:13:38] --- PIPELINE INICIADO (AUDIO): alberth_voice_20260812_205240.wav ---
[2026-08-13 08:13:39] PASO 1: Transcribiendo audio con Groq Whisper (Cloud)...
[2026-08-13 08:13:52] STT CLOUD OK → Transcripción: Thank you.
[2026-08-13 08:13:53] FILTRO: Transcripción descartada por ser basura/silencio: 'Thank you.'
[2026-08-13 08:13:53] fswatch detectó nuevo archivo: /Users/digitalspace/.openclaw/workspace/voice_exchange/input/alberth_voice_20260812_205307.wav
[2026-08-13 08:13:54] --- PIPELINE INICIADO (AUDIO): alberth_voice_20260812_205307.wav ---
[2026-08-13 08:13:54] PASO 1: Transcribiendo audio con Groq Whisper (Cloud)...
[2026-08-13 08:14:10] STT CLOUD OK → Transcripción: Thank you.
[2026-08-13 08:14:11] FILTRO: Transcripción descartada por ser basura/silencio: 'Thank you.'
[2026-08-13 08:14:11] fswatch detectó nuevo archivo: /Users/digitalspace/.openclaw/workspace/voice_exchange/input/alberth_voice_20260812_205338.wav
[2026-08-13 08:14:12] --- PIPELINE INICIADO (AUDIO): alberth_voice_20260812_205338.wav ---
[2026-08-13 08:14:12] PASO 1: Transcribiendo audio con Groq Whisper (Cloud)...
[2026-08-13 08:14:22] STT CLOUD OK → Transcripción: Thank you.
[2026-08-13 08:14:22] FILTRO: Transcripción descartada por ser basura/silencio: 'Thank you.'
[2026-08-13 08:14:22] fswatch detectó nuevo archivo: /Users/digitalspace/.openclaw/workspace/voice_exchange/input/alberth_voice_20260812_205359.wav
[2026-08-13 08:14:24] --- PIPELINE INICIADO (AUDIO): alberth_voice_20260812_205359.wav ---
[2026-08-13 08:14:24] PASO 1: Transcribiendo audio con Groq Whisper (Cloud)...
[2026-08-13 08:14:35] STT CLOUD OK → Transcripción: Thank you.
[2026-08-13 08:14:35] FILTRO: Transcripción descartada por ser basura/silencio: 'Thank you.'
[2026-08-13 08:14:35] fswatch detectó nuevo archivo: /Users/digitalspace/.openclaw/workspace/voice_exchange/input/alberth_voice_20260812_205407.wav
[2026-08-13 08:14:36] --- PIPELINE INICIADO (AUDIO): alberth_voice_20260812_205407.wav ---
[2026-08-13 08:14:36] PASO 1: Transcribiendo audio con Groq Whisper (Cloud)...
[2026-08-13 08:14:45] STT CLOUD OK → Transcripción: Thank you.
[2026-08-13 08:14:45] FILTRO: Transcripción descartada por ser basura/silencio: 'Thank you.'
[2026-08-13 08:14:45] fswatch detectó nuevo archivo: /Users/digitalspace/.openclaw/workspace/voice_exchange/input/alberth_voice_20260812_205413.wav
[2026-08-13 08:14:47] --- PIPELINE INICIADO (AUDIO): alberth_voice_20260812_205413.wav ---
[2026-08-13 08:14:47] PASO 1: Transcribiendo audio con Groq Whisper (Cloud)...
[2026-08-13 08:14:56] STT CLOUD OK → Transcripción: Thank you.
[2026-08-13 08:14:56] FILTRO: Transcripción descartada por ser basura/silencio: 'Thank you.'
[2026-08-13 08:14:56] fswatch detectó nuevo archivo: /Users/digitalspace/.openclaw/workspace/voice_exchange/input/alberth_voice_20260812_205419.wav
[2026-08-13 08:14:58] --- PIPELINE INICIADO (AUDIO): alberth_voice_20260812_205419.wav ---
[2026-08-13 08:14:58] PASO 1: Transcribiendo audio con Groq Whisper (Cloud)...
[2026-08-13 08:15:08] STT CLOUD OK → Transcripción: Thank you.
[2026-08-13 08:15:08] FILTRO: Transcripción descartada por ser basura/silencio: 'Thank you.'
[2026-08-13 08:15:08] fswatch detectó nuevo archivo: /Users/digitalspace/.openclaw/workspace/voice_exchange/input/alberth_voice_20260812_205443.wav
[2026-08-13 08:15:10] --- PIPELINE INICIADO (AUDIO): alberth_voice_20260812_205443.wav ---
[2026-08-13 08:15:10] PASO 1: Transcribiendo audio con Groq Whisper (Cloud)...
[2026-08-13 08:15:21] STT CLOUD OK → Transcripción: Thank you.
[2026-08-13 08:15:22] FILTRO: Transcripción descartada por ser basura/silencio: 'Thank you.'
[2026-08-13 08:15:22] fswatch detectó nuevo archivo: /Users/digitalspace/.openclaw/workspace/voice_exchange/input/alberth_voice_20260812_205504.wav
[2026-08-13 08:15:23] --- PIPELINE INICIADO (AUDIO): alberth_voice_20260812_205504.wav ---
[2026-08-13 08:15:23] PASO 1: Transcribiendo audio con Groq Whisper (Cloud)...
[2026-08-13 08:15:37] STT CLOUD OK → Transcripción: Thank you.
[2026-08-13 08:15:37] FILTRO: Transcripción descartada por ser basura/silencio: 'Thank you.'
[2026-08-13 08:15:37] fswatch detectó nuevo archivo: /Users/digitalspace/.openclaw/workspace/voice_exchange/input/alberth_voice_20260812_205531.wav
[2026-08-13 08:15:39] --- PIPELINE INICIADO (AUDIO): alberth_voice_20260812_205531.wav ---
[2026-08-13 08:15:39] PASO 1: Transcribiendo audio con Groq Whisper (Cloud)...
[2026-08-13 08:15:51] STT CLOUD OK → Transcripción: Thank you.
[2026-08-13 08:15:51] FILTRO: Transcripción descartada por ser basura/silencio: 'Thank you.'
[2026-08-13 08:15:52] fswatch detectó nuevo archivo: /Users/digitalspace/.openclaw/workspace/voice_exchange/input/alberth_voice_20260812_205553.wav
[2026-08-13 08:15:53] --- PIPELINE INICIADO (AUDIO): alberth_voice_20260812_205553.wav ---
[2026-08-13 08:15:53] PASO 1: Transcribiendo audio con Groq Whisper (Cloud)...
[2026-08-13 08:16:05] STT CLOUD OK → Transcripción: Thank you.
[2026-08-13 08:16:05] FILTRO: Transcripción descartada por ser basura/silencio: 'Thank you.'
[2026-08-13 08:16:05] fswatch detectó nuevo archivo: /Users/digitalspace/.openclaw/workspace/voice_exchange/input/alberth_voice_20260812_205612.wav
[2026-08-13 08:16:07] --- PIPELINE INICIADO (AUDIO): alberth_voice_20260812_205612.wav ---
[2026-08-13 08:16:07] PASO 1: Transcribiendo audio con Groq Whisper (Cloud)...
[2026-08-13 08:16:22] STT CLOUD OK → Transcripción: Thank you.
[2026-08-13 08:16:22] FILTRO: Transcripción descartada por ser basura/silencio: 'Thank you.'
[2026-08-13 08:16:22] fswatch detectó nuevo archivo: /Users/digitalspace/.openclaw/workspace/voice_exchange/input/alberth_voice_20260812_205617.wav
[2026-08-13 08:16:24] --- PIPELINE INICIADO (AUDIO): alberth_voice_20260812_205617.wav ---
[2026-08-13 08:16:24] PASO 1: Transcribiendo audio con Groq Whisper (Cloud)...
[2026-08-13 08:16:36] STT CLOUD OK → Transcripción: Thank you.
[2026-08-13 08:16:37] FILTRO: Transcripción descartada por ser basura/silencio: 'Thank you.'
[2026-08-13 08:16:37] fswatch detectó nuevo archivo: /Users/digitalspace/.openclaw/workspace/voice_exchange/input/alberth_voice_20260812_205622.wav
[2026-08-13 08:16:38] --- PIPELINE INICIADO (AUDIO): alberth_voice_20260812_205622.wav ---
[2026-08-13 08:16:38] PASO 1: Transcribiendo audio con Groq Whisper (Cloud)...
[2026-08-13 08:16:49] STT CLOUD OK → Transcripción: Thank you.
[2026-08-13 08:16:50] FILTRO: Transcripción descartada por ser basura/silencio: 'Thank you.'
[2026-08-13 08:16:50] fswatch detectó nuevo archivo: /Users/digitalspace/.openclaw/workspace/voice_exchange/input/alberth_voice_20260812_205631.wav
[2026-08-13 08:16:51] --- PIPELINE INICIADO (AUDIO): alberth_voice_20260812_205631.wav ---
[2026-08-13 08:16:51] PASO 1: Transcribiendo audio con Groq Whisper (Cloud)...
[2026-08-13 08:17:05] STT CLOUD OK → Transcripción: Thank you.
[2026-08-13 08:17:05] FILTRO: Transcripción descartada por ser basura/silencio: 'Thank you.'
[2026-08-13 08:17:05] fswatch detectó nuevo archivo: /Users/digitalspace/.openclaw/workspace/voice_exchange/input/alberth_voice_20260812_205639.wav
[2026-08-13 08:17:07] --- PIPELINE INICIADO (AUDIO): alberth_voice_20260812_205639.wav ---
[2026-08-13 08:17:07] PASO 1: Transcribiendo audio con Groq Whisper (Cloud)...
[2026-08-13 08:17:21] STT CLOUD OK → Transcripción: Thank you.
[2026-08-13 08:17:21] FILTRO: Transcripción descartada por ser basura/silencio: 'Thank you.'
[2026-08-13 08:17:21] fswatch detectó nuevo archivo: /Users/digitalspace/.openclaw/workspace/voice_exchange/input/alberth_voice_20260812_205659.wav
[2026-08-13 08:17:23] --- PIPELINE INICIADO (AUDIO): alberth_voice_20260812_205659.wav ---
[2026-08-13 08:17:23] PASO 1: Transcribiendo audio con Groq Whisper (Cloud)...
[2026-08-13 08:17:35] STT CLOUD OK → Transcripción: Thank you.
[2026-08-13 08:17:36] FILTRO: Transcripción descartada por ser basura/silencio: 'Thank you.'
[2026-08-13 08:17:36] fswatch detectó nuevo archivo: /Users/digitalspace/.openclaw/workspace/voice_exchange/input/alberth_voice_20260812_205706.wav
[2026-08-13 08:17:37] --- PIPELINE INICIADO (AUDIO): alberth_voice_20260812_205706.wav ---
[2026-08-13 08:17:37] PASO 1: Transcribiendo audio con Groq Whisper (Cloud)...
[2026-08-13 08:17:48] STT CLOUD OK → Transcripción: Thank you.
[2026-08-13 08:17:48] FILTRO: Transcripción descartada por ser basura/silencio: 'Thank you.'
[2026-08-13 08:17:49] fswatch detectó nuevo archivo: /Users/digitalspace/.openclaw/workspace/voice_exchange/input/alberth_voice_20260812_205712.wav
[2026-08-13 08:17:50] --- PIPELINE INICIADO (AUDIO): alberth_voice_20260812_205712.wav ---
[2026-08-13 08:17:50] PASO 1: Transcribiendo audio con Groq Whisper (Cloud)...
[2026-08-13 08:18:02] STT CLOUD OK → Transcripción: Thank you.
[2026-08-13 08:18:02] FILTRO: Transcripción descartada por ser basura/silencio: 'Thank you.'
[2026-08-13 08:18:02] fswatch detectó nuevo archivo: /Users/digitalspace/.openclaw/workspace/voice_exchange/input/alberth_voice_20260812_205743.wav
[2026-08-13 08:18:04] --- PIPELINE INICIADO (AUDIO): alberth_voice_20260812_205743.wav ---
[2026-08-13 08:18:04] PASO 1: Transcribiendo audio con Groq Whisper (Cloud)...
[2026-08-13 08:18:15] STT CLOUD OK → Transcripción: Transcribe the audio.
[2026-08-13 08:18:15] FILTRO: Transcripción válida → 'Transcribe the audio.'
[2026-08-13 08:18:16] PASO 1.5: Consultando Tálamo para clasificación semántica...
[Tálamo] Ollama OK → GENERAL_TALK
[2026-08-13 08:18:41] Tálamo → Tipo: GENERAL_TALK
[2026-08-13 08:18:41] PASO 2: Consultando al Agente Alberth...
[2026-08-13 08:18:41] Recuperando contexto de memoria persistente...
[2026-08-13 08:18:42] Memoria OK → Contexto recuperado (300 chars)
[2026-08-13 08:19:05] ERROR: Falló conexión con el agente. Usando fallback.
[2026-08-13 08:19:05] PASO 3: Generando audio de respuesta (TTS Premium edge-tts)...
[TTS-Premium] Sintetizando 94 caracteres con voz 'es-MX-JorgeNeural'...
[TTS-Premium] OK → Audio generado: alberth_voice_20260812_205743_response.mp3 (45 KB) | Voz: es-MX-JorgeNeural
[2026-08-13 08:19:08] TTS PREMIUM OK → Audio: /Users/digitalspace/.openclaw/workspace/voice_exchange/output/alberth_voice_20260812_205743_response.mp3 (edge-tts)
[2026-08-13 08:19:08] PASO 4: Reproduciendo respuesta...
[2026-08-13 08:19:19] --- PIPELINE COMPLETADO ---
[2026-08-13 08:19:19] fswatch detectó nuevo archivo: /Users/digitalspace/.openclaw/workspace/voice_exchange/input/alberth_voice_20260812_205752.wav
[2026-08-13 08:19:20] --- PIPELINE INICIADO (AUDIO): alberth_voice_20260812_205752.wav ---
[2026-08-13 08:19:21] PASO 1: Transcribiendo audio con Groq Whisper (Cloud)...
[2026-08-13 08:19:35] STT CLOUD OK → Transcripción: Thank you.
[2026-08-13 08:19:35] FILTRO: Transcripción descartada por ser basura/silencio: 'Thank you.'
[2026-08-13 08:19:36] fswatch detectó nuevo archivo: /Users/digitalspace/.openclaw/workspace/voice_exchange/input/alberth_voice_20260812_205757.wav
[2026-08-13 08:19:37] --- PIPELINE INICIADO (AUDIO): alberth_voice_20260812_205757.wav ---
[2026-08-13 08:19:37] PASO 1: Transcribiendo audio con Groq Whisper (Cloud)...
[2026-08-13 08:19:49] STT CLOUD OK → Transcripción: Thank you.
[2026-08-13 08:19:49] FILTRO: Transcripción descartada por ser basura/silencio: 'Thank you.'
[2026-08-13 08:19:50] fswatch detectó nuevo archivo: /Users/digitalspace/.openclaw/workspace/voice_exchange/input/alberth_voice_20260812_205840.wav
[2026-08-13 08:19:51] --- PIPELINE INICIADO (AUDIO): alberth_voice_20260812_205840.wav ---
[2026-08-13 08:19:51] PASO 1: Transcribiendo audio con Groq Whisper (Cloud)...
[2026-08-13 08:20:31] STT CLOUD OK → Transcripción: Transcribe the audio. Thank you.
[2026-08-13 08:20:31] FILTRO: Transcripción válida → 'Transcribe the audio. Thank you.'
[2026-08-13 08:20:31] PASO 1.5: Consultando Tálamo para clasificación semántica...
[Tálamo] Ollama OK → GENERAL_TALK
[2026-08-13 08:20:35] Tálamo → Tipo: GENERAL_TALK
[2026-08-13 08:20:35] PASO 2: Consultando al Agente Alberth...
[2026-08-13 08:20:35] Recuperando contexto de memoria persistente...
[2026-08-13 08:20:35] Memoria OK → Contexto recuperado (300 chars)
[2026-08-13 08:20:51] ERROR: Falló conexión con el agente. Usando fallback.
[2026-08-13 08:20:51] PASO 3: Generando audio de respuesta (TTS Premium edge-tts)...
[TTS-Premium] Sintetizando 94 caracteres con voz 'es-MX-JorgeNeural'...
[TTS-Premium] OK → Audio generado: alberth_voice_20260812_205840_response.mp3 (45 KB) | Voz: es-MX-JorgeNeural
[2026-08-13 08:20:53] TTS PREMIUM OK → Audio: /Users/digitalspace/.openclaw/workspace/voice_exchange/output/alberth_voice_20260812_205840_response.mp3 (edge-tts)
[2026-08-13 08:20:53] PASO 4: Reproduciendo respuesta...
[2026-08-13 08:21:04] --- PIPELINE COMPLETADO ---
[2026-08-13 08:21:04] fswatch detectó nuevo archivo: /Users/digitalspace/.openclaw/workspace/voice_exchange/input/alberth_voice_20260812_205912.wav
[2026-08-13 08:21:05] --- PIPELINE INICIADO (AUDIO): alberth_voice_20260812_205912.wav ---
[2026-08-13 08:21:05] PASO 1: Transcribiendo audio con Groq Whisper (Cloud)...
[2026-08-13 08:21:14] STT CLOUD OK → Transcripción: Tornado. Papi, ¿qué pasó? Tu mamá. Sí, ya te imprimí todo. ¿Claro? Recontra que caro. Thank you.
[2026-08-13 08:21:14] FILTRO: Transcripción válida → 'Tornado. Papi, ¿qué pasó? Tu mamá. Sí, ya te imprimí todo. ¿Claro? Recontra que caro. Thank you.'
[2026-08-13 08:21:15] PASO 1.5: Consultando Tálamo para clasificación semántica...
[Tálamo] JSON inválido de Ollama: Expecting ',' delimiter: line 1 column 180 (char 179). Activando fallback.
[Tálamo] Intentando fallback cloud (openclaw)...
[Tálamo] Todos los métodos fallaron. Retornando GENERAL_TALK.
[2026-08-13 08:21:31] Tálamo → Tipo: GENERAL_TALK
[2026-08-13 08:21:31] PASO 2: Consultando al Agente Alberth...
[2026-08-13 08:21:31] Recuperando contexto de memoria persistente...
[2026-08-13 08:21:32] Memoria OK → Contexto recuperado (300 chars)
[2026-08-13 08:21:52] ERROR: Falló conexión con el agente. Usando fallback.
[2026-08-13 08:21:52] PASO 3: Generando audio de respuesta (TTS Premium edge-tts)...
[TTS-Premium] Sintetizando 94 caracteres con voz 'es-MX-JorgeNeural'...
[TTS-Premium] OK → Audio generado: alberth_voice_20260812_205912_response.mp3 (45 KB) | Voz: es-MX-JorgeNeural
[2026-08-13 08:21:55] TTS PREMIUM OK → Audio: /Users/digitalspace/.openclaw/workspace/voice_exchange/output/alberth_voice_20260812_205912_response.mp3 (edge-tts)
[2026-08-13 08:21:56] PASO 4: Reproduciendo respuesta...
[2026-08-13 08:22:06] --- PIPELINE COMPLETADO ---
[2026-08-13 08:22:06] fswatch detectó nuevo archivo: /Users/digitalspace/.openclaw/workspace/voice_exchange/input/alberth_voice_20260812_212616.wav
[2026-08-13 08:22:08] --- PIPELINE INICIADO (AUDIO): alberth_voice_20260812_212616.wav ---
[2026-08-13 08:22:08] PASO 1: Transcribiendo audio con Groq Whisper (Cloud)...
[2026-08-13 08:22:17] WARN: Groq Whisper Cloud falló (sin conexión o API error). Activando fallback local...
[2026-08-13 08:22:18] PASO 1b: Transcripción local con Whisper (modelo: base)...
[2026-08-13 08:50:40] STT LOCAL OK → Transcripción: Sí.
Sí.
Sí.
y
y
y
y
y
y
y
y
y
y
y
y
y
y
y
y
y
y
y
y
y
y
y
y
y
y
y
y
y
y
y
y
y
y
y
y
y
y
y
y
y
y
y
y
y
y
y
y
y
y
y
y
y
y
y
y
y
y
y
y
y
y
y
y
y
y
y
y
y
y
y
y
y
y
y
y
y
y
y
y
y
y
y
y
y
y
y
y
y
y
y
y
y
y
y
y
y
y
y
y
y
y
y
y
y
y
y
y
y
y
y
y
y
y
y
y
y
y
y
y
y
y
y
y
y
y
y
y
y
y
y
y
y
y
y
y
y
y
y
y
y
y
y
y
y
y
y
y
y
y
y
y
y
y
y
y
y
y
y
y
y
y
y
y
y
y
y
y
y
y
y
y
y
y
y
y
y
y
y
y
y
y
y
y
y
y
y
y
y
y
y
y
y
y
y
y
y
y
y
y
y
y
y
y
y
y
y
y
y
y
y
la empresa, el depósio, a todos ganas, las zonas que compran las comuneras a órdenas y ganas.
De ganas de ser todo ganas, todo ganas, todo ganas, todo ganas, increíblemente.
¿Por qué se llama semía?
¿Por qué se corrió el nombre de ocemía?
Era semía al principio, porque parecía ser la gente que estaba citado y le pretenía a su capital semía.
Recopentando de su ganas de un primero, hacia su capital semía,
puedes verles de las elecciones, para crear tu capital semía o para que tenga una semía,
de un que no hace que era una semía, que no está generando, era una ponera última y tengo segunda,
diez panas, o es todo que tiene ponera, vamos no voy a decir, chupamos una acápate del bar,
que te muerde la mitad de delicado, no usa un chupo de semía,
no puede estar de mirada de nada, esto fue creado por el fin de que el entrecedor, el del empresario,
le ca más clientes, nunca no es nuevo, claro, un canal no de ventas,
el cliente que quizás no conocía en el lugar, pero lo van a conocer que el videliz,
eso, esa videlización, esa es la palabra, esa es la palabra, la videlización,
una comunidad también, claro, pues crea una comunidad, la verdad, lo se vien,
La EJ es una aplicación de traos de línea, en el cual estás ahí trabajando en las aplicaciones,
como se le jane el gluar, en las vidas llamadas, estás ganando por mi, no por contenido,
independientemente lo que hago el usuario, independientemente lo que hagas tú,
tú estás ganando, por el momento solamente está disponible para mujeres,
por el momento, no está para un reny año, pero se sirve una amiga, más de novia,
mosa, flaco, de hecho, prima, tía, hermana, sobrino,
que quieras trabajar de su casa, con su teléfono, sin invertir, pues chéverez más
también la pígula por trabajar y de guán que comise a sacar plantica de la primera semana.
Les explico lo de los pagos, en la aplicación, las aplicaciones que manejamos,
tienen una metamín, por ejemplo, la aplicación de poner 26 dólares que lo mismo que tú puedes
cobrar en la semana, cobrar tú de lo que tú trabajas, sin inquietro.
Entonces, ¿qué pasa? Esa plantica, tú lo puedes ir acumulando,
si no quieres secar tu el 26, no te lo sabes, no te recomiendo que te secuen 26 dólares,
te recomiendo que con lo menos en tu primera semana, sacan de 50, 60, 70 dólares, ¿eh?
Entonces, ¿qué pasa en este, en este aspecto?
Muchas chicas, como veis que la meta, el de 26 dólares no se esfuerzan a veces para trabajar más,
sino que solamente sacan la meta, como veis que hay, la meta son 26 dólares,
o que voy a trabajar con el 26 dólares.
Y bueno, así, esa es una mentalidad muy corta, muy poca piso, yo les recomiendo que te hacen por eso 26,
pero día a día, ¿eh?
Ahora, si tú sacas 100, 100, 300, mucho más en la semana, todo loco,
la gente no hace más de la semana, sin ningún tipo de juego.
Pues yo les hablo de 100, 300, 300, 400, mucho más, no les voy a exagerar,
ya que son tantidades que chicas, si sabes sacan de la semana,
pero sí, con tiempo de edicación y constancia, ¿cuánto tiempo puedes empezar a dedicarle a la aplicativo?
Mínimo, cuatro, seis horas diarias, con esas horas, yo les acabo a 150 por ahí de la semana,
pero todo depende de cómo te acotumbres, cómo trabaja en la aplicación, qué tan fisiosa eres,
depende de muchas cositas, como más de la disciplina que de la aplicación,
porque la aplicación está ahí, la plata está ahí,
ahora, ahora, ¿qué vas a hacer tú para con tres aplicaciones que te pagan por usarlas,
con las cuales puedes empezar a ganar dinero, te saben que hay un...
Y ahora, porque sí me dio año que lo quilla de cuál freestyle,
y esto es mi top 3 de mejores momentos de lo que yo en la freestyle,
y a ver, a ver, a ver, no va a faltar el retrasado que me diga.
Ya, ya, ya, yo no sabía que no tira, había dejado el freestyle,
el que me aumentó lo que yo dejó de hacer freestyle,
me ves que era una de mis freestyle, la favorita, pero como que ella no hace freestyle.
Ya, a ver, no puedo decir que lo que yo era mi freestyle, el favorito,
porque no les puedo hacer eso a mi patria, pero sí,
sinceramente, era de mis freestyle, el favorito.
Solo que soy mexicano, no puedo hacerles con mi país.
Año de otra, vende esa más te diga.
Yo creo que yo ser freestyle, yo siento que era como ver a Romadinho
porque el real Madrid en el Camp Nou,
que me pongo de pie y de aplaudo más,
se pongo de pie y arribó todo.
Para ver, vamos a empezar con este top.
Y luego me decía que no estén no,
solo son mis momentos favoritos de lo que yo en el freestyle,
y que siento que trascendieron.
Entonces, vamos a poner dos momentos que siento que fueron históricos,
y que crearon mi historia y una gran realidad entre lo que yo iba a irtea,
a empezar lo que yo en su primer red bul internacional.
Tuve un programa de él y decían que no me decías estar ahí,
blah, blah, blah, blah, blah.
Y le tojaría en primera ronda contra la Maritea,
una Maritega que ya estaba consolidada en el movimiento,
que ya tenía un nombre,
que muchos decían obviamente Maritea no puede salir en primera ronda.
Para mí, loquillo se llevó esa batalla.
Dejan no, no es una de las mejores rimas de ese evento.
Si le tiro de las clases, clasismo.
Si le tiro de las pintas, clasismo.
Si le tiro de los sexos y machismo,
mejor la intorno, entonces,
ya puse en mate el coismo.
Y después vendría la revanche en una gol de ve internacional.
Tuve chute y Maritea serían parejas
y loquillo y letra serían parejas.
Y luego de admitir que fue una batalla muy pareja.
Barras perros.
¿Dónde serían a replicar
y la pareja de loquillo
y letra mandaría a letra,
porque le traerá alguien más experimentado.
Y la pareja de Maritea y Chutey
mandarían a Chutey por la misma razón.
Y en ese punto ya todos pensábamos
que Chutey se llevaba a la batalla y junto con Maritea
y Maritea le volvería a ganar a loquillo.
La dispara va a ir que letra se le pusiera el tú por tu a Chutey
y le sacara otra replica.
Entonces llegaría el momento
que todos estábamos esperando.
Loquillo se volvería a enfrentar a Maritea
y simplemente ese momento
fue el mágico.
Y me regalaría una de sus rimas más famosas.
Rodiosa.
Rodiosa.
Rodiosa.
Rodiosa.
Yo no te voy a negar que tú eres una diosa.
Rodiosa.
Rodiosa.
Rodiosa.
Rodiosa.
Y después en entonces dos pondrían
la gente que quiere regan.
Quiere regan.
Sinceramente yo creo que loquillo tiene un millón de mejores rimas que es.
Pero esa rima significó mucho.
Porque yo creo que el freestyle venía a desuera más aburrida.
Es una pandemia y donde los freestyle irse un pocaván mucho
en el congelánea en la Cerbara.
Y todo mundo se sería muy enuvido de un nuevo que una barmarque,
una barba fuerza.
¿Cómo lo entenderías?
¿Por qué?
Si estás leer.
Sinceramente llegó loquillo, igual que Disney.
Eso es un maje.
Y me vio a todos, no con barras, ni con punchline, sino con flow.
La gente quiere regan.
Quiere regan.
Aparte de que en ese momento sacrió uno de sus personajes más conocidos
en la comedia, el rasta cuándo.
La gente quiere regan.
Quiere regan.
Voy a darle tu suma atrás.
La gente quiere regan.
Regan.
Por último, esto uno.
Es lo que se toquen, significa que es el mejor.
Y sin duda yo dejaría ahí toda la batalla contra Valleeste.
Porque esa batalla debería estar en cuadra de cualquier museo de Valleeste.
Y es que cuando loquillo nos había demostrado que era capaz de ganarle a quien sea.
¿Cómo está ya contra una leyenda del freestyle en Colombia?
¿A contra uno de sus mayores referentes?
Creo que de su momento la de mostrar lo que es verdad es loquillo.
Esa es de que él mismo decía que envidaba mucho Valleeste.
Pero loquillo, igual que mi tío a las amigas de mi prima,
le perdió el respeto.
Se llevó la batalla contra Valleeste.
No me olvidado del campo.
Porque mucho regresa.
A mi huevo y toda me iba donde salí desplazado.
Ahora ya por loquillo, el freestyle les interesa.
Incluso a Don Ramón, a Don Pedrito y a Teresa.
¿Déjenme si les gustaría una parte de dos de esto?
Mi edad, definitivamente.
Yo sé que no soy colágeno ni tan poco.
Pero sí, algo...
Lo que acaba de hacer la cantante en que a Sorbolivia va a quedar para la historia.
Uno finaje a la cultura al polclore en los medios internacionales.
Están hablando de esto y la población que no sorprendida.
Les cuento un poco más y en un acaso bailando, encantando cabral y Bolivia.
Frente a miles de personas.
Y eso no es todo en Cochamamba de la nada.
Se ha traído su banda más.
Caso hizo historia en Bolivia.
¡Torje también!
Pero no de video de su cruciero.
Chicos, esta noticia me emociona demasiado.
Porque la hueña que dejó caso en mi país se ha vuelto un alo por internacional.
Incluso la Dinaje Tour 206 de hecho fue Bolivia.
El país se elegido para cerrar con broche de oro lo que ha sido de estágira.
Y las fechas considero un gusto con la independencia de Bolivia.
Que es el sexto agosto.
Quiero leerles este fragmentito que me puso la pierda gallina.
Una de sus pasos por las ciudades de Santa Cruz de la Sierra, la Pase Cochamamba.
Caso no solamente llenó los recientos,
sino que logró una conexión profunda con el pueblo Boliviano.
La gira empezó el 5 de agosto a la ciudad de Santa Cruz
y justo a las 12 de la noche, el 6 fue la independencia.
Entonces, caso inclusive se percabó desde detalle y medio del cruciero.
¿Y si va a pasar a las dos uvas?
¡Hey!
¡Felicidad, Bolivia!
Una de las bandas más icónicas y reconocidas en Bolivia
en Latinoamérica en los carcans.
Caso decidió hacer un ex de sus canciones y interpretarlas en vivo.
Estoy seguro que ha visto algunos fragmentitos sentitos,
permitan leerles esto.
Y el momento que definió la gira y que rápidamente se viralizó las redes sociales.
O ocurrió cuando Caso decidió rendir tributo a una de las instituciones musicales
más grandes de Bolivia, los carcans.
Hay una canción en específico que cuando Caso la canto al escuro
así como conocí en la que en el corazón, que se llaman unas que chais.
En quecho hacen las de coca.
¿Por qué les digo que de una abuela os sento ejemplo para culturos artistas?
Caso no solamente interpretó una canción en un idioma distinto
que viene a ser el quecho un idioma originario de los andes
que por cierto lo compartimos con otros países de América Latina.
Estoy viendo también muchas armenencias a menú en los comentarios
y es que en efecto todos somos hermanos latinoamericanos.
Si lo que también hizo un baile polglorico, el de los capurales
que realizó tanto en Santa Cruz como en la paz.
Si me pilla, digo que este era uno de sus sueños,
que de mí ya veía esto y lo admiraba muchísimo.
Porque nuevamente les digo la cercanía que tenemos también Bolivia con la Argentina.
Recordable es que Bolivia es del centro de Latinoamérica.
Somos frontera, pues estamos pegado con Brasil, Argentina,
Pedro, Chile, Paraguay.
Entonces Caso, al estar al norte de Argentina,
ella veía mucho esto de la cultura Bolivia.
Y es por eso justo esto veas.
Caso tenía preparado una sorpresa en mayocula que consolidaría
en la atinajetura con un hito en la historia de los conciertos internacionales
de Bolivia.
Le cantan tímito a compartir el escenario a los integrantes de los capurales de San Simon.
Una de las fraternidades folclóricas más prestigiosas y reconocidas,
nacidas precisamente en la ciudad de Cochabamba.
Algo que me encanta de toda esta noticia, chicos,
es que tenemos que recordar el nombre del tour de Caso Latinoamérica,
proyecto que representa su herencia Latina y la de muchos de nosotros
y de nuestros ancestros.
El impacto que tengo solamente en el país,
no, en la proficción internacional,
hay casos secos.
[2026-08-13 08:50:41] FILTRO: Transcripción válida → 'Sí.
Sí.
Sí.
y
y
y
y
y
y
y
y
y
y
y
y
y
y
y
y
y
y
y
y
y
y
y
y
y
y
y
y
y
y
y
y
y
y
y
y
y
y
y
y
y
y
y
y
y
y
y
y
y
y
y
y
y
y
y
y
y
y
y
y
y
y
y
y
y
y
y
y
y
y
y
y
y
y
y
y
y
y
y
y
y
y
y
y
y
y
y
y
y
y
y
y
y
y
y
y
y
y
y
y
y
y
y
y
y
y
y
y
y
y
y
y
y
y
y
y
y
y
y
y
y
y
y
y
y
y
y
y
y
y
y
y
y
y
y
y
y
y
y
y
y
y
y
y
y
y
y
y
y
y
y
y
y
y
y
y
y
y
y
y
y
y
y
y
y
y
y
y
y
y
y
y
y
y
y
y
y
y
y
y
y
y
y
y
y
y
y
y
y
y
y
y
y
y
y
y
y
y
y
y
y
y
y
y
y
y
y
y
y
y
y
la empresa, el depósio, a todos ganas, las zonas que compran las comuneras a órdenas y ganas.
De ganas de ser todo ganas, todo ganas, todo ganas, todo ganas, increíblemente.
¿Por qué se llama semía?
¿Por qué se corrió el nombre de ocemía?
Era semía al principio, porque parecía ser la gente que estaba citado y le pretenía a su capital semía.
Recopentando de su ganas de un primero, hacia su capital semía,
puedes verles de las elecciones, para crear tu capital semía o para que tenga una semía,
de un que no hace que era una semía, que no está generando, era una ponera última y tengo segunda,
diez panas, o es todo que tiene ponera, vamos no voy a decir, chupamos una acápate del bar,
que te muerde la mitad de delicado, no usa un chupo de semía,
no puede estar de mirada de nada, esto fue creado por el fin de que el entrecedor, el del empresario,
le ca más clientes, nunca no es nuevo, claro, un canal no de ventas,
el cliente que quizás no conocía en el lugar, pero lo van a conocer que el videliz,
eso, esa videlización, esa es la palabra, esa es la palabra, la videlización,
una comunidad también, claro, pues crea una comunidad, la verdad, lo se vien,
La EJ es una aplicación de traos de línea, en el cual estás ahí trabajando en las aplicaciones,
como se le jane el gluar, en las vidas llamadas, estás ganando por mi, no por contenido,
independientemente lo que hago el usuario, independientemente lo que hagas tú,
tú estás ganando, por el momento solamente está disponible para mujeres,
por el momento, no está para un reny año, pero se sirve una amiga, más de novia,
mosa, flaco, de hecho, prima, tía, hermana, sobrino,
que quieras trabajar de su casa, con su teléfono, sin invertir, pues chéverez más
también la pígula por trabajar y de guán que comise a sacar plantica de la primera semana.
Les explico lo de los pagos, en la aplicación, las aplicaciones que manejamos,
tienen una metamín, por ejemplo, la aplicación de poner 26 dólares que lo mismo que tú puedes
cobrar en la semana, cobrar tú de lo que tú trabajas, sin inquietro.
Entonces, ¿qué pasa? Esa plantica, tú lo puedes ir acumulando,
si no quieres secar tu el 26, no te lo sabes, no te recomiendo que te secuen 26 dólares,
te recomiendo que con lo menos en tu primera semana, sacan de 50, 60, 70 dólares, ¿eh?
Entonces, ¿qué pasa en este, en este aspecto?
Muchas chicas, como veis que la meta, el de 26 dólares no se esfuerzan a veces para trabajar más,
sino que solamente sacan la meta, como veis que hay, la meta son 26 dólares,
o que voy a trabajar con el 26 dólares.
Y bueno, así, esa es una mentalidad muy corta, muy poca piso, yo les recomiendo que te hacen por eso 26,
pero día a día, ¿eh?
Ahora, si tú sacas 100, 100, 300, mucho más en la semana, todo loco,
la gente no hace más de la semana, sin ningún tipo de juego.
Pues yo les hablo de 100, 300, 300, 400, mucho más, no les voy a exagerar,
ya que son tantidades que chicas, si sabes sacan de la semana,
pero sí, con tiempo de edicación y constancia, ¿cuánto tiempo puedes empezar a dedicarle a la aplicativo?
Mínimo, cuatro, seis horas diarias, con esas horas, yo les acabo a 150 por ahí de la semana,
pero todo depende de cómo te acotumbres, cómo trabaja en la aplicación, qué tan fisiosa eres,
depende de muchas cositas, como más de la disciplina que de la aplicación,
porque la aplicación está ahí, la plata está ahí,
ahora, ahora, ¿qué vas a hacer tú para con tres aplicaciones que te pagan por usarlas,
con las cuales puedes empezar a ganar dinero, te saben que hay un...
Y ahora, porque sí me dio año que lo quilla de cuál freestyle,
y esto es mi top 3 de mejores momentos de lo que yo en la freestyle,
y a ver, a ver, a ver, no va a faltar el retrasado que me diga.
Ya, ya, ya, yo no sabía que no tira, había dejado el freestyle,
el que me aumentó lo que yo dejó de hacer freestyle,
me ves que era una de mis freestyle, la favorita, pero como que ella no hace freestyle.
Ya, a ver, no puedo decir que lo que yo era mi freestyle, el favorito,
porque no les puedo hacer eso a mi patria, pero sí,
sinceramente, era de mis freestyle, el favorito.
Solo que soy mexicano, no puedo hacerles con mi país.
Año de otra, vende esa más te diga.
Yo creo que yo ser freestyle, yo siento que era como ver a Romadinho
porque el real Madrid en el Camp Nou,
que me pongo de pie y de aplaudo más,
se pongo de pie y arribó todo.
Para ver, vamos a empezar con este top.
Y luego me decía que no estén no,
solo son mis momentos favoritos de lo que yo en el freestyle,
y que siento que trascendieron.
Entonces, vamos a poner dos momentos que siento que fueron históricos,
y que crearon mi historia y una gran realidad entre lo que yo iba a irtea,
a empezar lo que yo en su primer red bul internacional.
Tuve un programa de él y decían que no me decías estar ahí,
blah, blah, blah, blah, blah.
Y le tojaría en primera ronda contra la Maritea,
una Maritega que ya estaba consolidada en el movimiento,
que ya tenía un nombre,
que muchos decían obviamente Maritea no puede salir en primera ronda.
Para mí, loquillo se llevó esa batalla.
Dejan no, no es una de las mejores rimas de ese evento.
Si le tiro de las clases, clasismo.
Si le tiro de las pintas, clasismo.
Si le tiro de los sexos y machismo,
mejor la intorno, entonces,
ya puse en mate el coismo.
Y después vendría la revanche en una gol de ve internacional.
Tuve chute y Maritea serían parejas
y loquillo y letra serían parejas.
Y luego de admitir que fue una batalla muy pareja.
Barras perros.
¿Dónde serían a replicar
y la pareja de loquillo
y letra mandaría a letra,
porque le traerá alguien más experimentado.
Y la pareja de Maritea y Chutey
mandarían a Chutey por la misma razón.
Y en ese punto ya todos pensábamos
que Chutey se llevaba a la batalla y junto con Maritea
y Maritea le volvería a ganar a loquillo.
La dispara va a ir que letra se le pusiera el tú por tu a Chutey
y le sacara otra replica.
Entonces llegaría el momento
que todos estábamos esperando.
Loquillo se volvería a enfrentar a Maritea
y simplemente ese momento
fue el mágico.
Y me regalaría una de sus rimas más famosas.
Rodiosa.
Rodiosa.
Rodiosa.
Rodiosa.
Yo no te voy a negar que tú eres una diosa.
Rodiosa.
Rodiosa.
Rodiosa.
Rodiosa.
Y después en entonces dos pondrían
la gente que quiere regan.
Quiere regan.
Sinceramente yo creo que loquillo tiene un millón de mejores rimas que es.
Pero esa rima significó mucho.
Porque yo creo que el freestyle venía a desuera más aburrida.
Es una pandemia y donde los freestyle irse un pocaván mucho
en el congelánea en la Cerbara.
Y todo mundo se sería muy enuvido de un nuevo que una barmarque,
una barba fuerza.
¿Cómo lo entenderías?
¿Por qué?
Si estás leer.
Sinceramente llegó loquillo, igual que Disney.
Eso es un maje.
Y me vio a todos, no con barras, ni con punchline, sino con flow.
La gente quiere regan.
Quiere regan.
Aparte de que en ese momento sacrió uno de sus personajes más conocidos
en la comedia, el rasta cuándo.
La gente quiere regan.
Quiere regan.
Voy a darle tu suma atrás.
La gente quiere regan.
Regan.
Por último, esto uno.
Es lo que se toquen, significa que es el mejor.
Y sin duda yo dejaría ahí toda la batalla contra Valleeste.
Porque esa batalla debería estar en cuadra de cualquier museo de Valleeste.
Y es que cuando loquillo nos había demostrado que era capaz de ganarle a quien sea.
¿Cómo está ya contra una leyenda del freestyle en Colombia?
¿A contra uno de sus mayores referentes?
Creo que de su momento la de mostrar lo que es verdad es loquillo.
Esa es de que él mismo decía que envidaba mucho Valleeste.
Pero loquillo, igual que mi tío a las amigas de mi prima,
le perdió el respeto.
Se llevó la batalla contra Valleeste.
No me olvidado del campo.
Porque mucho regresa.
A mi huevo y toda me iba donde salí desplazado.
Ahora ya por loquillo, el freestyle les interesa.
Incluso a Don Ramón, a Don Pedrito y a Teresa.
¿Déjenme si les gustaría una parte de dos de esto?
Mi edad, definitivamente.
Yo sé que no soy colágeno ni tan poco.
Pero sí, algo...
Lo que acaba de hacer la cantante en que a Sorbolivia va a quedar para la historia.
Uno finaje a la cultura al polclore en los medios internacionales.
Están hablando de esto y la población que no sorprendida.
Les cuento un poco más y en un acaso bailando, encantando cabral y Bolivia.
Frente a miles de personas.
Y eso no es todo en Cochamamba de la nada.
Se ha traído su banda más.
Caso hizo historia en Bolivia.
¡Torje también!
Pero no de video de su cruciero.
Chicos, esta noticia me emociona demasiado.
Porque la hueña que dejó caso en mi país se ha vuelto un alo por internacional.
Incluso la Dinaje Tour 206 de hecho fue Bolivia.
El país se elegido para cerrar con broche de oro lo que ha sido de estágira.
Y las fechas considero un gusto con la independencia de Bolivia.
Que es el sexto agosto.
Quiero leerles este fragmentito que me puso la pierda gallina.
Una de sus pasos por las ciudades de Santa Cruz de la Sierra, la Pase Cochamamba.
Caso no solamente llenó los recientos,
sino que logró una conexión profunda con el pueblo Boliviano.
La gira empezó el 5 de agosto a la ciudad de Santa Cruz
y justo a las 12 de la noche, el 6 fue la independencia.
Entonces, caso inclusive se percabó desde detalle y medio del cruciero.
¿Y si va a pasar a las dos uvas?
¡Hey!
¡Felicidad, Bolivia!
Una de las bandas más icónicas y reconocidas en Bolivia
en Latinoamérica en los carcans.
Caso decidió hacer un ex de sus canciones y interpretarlas en vivo.
Estoy seguro que ha visto algunos fragmentitos sentitos,
permitan leerles esto.
Y el momento que definió la gira y que rápidamente se viralizó las redes sociales.
O ocurrió cuando Caso decidió rendir tributo a una de las instituciones musicales
más grandes de Bolivia, los carcans.
Hay una canción en específico que cuando Caso la canto al escuro
así como conocí en la que en el corazón, que se llaman unas que chais.
En quecho hacen las de coca.
¿Por qué les digo que de una abuela os sento ejemplo para culturos artistas?
Caso no solamente interpretó una canción en un idioma distinto
que viene a ser el quecho un idioma originario de los andes
que por cierto lo compartimos con otros países de América Latina.
Estoy viendo también muchas armenencias a menú en los comentarios
y es que en efecto todos somos hermanos latinoamericanos.
Si lo que también hizo un baile polglorico, el de los capurales
que realizó tanto en Santa Cruz como en la paz.
Si me pilla, digo que este era uno de sus sueños,
que de mí ya veía esto y lo admiraba muchísimo.
Porque nuevamente les digo la cercanía que tenemos también Bolivia con la Argentina.
Recordable es que Bolivia es del centro de Latinoamérica.
Somos frontera, pues estamos pegado con Brasil, Argentina,
Pedro, Chile, Paraguay.
Entonces Caso, al estar al norte de Argentina,
ella veía mucho esto de la cultura Bolivia.
Y es por eso justo esto veas.
Caso tenía preparado una sorpresa en mayocula que consolidaría
en la atinajetura con un hito en la historia de los conciertos internacionales
de Bolivia.
Le cantan tímito a compartir el escenario a los integrantes de los capurales de San Simon.
Una de las fraternidades folclóricas más prestigiosas y reconocidas,
nacidas precisamente en la ciudad de Cochabamba.
Algo que me encanta de toda esta noticia, chicos,
es que tenemos que recordar el nombre del tour de Caso Latinoamérica,
proyecto que representa su herencia Latina y la de muchos de nosotros
y de nuestros ancestros.
El impacto que tengo solamente en el país,
no, en la proficción internacional,
hay casos secos.'
[2026-08-13 08:50:41] PASO 1.5: Consultando Tálamo para clasificación semántica...
[Tálamo] JSON inválido de Ollama: Expecting value: line 1 column 1 (char 0). Activando fallback.
[Tálamo] Intentando fallback cloud (openclaw)...
[Tálamo] Todos los métodos fallaron. Retornando GENERAL_TALK.
[2026-08-13 08:51:54] Tálamo → Tipo: GENERAL_TALK
[2026-08-13 08:51:54] PASO 2: Consultando al Agente Alberth...
[2026-08-13 08:51:55] Recuperando contexto de memoria persistente...
[2026-08-13 08:51:55] Memoria OK → Contexto recuperado (300 chars)
[2026-08-13 08:52:21] ERROR: Falló conexión con el agente. Usando fallback.
[2026-08-13 08:52:21] PASO 3: Generando audio de respuesta (TTS Premium edge-tts)...
[TTS-Premium] Sintetizando 94 caracteres con voz 'es-MX-JorgeNeural'...
[TTS-Premium] OK → Audio generado: alberth_voice_20260812_212616_response.mp3 (45 KB) | Voz: es-MX-JorgeNeural
[2026-08-13 08:52:25] TTS PREMIUM OK → Audio: /Users/digitalspace/.openclaw/workspace/voice_exchange/output/alberth_voice_20260812_212616_response.mp3 (edge-tts)
[2026-08-13 08:52:25] PASO 4: Reproduciendo respuesta...
[2026-08-13 08:52:35] --- PIPELINE COMPLETADO ---
[2026-08-13 08:52:35] fswatch detectó nuevo archivo: /Users/digitalspace/.openclaw/workspace/voice_exchange/input/alberth_voice_20260812_213052.wav
[2026-08-13 08:52:37] --- PIPELINE INICIADO (AUDIO): alberth_voice_20260812_213052.wav ---
[2026-08-13 08:52:37] PASO 1: Transcribiendo audio con Groq Whisper (Cloud)...
[2026-08-13 08:53:07] STT CLOUD OK → Transcripción: Thank you. Transcribe the audio. It a little bit Transcribe the audio Thank you. Thank you Transcribe the audio Transcribe the audio. Thank you Transcribe the audio Transcribe the audio. Thank you.
[2026-08-13 08:53:07] FILTRO: Transcripción válida → 'Thank you. Transcribe the audio. It a little bit Transcribe the audio Thank you. Thank you Transcribe the audio Transcribe the audio. Thank you Transcribe the audio Transcribe the audio. Thank you.'
[2026-08-13 08:53:08] PASO 1.5: Consultando Tálamo para clasificación semántica...
[Tálamo] Ollama OK → GENERAL_TALK
[2026-08-13 08:53:25] Tálamo → Tipo: GENERAL_TALK
[2026-08-13 08:53:25] PASO 2: Consultando al Agente Alberth...
[2026-08-13 08:53:26] Recuperando contexto de memoria persistente...
[2026-08-13 08:53:26] Memoria OK → Contexto recuperado (300 chars)
[2026-08-13 08:53:47] ERROR: Falló conexión con el agente. Usando fallback.
[2026-08-13 08:53:47] PASO 3: Generando audio de respuesta (TTS Premium edge-tts)...
[TTS-Premium] Sintetizando 94 caracteres con voz 'es-MX-JorgeNeural'...
[TTS-Premium] OK → Audio generado: alberth_voice_20260812_213052_response.mp3 (45 KB) | Voz: es-MX-JorgeNeural
[2026-08-13 08:53:50] TTS PREMIUM OK → Audio: /Users/digitalspace/.openclaw/workspace/voice_exchange/output/alberth_voice_20260812_213052_response.mp3 (edge-tts)
[2026-08-13 08:53:50] PASO 4: Reproduciendo respuesta...
[2026-08-13 08:54:00] --- PIPELINE COMPLETADO ---
[2026-08-13 08:54:00] fswatch detectó nuevo archivo: /Users/digitalspace/.openclaw/workspace/voice_exchange/input/alberth_voice_20260812_214516.wav
[2026-08-13 08:54:01] --- PIPELINE INICIADO (AUDIO): alberth_voice_20260812_214516.wav ---
[2026-08-13 08:54:01] PASO 1: Transcribiendo audio con Groq Whisper (Cloud)...
[2026-08-13 08:54:10] WARN: Groq Whisper Cloud falló (sin conexión o API error). Activando fallback local...
[2026-08-13 08:54:10] PASO 1b: Transcripción local con Whisper (modelo: base)...
[2026-08-13 09:07:07] STT LOCAL OK → Transcripción: ...
...
...
...
...
y
y
y
y
y
y
y
y
y
y
y
y
y
y
y
y
y
y
y
y
y
y
y
y
y
y
y
y
y
y
y
y
y
y
y
y
y
y
y
y
y
y
y
y
y
y
y
y
y
y
y
y
y
y
y
y
y
y
y
y
y
y
y
y
y
y
y
y
y
y
y
y
y
y
y
y
y
y
y
y
y
y
y
y
y
y
y
y
y
y
y
y
y
y
y
y
y
y
y
y
y
y
y
y
y
y
y
y
y
y
y
y
y
y
y
y
y
y
y
y
y
y
y
y
y
y
y
y
y
y
y
y
y
y
y
y
y
y
y
y
y
y
y
y
y
y
y
y
y
y
y
y
y
y
y
y
y
y
y
y
y
y
y
y
y
y
y
y
y
y
y
y
y
y
y
y
y
y
y
y
y
y
y
y
y
y
y
[2026-08-13 09:07:08] FILTRO: Transcripción válida → '...
...
...
...
...
y
y
y
y
y
y
y
y
y
y
y
y
y
y
y
y
y
y
y
y
y
y
y
y
y
y
y
y
y
y
y
y
y
y
y
y
y
y
y
y
y
y
y
y
y
y
y
y
y
y
y
y
y
y
y
y
y
y
y
y
y
y
y
y
y
y
y
y
y
y
y
y
y
y
y
y
y
y
y
y
y
y
y
y
y
y
y
y
y
y
y
y
y
y
y
y
y
y
y
y
y
y
y
y
y
y
y
y
y
y
y
y
y
y
y
y
y
y
y
y
y
y
y
y
y
y
y
y
y
y
y
y
y
y
y
y
y
y
y
y
y
y
y
y
y
y
y
y
y
y
y
y
y
y
y
y
y
y
y
y
y
y
y
y
y
y
y
y
y
y
y
y
y
y
y
y
y
y
y
y
y
y
y
y
y
y
y'
[2026-08-13 09:07:08] PASO 1.5: Consultando Tálamo para clasificación semántica...
[Tálamo] Ollama OK → FINANCE_TICKER
[2026-08-13 09:07:37] Tálamo → Tipo: FINANCE_TICKER
[2026-08-13 09:07:38] Tálamo → Enrutando a FINANCE HELPER...
[2026-08-13 09:07:40] FINANCE OK → No pude obtener datos de Yahoo Finance para: ...
[TTS-Premium] Sintetizando 48 caracteres con voz 'es-MX-JorgeNeural'...
[TTS-Premium] OK → Audio generado: alberth_voice_20260812_214516_response.mp3 (21 KB) | Voz: es-MX-JorgeNeural
[2026-08-13 09:07:43] --- PIPELINE COMPLETADO (FINANCE) ---
[2026-08-13 09:07:43] fswatch detectó nuevo archivo: /Users/digitalspace/.openclaw/workspace/voice_exchange/input/alberth_voice_20260812_222523.wav
[2026-08-13 09:07:44] --- PIPELINE INICIADO (AUDIO): alberth_voice_20260812_222523.wav ---
[2026-08-13 09:07:44] PASO 1: Transcribiendo audio con Groq Whisper (Cloud)...
[2026-08-13 09:07:58] WARN: Groq Whisper Cloud falló (sin conexión o API error). Activando fallback local...
[2026-08-13 09:07:58] PASO 1b: Transcripción local con Whisper (modelo: base)...
[2026-08-13 09:46:15] STT LOCAL OK → Transcripción: y
y
y
y
y
y
y
y
y
y
y
y
y
y
y
y
y
y
y
y
y
y
y
y
y
y
y
y
y
y
y
y
y
y
y
y
y
y
y
y
y
y
y
y
y
y
y
y
y
y
y
y
y
y
y
y
y
y
y
y
y
y
y
y
y
y
y
y
y
y
y
y
y
y
y
y
y
y
y
y
y
y
y
y
y
y
y
y
y
y
y
y
y
y
y
y
y
y
y
y
y
y
y
y
y
y
y
y
y
y
y
y
y
y
y
y
y
y
y
y
y
y
y
y
y
y
y
y
y
y
y
y
y
y
y
y
y
y
y
y
y
y
y
y
y
y
y
y
y
y
y
y
y
y
y
y
y
y
y
y
y
y
y
y
y
y
y
y
y
y
y
y
y
y
y
y
y
y
y
y
y
y
y
y
y
y
y
y
y
y
y
y
y
y
y
y
y
y
y
y
y
y
y
y
y
y
y
y
y
y
y
y
y
y
y
y
y
y
y
y
y
y
y
y
y
y
y
y
y
y
y
y
y
y
y
y
y
y
y
y
y
y
y
y
y
y
y
y
y
y
y
y
y
y
y
y
y
y
y
y
y
y
y
y
y
y
y
y
y
y
y
y
y
y
y
y
y
y
y
y
y
y
y
y
y
y
y
y
y
y
y
y
y
y
y
y
y
y
y
y
y
y
y
y
y
y
y
y
y
y
y
y
y
y
y
y
y
y
y
y
y
y
y
y
y
y
y
y
y
y
y
y
y
y
y
y
y
y
y
y
y
y
y
y
y
y
y
y
y
y
y
y
y
y
y
y
y
y
y
y
y
y
y
y
y
y
y
y
y
y
y
y
y
y
y
y
y
y
y
y
y
y
y
y
y
y
y
y
y
y
y
y
y
y
y
y
y
y
y
y
y
y
y
y
y
y
y
y
y
y
y
y
y
y
y
y
y
y
y
y
y
y
y
y
y
y
y
y
y
y
y
y
y
y
y
y
y
y
y
y
y
y
y
y
y
y
y
y
y
y
y
y
y
y
y
y
y
y
y
y
y
y
y
y
y
y
y
y
y
y
y
y
y
y
y
y
y
y
y
y
y
y
y
y
y
y
y
y
y
y
y
y
y
y
y
y
y
y
y
y
y
y
y
y
y
y
y
y
y
y
y
y
y
y
y
y
y
y
y
y
y
y
y
y
y
y
y
y
y
y
y
y
y
y
y
y
y
y
y
y
y
y
y
y
y
y
y
y
y
y
y
y
y
y
y
y
y
y
y
y
y
y
y
y
y
y
y
y
y
y
y
y
y
y
y
y
y
y
y
y
y
y
y
y
y
y
y
y
y
y
y
y
y
y
y
y
y
y
y
y
y
y
y
y
y
y
y
y
y
y
y
y
y
y
y
y
y
y
y
y
y
y
y
y
y
y
y
y
y
y
y
y
y
y
y
y
y
y
y
y
y
y
y
y
y
y
y
y
y
y
y
y
y
y
y
y
y
y
y
y
y
y
y
y
y
y
y
y
y
y
y
y
y
y
y
y
y
y
y
y
y
y
y
y
y
y
y
y
y
y
y
y
y
y
y
y
y
y
y
y
y
y
y
y
y
y
y
y
y
y
y
y
y
y
y
y
y
y
y
y
y
y
y
y
y
y
y
y
y
y
y
y
y
y
y
y
y
y
y
y
y
y
y
y
y
y
y
y
y
y
y
y
y
y
y
y
y
y
y
y
y
y
y
y
y
y
y
y
y
y
y
y
y
y
y
y
y
y
y
y
y
y
y
y
y
y
y
y
y
y
y
y
y
y
y
y
y
y
y
y
y
y
y
y
y
y
y
y
y
y
y
y
y
y
y
y
y
y
y
y
y
y
y
y
y
y
y
y
y
y
y
y
y
y
y
y
y
y
y
y
y
y
y
y
y
y
y
y
y
y
y
y
y
y
y
y
y
y
y
y
y
y
y
y
y
y
y
y
y
y
y
y
y
y
y
y
y
y
y
y
y
y
y
y
y
y
y
y
y
y
y
y
y
y
y
y
y
y
y
y
y
y
y
y
y
y
y
y
y
y
y
y
y
y
y
y
y
y
y
y
y
y
y
y
y
y
y
y
y
y
y
y
y
y
y
y
y
y
y
y
y
y
y
y
y
y
y
y
y
y
y
y
y
y
y
y
y
y
y
y
y
y
y
y
y
y
y
y
y
y
y
y
y
y
y
y
y
y
y
y
y
y
y
y
y
y
y
no, esto, esto es modelo, son así
bueno bueno, ya, después yo te hago cambiarla para que cuando te sale
alguna de dos o tres rayas más, ya, ahí ya veo como te comprolo
como, limpas de la mafia
je je, je
un litter no filmó esto aquí
no, no, no ma mietas, Ese es con el teléfono tu
[2026-08-13 09:46:16] FILTRO: Transcripción válida → 'y
y
y
y
y
y
y
y
y
y
y
y
y
y
y
y
y
y
y
y
y
y
y
y
y
y
y
y
y
y
y
y
y
y
y
y
y
y
y
y
y
y
y
y
y
y
y
y
y
y
y
y
y
y
y
y
y
y
y
y
y
y
y
y
y
y
y
y
y
y
y
y
y
y
y
y
y
y
y
y
y
y
y
y
y
y
y
y
y
y
y
y
y
y
y
y
y
y
y
y
y
y
y
y
y
y
y
y
y
y
y
y
y
y
y
y
y
y
y
y
y
y
y
y
y
y
y
y
y
y
y
y
y
y
y
y
y
y
y
y
y
y
y
y
y
y
y
y
y
y
y
y
y
y
y
y
y
y
y
y
y
y
y
y
y
y
y
y
y
y
y
y
y
y
y
y
y
y
y
y
y
y
y
y
y
y
y
y
y
y
y
y
y
y
y
y
y
y
y
y
y
y
y
y
y
y
y
y
y
y
y
y
y
y
y
y
y
y
y
y
y
y
y
y
y
y
y
y
y
y
y
y
y
y
y
y
y
y
y
y
y
y
y
y
y
y
y
y
y
y
y
y
y
y
y
y
y
y
y
y
y
y
y
y
y
y
y
y
y
y
y
y
y
y
y
y
y
y
y
y
y
y
y
y
y
y
y
y
y
y
y
y
y
y
y
y
y
y
y
y
y
y
y
y
y
y
y
y
y
y
y
y
y
y
y
y
y
y
y
y
y
y
y
y
y
y
y
y
y
y
y
y
y
y
y
y
y
y
y
y
y
y
y
y
y
y
y
y
y
y
y
y
y
y
y
y
y
y
y
y
y
y
y
y
y
y
y
y
y
y
y
y
y
y
y
y
y
y
y
y
y
y
y
y
y
y
y
y
y
y
y
y
y
y
y
y
y
y
y
y
y
y
y
y
y
y
y
y
y
y
y
y
y
y
y
y
y
y
y
y
y
y
y
y
y
y
y
y
y
y
y
y
y
y
y
y
y
y
y
y
y
y
y
y
y
y
y
y
y
y
y
y
y
y
y
y
y
y
y
y
y
y
y
y
y
y
y
y
y
y
y
y
y
y
y
y
y
y
y
y
y
y
y
y
y
y
y
y
y
y
y
y
y
y
y
y
y
y
y
y
y
y
y
y
y
y
y
y
y
y
y
y
y
y
y
y
y
y
y
y
y
y
y
y
y
y
y
y
y
y
y
y
y
y
y
y
y
y
y
y
y
y
y
y
y
y
y
y
y
y
y
y
y
y
y
y
y
y
y
y
y
y
y
y
y
y
y
y
y
y
y
y
y
y
y
y
y
y
y
y
y
y
y
y
y
y
y
y
y
y
y
y
y
y
y
y
y
y
y
y
y
y
y
y
y
y
y
y
y
y
y
y
y
y
y
y
y
y
y
y
y
y
y
y
y
y
y
y
y
y
y
y
y
y
y
y
y
y
y
y
y
y
y
y
y
y
y
y
y
y
y
y
y
y
y
y
y
y
y
y
y
y
y
y
y
y
y
y
y
y
y
y
y
y
y
y
y
y
y
y
y
y
y
y
y
y
y
y
y
y
y
y
y
y
y
y
y
y
y
y
y
y
y
y
y
y
y
y
y
y
y
y
y
y
y
y
y
y
y
y
y
y
y
y
y
y
y
y
y
y
y
y
y
y
y
y
y
y
y
y
y
y
y
y
y
y
y
y
y
y
y
y
y
y
y
y
y
y
y
y
y
y
y
y
y
y
y
y
y
y
y
y
y
y
y
y
y
y
y
y
y
y
y
y
y
y
y
y
y
y
y
y
y
y
y
y
y
y
y
y
y
y
y
y
y
y
y
y
y
y
y
y
y
y
y
y
y
y
y
y
y
y
y
y
y
y
y
y
y
y
y
y
y
y
y
y
y
y
y
y
y
y
y
y
y
y
y
y
y
y
y
y
y
y
y
y
y
y
y
y
y
y
y
y
y
y
y
y
y
y
y
y
y
y
y
y
y
y
y
y
y
y
y
y
y
y
y
y
y
y
y
y
y
y
y
y
y
y
y
y
y
y
y
y
y
y
y
y
y
y
y
y
y
y
y
y
y
y
y
y
y
y
y
y
y
y
y
y
y
y
y
y
y
y
y
y
y
y
y
y
y
y
y
y
y
y
y
y
y
y
y
y
y
y
y
y
y
y
y
y
y
y
y
y
y
y
y
y
y
y
y
y
y
y
y
y
y
y
y
y
y
y
y
y
y
y
y
no, esto, esto es modelo, son así
bueno bueno, ya, después yo te hago cambiarla para que cuando te sale
alguna de dos o tres rayas más, ya, ahí ya veo como te comprolo
como, limpas de la mafia
je je, je
un litter no filmó esto aquí
no, no, no ma mietas, Ese es con el teléfono tu'
[2026-08-13 09:46:16] PASO 1.5: Consultando Tálamo para clasificación semántica...
[Tálamo] Ollama OK → GENERAL_TALK
[2026-08-13 09:47:27] Tálamo → Tipo: GENERAL_TALK
[2026-08-13 09:47:27] PASO 2: Consultando al Agente Alberth...
[2026-08-13 09:47:27] Recuperando contexto de memoria persistente...
[2026-08-13 09:47:29] Memoria OK → Contexto recuperado (300 chars)
[2026-08-13 09:47:55] ERROR: Falló conexión con el agente. Usando fallback.
[2026-08-13 09:47:55] PASO 3: Generando audio de respuesta (TTS Premium edge-tts)...
[TTS-Premium] Sintetizando 94 caracteres con voz 'es-MX-JorgeNeural'...
[TTS-Premium] OK → Audio generado: alberth_voice_20260812_222523_response.mp3 (45 KB) | Voz: es-MX-JorgeNeural
[2026-08-13 09:48:00] TTS PREMIUM OK → Audio: /Users/digitalspace/.openclaw/workspace/voice_exchange/output/alberth_voice_20260812_222523_response.mp3 (edge-tts)
[2026-08-13 09:48:00] PASO 4: Reproduciendo respuesta...
[2026-08-13 09:48:10] --- PIPELINE COMPLETADO ---
[2026-08-13 09:48:10] fswatch detectó nuevo archivo: /Users/digitalspace/.openclaw/workspace/voice_exchange/input/alberth_voice_20260812_224434.wav
[2026-08-13 09:48:11] --- PIPELINE INICIADO (AUDIO): alberth_voice_20260812_224434.wav ---
[2026-08-13 09:48:11] PASO 1: Transcribiendo audio con Groq Whisper (Cloud)...
[2026-08-13 09:48:26] WARN: Groq Whisper Cloud falló (sin conexión o API error). Activando fallback local...
[2026-08-13 09:48:26] PASO 1b: Transcripción local con Whisper (modelo: base)...
[2026-08-13 13:17:08] STT LOCAL OK → Transcripción: Yo ya me dan a hacerle daño el teléfono. O sea, le sale una línea. Es que en la oficina
también a todos los que compraron el mismo modelo, sí, le sale una línea. Ya viene, eso
es todo eso de ese modelo teléfono de haber venido con esa oficina. ¿Y escobe si te quedaste
hablando? Porque ya sabéis para el maño. Claro, sí.
Yo ya sabéis para el maño, yo sabéis para el maño, yo sabéis para el maño, yo sabéis
para el maño.
Yo sabéis para el maño, yo sabéis para el maño, yo sabéis para el maño, yo sabéis
para el maño.
Yo ya sabéis para el maño, yo sabéis para el maño, yo sabéis para el maño, yo sabéis
¡Ahí ya!
Gracias, gracias.
ratos
Primero, vamos a aprovechar el paro.
Si la ktoś estáлас.
Alteramos la noche que…
Las manos ¿Te le Kosmaru
de parte de padres
y
pero quién fue?
Mare guión Què fue?
Allí?
Era vag esperando我覺得 muy
bien zostaalед
con todo esto
fijátela
peroНет
te vas para teletransmitir a la mapped f Karena le he quedado desarrollo vгляд
que cambian.
poolar,
fumando con Arbeitsmann para?,
uire ¡ésos!
Sindos
Gamero
y
y
y
y
y
y
y
y
y
y
y
y
y
y
y
y
y
y
y
y
y
y
y
y
y
y
y
y
y
y
y
y
y
y
y
y
y
y
y
y
y
y
y
y
y
y
y
y
y
y
y
y
y
y
y
y
y
y
y
[2026-08-13 13:17:09] FILTRO: Transcripción válida → 'Yo ya me dan a hacerle daño el teléfono. O sea, le sale una línea. Es que en la oficina
también a todos los que compraron el mismo modelo, sí, le sale una línea. Ya viene, eso
es todo eso de ese modelo teléfono de haber venido con esa oficina. ¿Y escobe si te quedaste
hablando? Porque ya sabéis para el maño. Claro, sí.
Yo ya sabéis para el maño, yo sabéis para el maño, yo sabéis para el maño, yo sabéis
para el maño.
Yo sabéis para el maño, yo sabéis para el maño, yo sabéis para el maño, yo sabéis
para el maño.
Yo ya sabéis para el maño, yo sabéis para el maño, yo sabéis para el maño, yo sabéis
¡Ahí ya!
Gracias, gracias.
ratos
Primero, vamos a aprovechar el paro.
Si la ktoś estáлас.
Alteramos la noche que…
Las manos ¿Te le Kosmaru
de parte de padres
y
pero quién fue?
Mare guión Què fue?
Allí?
Era vag esperando我覺得 muy
bien zostaalед
con todo esto
fijátela
peroНет
te vas para teletransmitir a la mapped f Karena le he quedado desarrollo vгляд
que cambian.
poolar,
fumando con Arbeitsmann para?,
uire ¡ésos!
Sindos
Gamero
y
y
y
y
y
y
y
y
y
y
y
y
y
y
y
y
y
y
y
y
y
y
y
y
y
y
y
y
y
y
y
y
y
y
y
y
y
y
y
y
y
y
y
y
y
y
y
y
y
y
y
y
y
y
y
y
y
y
y'
[2026-08-13 13:17:09] PASO 1.5: Consultando Tálamo para clasificación semántica...
[Tálamo] Ollama OK → GENERAL_TALK
[2026-08-13 13:17:52] Tálamo → Tipo: GENERAL_TALK
[2026-08-13 13:17:52] PASO 2: Consultando al Agente Alberth...
[2026-08-13 13:17:52] Recuperando contexto de memoria persistente...
[2026-08-13 13:17:53] Memoria OK → Contexto recuperado (300 chars)
[2026-08-13 13:18:20] ERROR: Falló conexión con el agente. Usando fallback.
[2026-08-13 13:18:20] PASO 3: Generando audio de respuesta (TTS Premium edge-tts)...
[TTS-Premium] Sintetizando 94 caracteres con voz 'es-MX-JorgeNeural'...
[TTS-Premium] OK → Audio generado: alberth_voice_20260812_224434_response.mp3 (45 KB) | Voz: es-MX-JorgeNeural
[2026-08-13 13:18:24] TTS PREMIUM OK → Audio: /Users/digitalspace/.openclaw/workspace/voice_exchange/output/alberth_voice_20260812_224434_response.mp3 (edge-tts)
[2026-08-13 13:18:24] PASO 4: Reproduciendo respuesta...
[2026-08-13 13:18:35] --- PIPELINE COMPLETADO ---
[2026-08-13 13:18:35] fswatch detectó nuevo archivo: /Users/digitalspace/.openclaw/workspace/voice_exchange/input/alberth_voice_20260812_224627.wav
[2026-08-13 13:18:37] --- PIPELINE INICIADO (AUDIO): alberth_voice_20260812_224627.wav ---
[2026-08-13 13:18:37] PASO 1: Transcribiendo audio con Groq Whisper (Cloud)...
[2026-08-13 13:18:52] STT CLOUD OK → Transcripción: Thank you. Transcribe the audio. Transcribe the audio. Thank you.
[2026-08-13 13:18:52] FILTRO: Transcripción válida → 'Thank you. Transcribe the audio. Transcribe the audio. Thank you.'
[2026-08-13 13:18:52] PASO 1.5: Consultando Tálamo para clasificación semántica...
[Tálamo] Ollama OK → GENERAL_TALK
[2026-08-13 13:18:56] Tálamo → Tipo: GENERAL_TALK
[2026-08-13 13:18:56] PASO 2: Consultando al Agente Alberth...
[2026-08-13 13:18:56] Recuperando contexto de memoria persistente...
[2026-08-13 13:18:57] Memoria OK → Contexto recuperado (300 chars)
[2026-08-13 13:19:11] ERROR: Falló conexión con el agente. Usando fallback.
[2026-08-13 13:19:11] PASO 3: Generando audio de respuesta (TTS Premium edge-tts)...
[TTS-Premium] Sintetizando 94 caracteres con voz 'es-MX-JorgeNeural'...
[TTS-Premium] OK → Audio generado: alberth_voice_20260812_224627_response.mp3 (45 KB) | Voz: es-MX-JorgeNeural
[2026-08-13 13:19:13] TTS PREMIUM OK → Audio: /Users/digitalspace/.openclaw/workspace/voice_exchange/output/alberth_voice_20260812_224627_response.mp3 (edge-tts)
[2026-08-13 13:19:13] PASO 4: Reproduciendo respuesta...
[2026-08-13 13:19:23] --- PIPELINE COMPLETADO ---
[2026-08-13 13:19:23] fswatch detectó nuevo archivo: /Users/digitalspace/.openclaw/workspace/voice_exchange/input/alberth_voice_20260812_231059.wav
[2026-08-13 13:19:25] --- PIPELINE INICIADO (AUDIO): alberth_voice_20260812_231059.wav ---
[2026-08-13 13:19:25] PASO 1: Transcribiendo audio con Groq Whisper (Cloud)...
[2026-08-13 13:19:32] WARN: Groq Whisper Cloud falló (sin conexión o API error). Activando fallback local...
[2026-08-13 13:19:32] PASO 1b: Transcripción local con Whisper (modelo: base)...
